Iteration	Posterior	Likelihood	Prior	rate_log_sd	rate_neo	root_freqs[1]	root_freqs[2]	tree_length
0	-2126.398	-2281.317	154.9185	1.07273	0.3998115	0.538668	0.461332	3.005285
6	-2123.987	-2279.633	155.6452	1.243327	0.3465341	0.538668	0.461332	2.523069
12	-2125.54	-2281.266	155.726	1.322828	0.3438168	0.603479	0.396521	2.426223
18	-2130.292	-2282.803	152.5111	0.9505728	0.3617161	0.612999	0.387001	4.511139
24	-2141.385	-2295.089	153.7034	1.044017	0.2154718	0.604423	0.395577	3.982307
30	-2131.339	-2285.991	154.6524	1.225721	0.3707061	0.589609	0.410391	3.107359
36	-2141.451	-2295.749	154.2983	1.211226	0.4239508	0.688297	0.311703	3.264752
42	-2132.355	-2286.883	154.5279	1.243878	0.359685	0.534325	0.465675	3.183992
48	-2125.615	-2280.095	154.4802	1.253878	0.4695698	0.649423	0.350577	3.083034
54	-2130.321	-2283.705	153.3844	0.8810985	0.3183786	0.571824	0.428176	4.109143
60	-2138.309	-2291.077	152.7681	0.8793669	0.3769314	0.571824	0.428176	4.389048
66	-2143.443	-2295.784	152.341	0.9763054	0.3636288	0.491872	0.508128	4.590046
72	-2141.941	-2294.769	152.8281	0.9763054	0.274583	0.639645	0.360355	4.428579
78	-2147.318	-2299.234	151.9157	0.7769053	0.4503394	0.625361	0.374639	4.846826
84	-2150.732	-2304.15	153.4176	1.030519	0.5062499	0.591051	0.408949	3.799683
90	-2146.473	-2300.038	153.565	1.073486	0.4213547	0.597753	0.402247	3.77531
96	-2136.795	-2290.635	153.84	1.302652	0.4398929	0.597753	0.402247	3.463076
102	-2131.621	-2285.981	154.3592	1.09908	0.2874055	0.665813	0.334187	3.463076
108	-2142.835	-2294.806	151.9701	1.071878	0.3565443	0.546528	0.453472	4.752366
114	-2138.018	-2289.825	151.8066	0.8135377	0.3565443	0.626827	0.373173	4.987439
120	-2129.547	-2281.279	151.7323	0.9315841	0.2185891	0.656988	0.343012	5.148013
126	-2144.668	-2297.008	152.3392	0.8947812	0.2973246	0.500888	0.499112	4.718086
132	-2131.485	-2284.505	153.0197	1.006673	0.2973246	0.634796	0.365204	4.272304
138	-2130.762	-2282.45	151.688	0.9648379	0.3578268	0.626572	0.373428	4.967796
144	-2140.915	-2292.787	151.8718	0.9876318	0.5448144	0.602858	0.397142	4.665904
150	-2136.038	-2287.491	151.4536	0.7496411	0.2769154	0.61094	0.38906	5.317785
156	-2147.913	-2298.643	150.7304	1.049393	0.4471165	0.685665	0.314335	5.356094
162	-2138.608	-2289.764	151.1561	0.9045292	0.3267749	0.580711	0.419289	5.332541
168	-2145.303	-2297.087	151.7844	0.9045547	0.3286976	0.779125	0.220875	4.982286
174	-2132.355	-2285.482	153.1269	0.8519265	0.3156357	0.652691	0.347309	4.275385
180	-2133.323	-2285.731	152.4082	1.111996	0.3563204	0.590509	0.409491	4.484498
186	-2134.916	-2288.9	153.9841	1.194909	0.2859489	0.691215	0.308785	3.627697
192	-2157.917	-2312.602	154.6846	1.152758	0.3093511	0.47694	0.52306	3.209924
198	-2128.248	-2283.579	155.331	1.32795	0.3223657	0.675206	0.324794	2.697494
204	-2126.415	-2280.387	153.9718	1.18026	0.3223657	0.68161	0.31839	3.594504
210	-2132.295	-2285.785	153.4897	1.18026	0.3869906	0.549152	0.450848	3.795114
216	-2134.814	-2288.149	153.3354	1.200685	0.3869906	0.716898	0.283102	3.87211
222	-2131.102	-2285.043	153.9415	1.217646	0.4279535	0.605652	0.394348	3.466181
228	-2137.913	-2292	154.0876	1.217646	0.2839599	0.627575	0.372425	3.557144
234	-2130.857	-2284.09	153.233	1.217646	0.5811979	0.627575	0.372425	3.73082
240	-2132.835	-2287.12	154.2857	1.095986	0.3457459	0.55295	0.44705	3.430986
246	-2139.682	-2291.4	151.7179	1.081878	0.2642659	0.694304	0.305696	5.004918
252	-2138.001	-2290.116	152.1154	1.095458	0.3369747	0.694304	0.305696	4.681126
258	-2143.738	-2296.322	152.5846	1.101557	0.2216871	0.716239	0.283761	4.573346
264	-2130.528	-2284.773	154.2445	1.101557	0.3584241	0.628578	0.371422	3.436277
270	-2143.64	-2297.813	154.1729	1.13089	0.3553405	0.608292	0.391708	3.464755
276	-2133.197	-2286.668	153.4715	1.009107	0.2876736	0.586323	0.413677	4.027051
282	-2134.03	-2287.878	153.8484	0.9791396	0.4645471	0.586323	0.413677	3.621126
288	-2132.379	-2285.873	153.4943	1.132627	0.4799247	0.703827	0.296173	3.721911
294	-2123.251	-2277.223	153.9723	1.048044	0.2471635	0.588893	0.411107	3.775776
300	-2119.437	-2272.403	152.9658	1.0243	0.3680763	0.606451	0.393549	4.205323
306	-2146.513	-2300.787	154.274	1.219965	0.4568774	0.663908	0.336092	3.23884
312	-2132.769	-2286.95	154.1806	1.256089	0.490195	0.666475	0.333525	3.23884
318	-2148.613	-2303.593	154.9801	1.386983	0.4977172	0.419141	0.580859	2.670985
324	-2128.615	-2283.957	155.3422	1.455597	0.6164572	0.604219	0.395781	2.286839
330	-2138.51	-2293.339	154.8284	1.521024	0.6620209	0.617896	0.382104	2.52982
336	-2140.174	-2295.811	155.6374	1.311896	0.43575	0.489771	0.510229	2.37492
342	-2137.733	-2293.596	155.8633	1.31451	0.3895248	0.68402	0.31598	2.285025
348	-2130.189	-2285.582	155.3925	1.221718	0.4460315	0.515953	0.484047	2.573336
354	-2147.125	-2299.772	152.6473	1.120551	0.2229233	0.710224	0.289776	4.525457
360	-2123.609	-2278.881	155.2714	1.202098	0.3214048	0.603946	0.396054	2.81209
366	-2129.257	-2283.903	154.646	1.269178	0.5243022	0.603946	0.396054	2.919846
372	-2128.703	-2282.441	153.7384	1.294307	0.2415762	0.446285	0.553715	3.777193
378	-2128.008	-2282.056	154.0479	1.194581	0.3517892	0.55207	0.44793	3.50489
384	-2121	-2276.604	155.6044	1.251632	0.3257688	0.573471	0.426529	2.57125
390	-2142.546	-2297.436	154.8899	1.468003	0.4977293	0.59273	0.40727	2.676631
396	-2131.073	-2286.522	155.4491	1.292569	0.3009524	0.590627	0.409373	2.676631
402	-2146.945	-2302.654	155.709	1.270274	0.3594829	0.586998	0.413002	2.449261
408	-2135.062	-2289.102	154.0395	1.291152	0.2786693	0.605532	0.394468	3.549819
414	-2133.621	-2288.192	154.5713	1.291152	0.2595473	0.605532	0.394468	3.26614
420	-2126.547	-2282.119	155.5718	1.267442	0.4150408	0.576955	0.423045	2.468403
426	-2130.991	-2285.559	154.5679	1.252854	0.4788664	0.748312	0.251688	3.021715
432	-2127.125	-2279.937	152.8113	1.252854	0.5559156	0.592158	0.407842	3.974801
438	-2126.377	-2280.304	153.9272	1.124088	0.4989563	0.665951	0.334049	3.456852
444	-2137.831	-2292.988	155.157	1.446424	0.2937266	0.528044	0.471956	2.771664
450	-2133.12	-2289.333	156.2133	1.446424	0.6046823	0.645435	0.354565	1.72267
456	-2132.629	-2288.758	156.1288	1.373701	0.4219495	0.645435	0.354565	2.033364
462	-2121.878	-2277.441	155.5634	1.226179	0.390266	0.664348	0.335652	2.529142
468	-2126.46	-2280.505	154.0443	1.092283	0.4657898	0.63777	0.36223	3.439816
474	-2126.404	-2281.112	154.7084	1.092283	0.3302102	0.627333	0.372667	3.204026
480	-2127.455	-2280.938	153.4839	1.092639	0.3448864	0.627653	0.372347	3.898312
486	-2131.398	-2286.111	154.7133	1.182323	0.2727234	0.573199	0.426801	3.226999
492	-2129.758	-2284.608	154.8498	1.204126	0.316248	0.566146	0.433854	3.071822
498	-2137.163	-2291.355	154.1927	1.131524	0.3802332	0.668786	0.331214	3.423102
504	-2139.841	-2293.915	154.074	1.137803	0.4394734	0.520997	0.479003	3.423102
510	-2133.807	-2285.649	151.8417	1.017083	0.4536155	0.478656	0.521344	4.750827
516	-2133.263	-2285.207	151.9441	1.048278	0.3798531	0.616653	0.383347	4.75359
522	-2132.442	-2287.631	155.1885	1.489157	0.3391735	0.695691	0.304309	2.663435
528	-2146.727	-2301.011	154.2839	1.339392	0.3397102	0.561381	0.438619	3.296664
534	-2128.47	-2282.82	154.35	1.224438	0.3629498	0.65853	0.34147	3.296664
540	-2141.394	-2295.618	154.2232	1.339316	0.2274018	0.511901	0.488099	3.49235
546	-2138.399	-2291.689	153.2895	1.174258	0.3117398	0.562545	0.437455	4.004624
552	-2126.87	-2280.133	153.2631	0.969142	0.424908	0.583615	0.416385	4.004624
558	-2135.686	-2289.477	153.7916	1.199535	0.2754074	0.591062	0.408938	3.751155
564	-2152.469	-2307.061	154.5927	1.065777	0.291254	0.613568	0.386432	3.340382
570	-2137.84	-2291.919	154.0784	1.106111	0.409728	0.571119	0.428881	3.471236
576	-2129.428	-2282.624	153.1957	1.021224	0.409728	0.633785	0.366215	4.029654
582	-2140.538	-2292.795	152.2574	1.239603	0.5364334	0.527602	0.472398	4.314532
588	-2134.439	-2288.455	154.0162	1.299643	0.634161	0.447648	0.552352	3.180185
594	-2143.858	-2298.245	154.3874	1.299643	0.4055469	0.447648	0.552352	3.180185
600	-2125.291	-2280.033	154.7417	1.060023	0.3177228	0.519132	0.480868	3.219826
606	-2138.672	-2293.912	155.2403	1.300375	0.4040192	0.745969	0.254031	2.666792
612	-2133.882	-2289.328	155.4463	1.191666	0.3552975	0.680095	0.319905	2.666792
618	-2126.965	-2280.12	153.1549	0.988541	0.3552975	0.585378	0.414622	4.133145
624	-2132.846	-2285.862	153.0164	0.9296211	0.4586376	0.601931	0.398069	4.133145
630	-2125.004	-2276.696	151.6913	0.8506701	0.4546808	0.575263	0.424737	4.92648
636	-2125.318	-2277.245	151.9275	0.79522	0.3599276	0.575263	0.424737	4.92648
642	-2134.787	-2286.894	152.1067	1.063242	0.3648733	0.690201	0.309799	4.671184
648	-2129.235	-2282.792	153.557	1.21019	0.293818	0.626939	0.373061	3.854575
654	-2126.709	-2279.593	152.8841	0.9768535	0.3340961	0.640877	0.359123	4.318956
660	-2140.888	-2293.228	152.3393	0.9368116	0.301004	0.63499	0.36501	4.68973
666	-2123.521	-2276.394	152.8735	0.9368116	0.3558289	0.731145	0.268855	4.321416
672	-2122.561	-2277.01	154.4485	1.000688	0.4014465	0.621731	0.378269	3.32537
678	-2124.062	-2278.706	154.6441	1.067628	0.4130501	0.565431	0.434569	3.157074
684	-2140.175	-2293.995	153.8205	1.140257	0.4911231	0.627254	0.372746	3.517286
690	-2144.248	-2299.078	154.8304	1.084911	0.437394	0.605054	0.394946	3.008683
696	-2140.232	-2294.035	153.8033	1.122052	0.4317684	0.576345	0.423655	3.598306
702	-2134.523	-2288.098	153.5748	1.12152	0.3864906	0.538763	0.461237	3.780516
708	-2131.66	-2284.671	153.0104	1.268207	0.3481576	0.521371	0.478629	4.064706
714	-2128.481	-2282.931	154.4503	1.356085	0.5072618	0.717427	0.282573	3.001905
720	-2125.685	-2280.274	154.5896	1.256682	0.3162024	0.631955	0.368045	3.195452
726	-2135.113	-2289.801	154.6872	1.254875	0.3831706	0.483658	0.516342	3.054237
732	-2132.37	-2285.625	153.2548	1.106004	0.3659888	0.621355	0.378645	3.996628
738	-2131.155	-2285.535	154.3795	1.103663	0.3880534	0.678813	0.321187	3.320665
744	-2128.878	-2279.864	150.9855	0.8781793	0.3880534	0.618231	0.381769	5.370818
750	-2123.08	-2273.988	150.9081	1.000283	0.2785623	0.588962	0.411038	5.478015
756	-2120.734	-2274.055	153.3212	1.036864	0.4029679	0.667567	0.332433	3.956312
762	-2136.167	-2289.704	153.5367	1.004766	0.2379341	0.603556	0.396444	4.064293
768	-2124.991	-2278.802	153.8118	1.142547	0.4093187	0.616332	0.383668	3.605738
774	-2131.938	-2284.116	152.1784	0.9166557	0.3714774	0.60396	0.39604	4.705576
780	-2132.107	-2285.333	153.2255	0.8592419	0.391544	0.640106	0.359894	4.124912
786	-2118.519	-2273.497	154.9786	1.291157	0.4595689	0.5381	0.4619	2.770454
792	-2137.534	-2292.819	155.2846	1.296233	0.4070955	0.645527	0.354473	2.638423
798	-2140.43	-2295.596	155.1667	1.296233	0.527582	0.416617	0.583383	2.581852
804	-2139.129	-2293.828	154.6984	1.210592	0.3706969	0.638386	0.361614	3.088936
810	-2117.557	-2272.59	155.0325	1.291768	0.3608647	0.636522	0.363478	2.851347
816	-2123.377	-2278.303	154.9259	1.209727	0.460239	0.608784	0.391216	2.851347
822	-2128.952	-2283.658	154.706	1.252699	0.4027599	0.618833	0.381167	3.021433
828	-2132.368	-2288.15	155.7827	1.351189	0.3257293	0.716935	0.283065	2.397303
834	-2129.456	-2284.572	155.116	1.169477	0.3257293	0.716935	0.283065	2.920147
840	-2123.442	-2277.73	154.2882	1.361041	0.3902213	0.569218	0.430782	3.220159
846	-2130.161	-2284.976	154.8148	1.176675	0.5435569	0.61685	0.38315	2.855315
852	-2127.736	-2283.057	155.3211	1.356665	0.5435569	0.558063	0.441937	2.43193
858	-2146.989	-2302.644	155.6554	1.337985	0.5283284	0.50696	0.49304	2.246436
864	-2148.946	-2305.346	156.4	1.473684	0.3219905	0.606873	0.393127	1.920763
870	-2143.845	-2299.737	155.8915	1.415139	0.3212891	0.606697	0.393303	2.293779
876	-2148.575	-2304.5	155.925	1.449032	0.4119711	0.650116	0.349884	2.130215
882	-2141.187	-2295.92	154.7325	1.205965	0.3813193	0.713787	0.286213	3.058572
888	-2142.033	-2297.636	155.6032	1.331845	0.2732827	0.762268	0.237732	2.598232
894	-2129.361	-2285.158	155.7972	1.386791	0.3351372	0.694289	0.305711	2.352547
900	-2133.817	-2289.738	155.9215	1.269531	0.3505526	0.694289	0.305711	2.327141
906	-2132.941	-2287.772	154.8312	1.347805	0.3557432	0.681335	0.318665	2.945521
912	-2133.779	-2287.511	153.7318	1.225337	0.3856764	0.573867	0.426133	3.630644
918	-2131.568	-2285.316	153.7475	1.238608	0.5252758	0.573867	0.426133	3.469904
924	-2132.641	-2286.562	153.9211	1.201428	0.413218	0.649521	0.350479	3.503603
930	-2127.305	-2280.511	153.2059	1.221458	0.4784601	0.59581	0.40419	3.838335
936	-2128.593	-2284.398	155.8041	1.376842	0.3820011	0.59581	0.40419	2.292517
942	-2117.901	-2271.259	153.3573	1.175825	0.4164267	0.681987	0.318013	3.841256
948	-2122.893	-2275.13	152.2376	1.068375	0.3801865	0.619376	0.380624	4.577568
954	-2135.101	-2287.887	152.7859	0.9051724	0.3801865	0.583414	0.416586	4.360776
960	-2128.148	-2281.786	153.6373	0.9937446	0.2763951	0.583414	0.416586	3.956688
966	-2128.811	-2283.038	154.2269	1.117418	0.2917794	0.541954	0.458046	3.523504
972	-2121.743	-2275.338	153.5956	1.117418	0.4305098	0.541954	0.458046	3.722562
978	-2121.61	-2275.05	153.4403	1.186879	0.4791499	0.646887	0.353113	3.722562
984	-2134.785	-2288.485	153.6998	1.133389	0.4062306	0.620195	0.379805	3.679363
990	-2133.184	-2287.718	154.534	1.166345	0.2305712	0.557177	0.442823	3.406636
996	-2143.7	-2297.338	153.6376	1.081266	0.380325	0.693978	0.306022	3.774523
1002	-2140.06	-2295.654	155.594	1.337243	0.5565159	0.693978	0.306022	2.25811
1008	-2131.642	-2286.825	155.1838	1.22509	0.3734774	0.588147	0.411853	2.784225
1014	-2142.706	-2295.659	152.9536	0.8880428	0.3558695	0.495657	0.504343	4.303667
1020	-2141.01	-2293.954	152.9447	0.896992	0.3558695	0.495657	0.504343	4.303667
1026	-2131.955	-2286.909	154.9547	1.094582	0.3361745	0.684399	0.315601	3.048315
1032	-2138.845	-2291.749	152.9047	1.040315	0.3123274	0.575404	0.424596	4.298752
1038	-2131.754	-2283.916	152.1621	0.818546	0.3970226	0.649836	0.350164	4.741286
1044	-2142.661	-2296.375	153.7141	1.237736	0.4047005	0.70521	0.29479	3.612292
1050	-2135.08	-2288.465	153.3852	1.237736	0.4116943	0.623376	0.376624	3.794707
1056	-2144.673	-2298.088	153.4154	1.06882	0.4116943	0.588967	0.411033	3.874481
1062	-2162.165	-2315.842	153.6772	1.08142	0.3161486	0.672907	0.327093	3.829867
1068	-2150.068	-2303.497	153.4295	1.08557	0.2314677	0.672907	0.327093	4.089371
1074	-2146.153	-2298.892	152.7396	1.245981	0.4632672	0.672907	0.327093	4.10604
1080	-2134.407	-2288.232	153.825	1.148594	0.2843876	0.609799	0.390201	3.748685
1086	-2137.561	-2292.677	155.1157	1.314927	0.3063833	0.662512	0.337488	2.85874
1092	-2143.373	-2297.433	154.0603	1.077807	0.4633606	0.70166	0.29834	3.44142
1098	-2141.853	-2295.998	154.1451	1.314406	0.3026055	0.505831	0.494169	3.44142
1104	-2138.196	-2292.526	154.3303	1.208994	0.4820246	0.515458	0.484542	3.186237
1110	-2138.509	-2293.23	154.7211	1.208994	0.4685003	0.428262	0.571738	2.96677
1116	-2134.332	-2289.163	154.8309	1.179381	0.3468701	0.736711	0.263289	3.057961
1122	-2131.007	-2284.2	153.1932	0.9364199	0.2793118	0.588688	0.411312	4.23816
1128	-2123.512	-2277.332	153.8197	1.006447	0.2776208	0.588688	0.411312	3.843062
1134	-2127.775	-2282.075	154.2995	1.030097	0.4617714	0.65779	0.34221	3.330684
1140	-2131.97	-2285.586	153.6151	1.030097	0.4744847	0.615374	0.384626	3.716736
1146	-2141.868	-2295.512	153.6434	1.09276	0.4234514	0.570613	0.429387	3.716736
1152	-2130.809	-2285.99	155.1818	1.105034	0.3425592	0.685971	0.314029	2.897287
1158	-2127.964	-2282.695	154.7307	1.15224	0.4551834	0.632263	0.367737	3.009011
1164	-2125.598	-2278.709	153.1101	1.04535	0.4135623	0.632263	0.367737	4.060541
1170	-2128.225	-2282.421	154.1952	1.167515	0.3659849	0.561637	0.438363	3.417405
1176	-2136.19	-2290.377	154.1864	1.176263	0.3659849	0.609761	0.390239	3.417405
1182	-2146.175	-2301.002	154.8266	1.138612	0.4081779	0.541779	0.458221	3.01128
1188	-2144.785	-2300.363	155.5783	1.138612	0.4039324	0.541779	0.458221	2.557918
1194	-2142.346	-2295.422	153.0758	1.08941	0.4051925	0.688249	0.311751	4.06405
1200	-2154.518	-2306.623	152.1054	0.9789418	0.3290192	0.648624	0.351376	4.761603
1206	-2153.21	-2305.678	152.4682	1.021698	0.4220409	0.65186	0.34814	4.428791
1212	-2153.602	-2306.195	152.5932	1.021698	0.4988891	0.68365	0.31635	4.282115
1218	-2139.247	-2293.83	154.5831	1.195764	0.4077858	0.660684	0.339316	3.123051
1224	-2130.477	-2285.52	155.0428	1.248491	0.4384278	0.572685	0.427315	2.780325
1230	-2136.527	-2292.174	155.6474	1.241551	0.3761368	0.520977	0.479023	2.484627
1236	-2138.432	-2292.925	154.4934	1.166708	0.4071884	0.592272	0.407728	3.19432
1242	-2144.763	-2299.152	154.3884	1.136245	0.4826186	0.679553	0.320447	3.19432
1248	-2138.033	-2290.492	152.4589	1.002189	0.4147061	0.729066	0.270934	4.452779
1254	-2145.486	-2298.32	152.8343	0.9254322	0.3823048	0.637935	0.362065	4.319566
1260	-2147.777	-2299.257	151.4803	1.185986	0.2069264	0.598348	0.401652	5.165298
1266	-2145.588	-2299.079	153.4914	1.186599	0.4087361	0.783012	0.216988	3.766234
1272	-2134.23	-2287.819	153.5892	1.306152	0.5111751	0.525902	0.474098	3.536118
1278	-2128.753	-2282.47	153.7166	1.178694	0.5111751	0.640266	0.359734	3.536118
1284	-2122.512	-2276.533	154.0203	1.242539	0.317707	0.641642	0.358358	3.536118
1290	-2131.369	-2283.279	151.91	0.9809126	0.395811	0.581101	0.418899	4.792688
1296	-2129.134	-2281.884	152.7501	1.022163	0.2723793	0.811779	0.188221	4.44971
1302	-2136.601	-2291.276	154.6752	1.332651	0.3015838	0.673944	0.326056	3.119291
1308	-2129.597	-2284.456	154.8585	1.473736	0.2913551	0.715835	0.284165	2.939401
1314	-2129.877	-2284.839	154.9616	1.502903	0.2926613	0.645839	0.354161	2.857648
1320	-2138.736	-2294.297	155.5609	1.443307	0.408445	0.617538	0.382462	2.372325
1326	-2137.845	-2292.414	154.5688	1.677662	0.275311	0.591755	0.408245	3.014278
1332	-2136.102	-2290.762	154.6601	1.677662	0.2397694	0.594968	0.405032	3.014278
1338	-2143.062	-2295.953	152.8906	1.17036	0.4313033	0.567334	0.432666	4.095658
1344	-2137.196	-2291.309	154.1132	1.163879	0.4801029	0.592874	0.407126	3.342978
1350	-2119.808	-2274.506	154.6988	1.163879	0.3657176	0.592874	0.407126	3.122602
1356	-2122.48	-2276.745	154.2652	1.24888	0.3657176	0.614542	0.385458	3.328868
1362	-2130.579	-2283.749	153.1703	1.255409	0.4637819	0.607715	0.392285	3.853858
1368	-2135.389	-2290.855	155.4659	1.255409	0.4078186	0.566727	0.433273	2.55057
1374	-2146.271	-2300.8	154.5286	1.20789	0.4475138	0.566727	0.433273	3.104732
1380	-2138.029	-2292.611	154.5823	1.201472	0.4215646	0.698854	0.301146	3.104732
1386	-2136.484	-2289.841	153.3569	1.10315	0.544118	0.503569	0.496431	3.757943
1392	-2137.304	-2290.524	153.2201	1.086913	0.3029152	0.59201	0.40799	4.105556
1398	-2146.839	-2300.518	153.6788	0.9236195	0.2579983	0.639387	0.360613	3.999461
1404	-2137.538	-2291.801	154.2633	1.275149	0.2521583	0.58006	0.41994	3.46763
1410	-2138.006	-2291.989	153.9826	1.222333	0.4022579	0.592545	0.407455	3.46763
1416	-2133.782	-2288.047	154.2649	1.689354	0.2723677	0.622396	0.377604	3.192792
1422	-2127.912	-2282.083	154.1708	1.405551	0.2764158	0.622396	0.377604	3.409564
1428	-2141.809	-2295.85	154.0408	1.165592	0.455457	0.445059	0.554941	3.409564
1434	-2139.192	-2293.222	154.0299	1.340864	0.3685796	0.558594	0.441406	3.409564
1440	-2138.989	-2293.129	154.1395	1.108445	0.4283474	0.529772	0.470228	3.413791
1446	-2129.999	-2282.897	152.8974	0.8616351	0.3207543	0.592205	0.407795	4.393106
1452	-2141.956	-2293.516	151.5603	1.023939	0.3299355	0.689179	0.310821	5.038947
1458	-2141.543	-2293.369	151.8263	0.8332472	0.2967111	0.608399	0.391601	5.038947
1464	-2133.11	-2284.671	151.561	0.9061245	0.2967111	0.693379	0.306621	5.145613
1470	-2132.597	-2283.72	151.123	1.085361	0.374262	0.690317	0.309683	5.195649
1476	-2136.547	-2288.626	152.0794	1.014605	0.4786127	0.666782	0.333218	4.594845
1482	-2131.021	-2284.61	153.5891	1.069966	0.3495721	0.595678	0.404322	3.845236
1488	-2145.327	-2298.512	153.1844	1.074047	0.3495721	0.486107	0.513893	4.074506
1494	-2137.63	-2290.809	153.1795	0.9875724	0.3947013	0.685076	0.314924	4.074506
1500	-2133.268	-2285.503	152.2351	1.059159	0.3659045	0.664816	0.335184	4.60032
1506	-2135.574	-2287.304	151.7299	0.8448949	0.3827416	0.506262	0.493738	4.98304
1512	-2129.671	-2281.406	151.7349	0.8973316	0.3827416	0.65057	0.34943	4.951143
1518	-2142.409	-2294.835	152.4261	0.9691407	0.4571779	0.608524	0.391476	4.446341
1524	-2143.772	-2297.648	153.8768	0.9421318	0.3272723	0.408792	0.591208	3.780933
1530	-2145.539	-2298.145	152.6057	1.021716	0.4720133	0.69749	0.30251	4.300739
1536	-2144.811	-2298.847	154.0357	1.051969	0.2751657	0.765649	0.234351	3.695771
1542	-2148.526	-2299.831	151.3052	1.05575	0.5717261	0.649419	0.350581	4.921194
1548	-2141.318	-2294.627	153.309	1.186857	0.3609369	0.576837	0.423163	3.925314
1554	-2141.577	-2297.223	155.646	1.495426	0.4387925	0.54731	0.45269	2.248803
1560	-2147.298	-2300.84	153.5418	0.9886578	0.2595792	0.514572	0.485428	4.038239
1566	-2135.185	-2290.387	155.2022	1.336187	0.1756653	0.705761	0.294239	3.006654
1572	-2137.8	-2293.446	155.6466	1.365473	0.506172	0.670012	0.329988	2.257452
1578	-2132.692	-2287.059	154.3669	1.104835	0.3389746	0.613591	0.386409	3.386713
1584	-2130.423	-2282.914	152.4906	1.032735	0.3389746	0.659262	0.340738	4.503372
1590	-2141.773	-2295.9	154.1271	1.107524	0.4427699	0.623044	0.376956	3.406223
1596	-2141.385	-2294.83	153.4449	1.040255	0.3002367	0.623044	0.376956	4.00751
1602	-2142.059	-2295.858	153.7996	1.097409	0.3495943	0.563897	0.436103	3.708064
1608	-2134.354	-2287.206	152.8518	1.011355	0.4681769	0.625834	0.374166	4.170839
1614	-2138.808	-2292.379	153.5712	1.198979	0.2852977	0.61015	0.38985	3.864482
1620	-2142.212	-2296.832	154.6201	1.198979	0.3292658	0.720317	0.279683	3.194339
1626	-2131.675	-2286.433	154.7588	1.198979	0.3292658	0.538704	0.461296	3.111959
1632	-2136.318	-2291.2	154.8814	1.358137	0.3334725	0.664713	0.335287	2.93764
1638	-2145.401	-2300.447	155.0454	1.358137	0.3735324	0.602718	0.397282	2.787428
1644	-2144.592	-2298.379	153.7862	1.179347	0.4088536	0.494284	0.505716	3.599717
1650	-2137.334	-2291.621	154.287	1.157342	0.3068147	0.47355	0.52645	3.44462
1656	-2135.166	-2288.758	153.5919	1.050049	0.5354252	0.547759	0.452241	3.66068
1662	-2134.395	-2287.284	152.8892	0.9037594	0.4582389	0.665809	0.334191	4.220479
1668	-2128.374	-2281.365	152.9913	0.9770474	0.2292743	0.535593	0.464407	4.402674
1674	-2126.244	-2278.765	152.5214	0.9979231	0.3493749	0.676272	0.323728	4.493184
1680	-2135.739	-2288.442	152.7029	1.036376	0.2178056	0.606023	0.393977	4.549641
1686	-2139.227	-2291.767	152.5405	1.051876	0.3708992	0.576794	0.423206	4.426957
1692	-2142.286	-2294.645	152.3594	1.100999	0.3708992	0.467429	0.532571	4.501285
1698	-2147.011	-2301.415	154.4043	1.225128	0.2998825	0.376419	0.623581	3.345513
1704	-2144.099	-2298.056	153.9571	1.26999	0.3335751	0.625174	0.374826	3.536538
1710	-2136.239	-2291.047	154.8074	1.345282	0.3617296	0.435886	0.564114	2.953898
1716	-2138.163	-2293.087	154.9242	1.416933	0.2776892	0.520773	0.479227	2.953898
1722	-2127.509	-2282.731	155.2222	1.340127	0.3322385	0.722935	0.277065	2.743361
1728	-2134.216	-2289.279	155.0625	1.340127	0.3137624	0.471444	0.528556	2.865559
1734	-2116.811	-2271.001	154.1899	1.280703	0.3644062	0.62149	0.37851	3.355992
1740	-2122.433	-2277.967	155.5339	1.528659	0.3797704	0.687769	0.312231	2.370703
1746	-2143.411	-2298.335	154.925	1.588376	0.4836919	0.618437	0.381563	2.595223
1752	-2127.323	-2283.626	156.3037	1.602288	0.2968365	0.577066	0.422934	1.937739
1758	-2111.219	-2266.469	155.2494	1.4108	0.5932121	0.621453	0.378547	2.395665
1764	-2128.608	-2284.007	155.3983	1.68238	0.5932121	0.621453	0.378547	2.125663
1770	-2130.79	-2286.951	156.1617	1.425688	0.3111321	0.685356	0.314644	2.127143
1776	-2145.487	-2300.546	155.0594	1.378873	0.4939	0.644258	0.355742	2.631039
1782	-2137.389	-2292.867	155.4771	1.378873	0.3712418	0.579632	0.420368	2.511387
1788	-2132.772	-2288.141	155.3696	1.26577	0.4584088	0.635236	0.364764	2.546547
1794	-2129.982	-2286.238	156.256	1.26577	0.2884538	0.524442	0.475558	2.204177
1800	-2121.777	-2275.352	153.575	1.12176	0.4541513	0.674097	0.325903	3.707388
1806	-2125.634	-2279.925	154.2911	1.143039	0.3444763	0.598038	0.401962	3.40187
1812	-2142.698	-2295.822	153.1235	1.063933	0.3444763	0.621363	0.378637	4.121084
1818	-2136.319	-2289.919	153.6003	1.056989	0.5061286	0.557535	0.442465	3.679065
1824	-2149.06	-2302.982	153.9226	1.003804	0.3060949	0.597741	0.402259	3.746408
1830	-2128.308	-2281.868	153.5596	1.089856	0.4427943	0.634241	0.365759	3.746408
1836	-2127.246	-2282.083	154.8376	1.339561	0.6348675	0.558208	0.441792	2.659695
1842	-2132.357	-2286.349	153.9915	1.078372	0.3483044	0.595443	0.404557	3.609534
1848	-2140.573	-2294.724	154.1517	1.133575	0.2574762	0.773952	0.226048	3.607015
1854	-2133.057	-2285.093	152.0363	1.143131	0.2371499	0.696741	0.303259	4.833
1860	-2137.579	-2289.586	152.0072	1.04933	0.285403	0.587582	0.412418	4.833
1866	-2133.897	-2287.928	154.0311	1.244674	0.2387761	0.747501	0.252499	3.641064
1872	-2136.649	-2289.275	152.6254	1.321302	0.5901426	0.753096	0.246904	4.01253
1878	-2126.84	-2281.452	154.6127	1.546455	0.4668047	0.568009	0.431991	2.830088
1884	-2138.801	-2294.742	155.9409	1.572721	0.6417651	0.724364	0.275636	1.788102
1890	-2140.529	-2296.589	156.0603	1.816356	0.4154474	0.677552	0.322448	1.788102
1896	-2140.785	-2296.099	155.3143	1.705054	0.4154474	0.636618	0.363382	2.354288
1902	-2130.276	-2286.573	156.2974	1.735802	0.5201305	0.593769	0.406231	1.54636
1908	-2130.065	-2286.26	156.195	1.760999	0.7333642	0.590821	0.409179	1.375281
1914	-2126.965	-2283.49	156.525	1.713669	0.4731979	0.528691	0.471309	1.450682
1920	-2122.12	-2277.9	155.7804	1.551405	0.5102398	0.70103	0.29897	2.044762
1926	-2127.599	-2283.504	155.9053	1.519467	0.4651622	0.658624	0.341376	2.033421
1932	-2126.966	-2279.481	152.5146	0.9624831	0.3479789	0.729141	0.270859	4.518586
1938	-2158.401	-2311.861	153.4608	1.03955	0.3108675	0.712628	0.287372	3.984832
1944	-2134.836	-2287.429	152.5933	1.085059	0.270864	0.679546	0.320454	4.504682
1950	-2138.672	-2293.321	154.6486	1.007833	0.4693156	0.530771	0.469229	3.129605
1956	-2140.349	-2292.707	152.3585	1.061217	0.4785754	0.424182	0.575818	4.411704
1962	-2128.995	-2282.548	153.5537	1.061217	0.2897459	0.740835	0.259165	3.94742
1968	-2133.866	-2286.358	152.4919	1.136752	0.5910969	0.518584	0.481416	4.192845
1974	-2132.522	-2286.41	153.8877	1.194412	0.3232237	0.586574	0.413426	3.633973
1980	-2128.186	-2281.371	153.1856	0.98736	0.3388046	0.727524	0.272476	4.136275
1986	-2131.684	-2285.058	153.3743	1.196865	0.3496895	0.68429	0.31571	3.895589
1992	-2126.03	-2280.138	154.1088	1.149185	0.342344	0.582429	0.417571	3.507522
1998	-2132.383	-2285.601	153.2179	1.112007	0.6693209	0.491089	0.508911	3.728644
2004	-2121.082	-2274.607	153.5259	1.232147	0.4822076	0.588539	0.411461	3.643818
2010	-2128.715	-2282.549	153.8339	1.15901	0.3568566	0.678117	0.321883	3.643818
2016	-2124.17	-2276.98	152.8103	1.09702	0.4007911	0.56952	0.43048	4.215514
2022	-2138.89	-2292.098	153.2084	0.915717	0.2983618	0.653539	0.346461	4.215514
2028	-2148.696	-2301.866	153.1702	1.137088	0.311533	0.483671	0.516329	4.094158
2034	-2129.917	-2283.568	153.6511	1.289878	0.250075	0.630103	0.369897	3.81709
2040	-2125.303	-2279.484	154.1817	1.135208	0.3481535	0.614741	0.385259	3.46587
2046	-2135.596	-2291.453	155.8574	1.513293	0.3481535	0.662108	0.337892	2.215172
2052	-2128.158	-2282.99	154.8321	1.374804	0.4724767	0.646781	0.353219	2.795092
2058	-2137.693	-2293.471	155.7779	1.348961	0.4453486	0.711315	0.288685	2.250621
2064	-2129.103	-2283.865	154.7614	1.297206	0.4965767	0.674091	0.325909	2.860457
2070	-2120.218	-2275.223	155.0049	1.24283	0.5706637	0.677052	0.322948	2.673528
2076	-2121.6	-2276.294	154.6945	1.187929	0.5134669	0.620951	0.379049	2.950083
2082	-2125.645	-2280.519	154.8738	1.187929	0.4231012	0.69167	0.30833	2.936438
2088	-2135.278	-2290.422	155.1439	1.173921	0.4313759	0.544225	0.455775	2.771976
2094	-2130.402	-2284.748	154.3456	1.162632	0.359877	0.551949	0.448051	3.339352
2100	-2129.044	-2282.965	153.9218	1.23552	0.4089428	0.598843	0.401157	3.48799
2106	-2130.451	-2284.834	154.3839	1.139407	0.3188702	0.551399	0.448601	3.382379
2112	-2126.646	-2281.381	154.7349	1.272509	0.381916	0.657376	0.342624	3.016599
2118	-2135.328	-2290.784	155.4557	1.25339	0.4858462	0.679926	0.320074	2.47102
2124	-2111.008	-2265.1	154.0913	1.189336	0.4363516	0.581238	0.418762	3.386043
2130	-2126.439	-2280.2	153.7605	1.070198	0.4137692	0.608019	0.391981	3.672505
2136	-2122.968	-2275.775	152.8069	0.9583091	0.4270768	0.541588	0.458412	4.268003
2142	-2138.861	-2292.57	153.7084	1.070407	0.3142249	0.460374	0.539626	3.820761
2148	-2139.861	-2293.603	153.742	1.070407	0.3142249	0.679275	0.320725	3.801452
2154	-2139.957	-2293.793	153.8359	1.20626	0.2744328	0.603296	0.396704	3.723128
2160	-2151.301	-2306.064	154.7624	1.27539	0.3414595	0.760256	0.239744	3.048395
2166	-2137.685	-2292.478	154.7925	1.27539	0.5616452	0.633211	0.366789	2.791979
2172	-2132.291	-2286.808	154.5165	1.340545	0.2772499	0.692693	0.307307	3.243199
2178	-2135.59	-2290.461	154.8707	1.212283	0.3410813	0.69257	0.30743	3.021825
2184	-2137.042	-2291.749	154.7066	1.346146	0.4622315	0.69257	0.30743	2.899365
2190	-2138.187	-2290.524	152.3373	1.001331	0.4115331	0.500738	0.499262	4.525063
2196	-2125.036	-2278.214	153.1775	1.015299	0.2708033	0.6725	0.3275	4.214234
2202	-2132.616	-2284.737	152.1213	1.004807	0.371163	0.668094	0.331906	4.688527
2208	-2131.896	-2284.428	152.5319	1.039965	0.4045139	0.645988	0.354012	4.401237
2214	-2134.689	-2288.291	153.6026	1.080946	0.301469	0.52927	0.47073	3.892302
2220	-2141.552	-2295.355	153.8031	1.191105	0.361676	0.742223	0.257777	3.637249
2226	-2139.247	-2292.968	153.7212	1.05867	0.361676	0.675902	0.324098	3.761169
2232	-2147.485	-2301.392	153.9066	1.067625	0.2752336	0.594576	0.405424	3.761169
2238	-2143.865	-2297.627	153.7625	1.11412	0.3167448	0.545857	0.454143	3.761169
2244	-2141.669	-2296.465	154.7956	1.204547	0.2144182	0.446474	0.553526	3.256893
2250	-2130.745	-2284.026	153.2811	1.270396	0.3548474	0.726017	0.273983	3.900651
2256	-2130.925	-2284.767	153.8426	1.237719	0.3532972	0.717201	0.282799	3.59741
2262	-2120.242	-2274.518	154.2758	1.400812	0.3363425	0.594057	0.405943	3.26953
2268	-2130.029	-2284.736	154.7073	1.400812	0.435237	0.45475	0.54525	2.89499
2274	-2131.954	-2287.746	155.7914	1.434625	0.3426757	0.740525	0.259475	2.315484
2280	-2149.111	-2303.196	154.085	1.333185	0.7581297	0.63042	0.36958	3.022508
2286	-2138.502	-2293.26	154.7587	1.306244	0.3036416	0.601292	0.398708	3.08246
2292	-2133.688	-2288.16	154.4718	1.368528	0.3196081	0.714441	0.285559	3.194429
2298	-2127.78	-2282.581	154.8004	1.368528	0.6040606	0.744397	0.255603	2.691656
2304	-2128.999	-2282.98	153.9807	1.322683	0.4779244	0.59339	0.40661	3.329733
2310	-2135.14	-2289.176	154.0363	1.416707	0.3744093	0.636897	0.363103	3.354389
2316	-2135.451	-2287.57	152.1196	1.167733	0.2371492	0.602591	0.397409	4.772779
2322	-2128.776	-2281.46	152.6839	1.162937	0.3049356	0.575713	0.424287	4.363784
2328	-2124.829	-2278.591	153.762	1.206231	0.5301375	0.672307	0.327693	3.475829
2334	-2134.603	-2288.181	153.5773	1.384252	0.5343327	0.672307	0.327693	3.475829
2340	-2126.037	-2282.306	156.2692	1.707592	0.4959819	0.591558	0.408442	1.616494
2346	-2127.434	-2283.869	156.4349	1.862149	0.618953	0.68271	0.31729	1.222177
2352	-2121.173	-2277.957	156.7842	1.855312	0.4822984	0.61272	0.38728	1.107621
2358	-2128.426	-2285.016	156.5899	1.855312	0.5073469	0.428111	0.571889	1.240542
2364	-2144.846	-2298.232	153.3862	1.207942	0.1555282	0.566481	0.433519	4.176571
2370	-2139.811	-2295.966	156.1547	1.860555	0.7063089	0.618774	0.381226	1.355715
2376	-2146.053	-2302.237	156.1843	1.838701	0.696182	0.737087	0.262913	1.360012
2382	-2153.855	-2310.295	156.4398	1.94854	0.6044397	0.672715	0.327285	1.161443
2388	-2134.853	-2291.081	156.2285	1.739355	0.3834883	0.653031	0.346969	1.767538
2394	-2139.351	-2295.152	155.8006	1.683946	0.3834883	0.523434	0.476566	2.093941
2400	-2143.206	-2299.775	156.5696	1.684747	0.5242758	0.446424	0.553576	1.373024
2406	-2131.835	-2287.579	155.7433	1.684747	0.676894	0.611689	0.388311	1.814336
2412	-2136.527	-2292.883	156.3558	1.366025	0.3892933	0.512684	0.487316	1.928404
2418	-2137.073	-2293.257	156.1846	1.449277	0.5282829	0.512684	0.487316	1.821372
2424	-2131.137	-2286.983	155.8467	1.45894	0.5364429	0.632676	0.367324	2.034308
2430	-2139.688	-2293.766	154.0781	1.073895	0.3397581	0.578852	0.421148	3.572407
2436	-2145.897	-2299.91	154.0127	1.139342	0.3397581	0.688762	0.311238	3.572407
2442	-2131.542	-2286.699	155.1573	1.264071	0.4065139	0.718404	0.281596	2.737087
2448	-2130.392	-2285.043	154.6514	1.091745	0.3668222	0.636444	0.363556	3.192251
2454	-2133.868	-2286.883	153.015	0.9555285	0.341998	0.581608	0.418392	4.247287
2460	-2134.884	-2287.882	152.9985	0.9377992	0.2986914	0.521771	0.478229	4.32147
2466	-2136.021	-2291.524	155.5031	1.279863	0.4506665	0.671703	0.328297	2.46287
2472	-2142.428	-2297.525	155.097	1.279863	0.3762569	0.595931	0.404069	2.80035
2478	-2149.96	-2304.821	154.8609	1.066706	0.4438901	0.595614	0.404386	2.994316
2484	-2149.036	-2301.31	152.2745	1.279525	0.2348173	0.690728	0.309272	4.627119
2490	-2146.543	-2300.051	153.5072	1.165934	0.3941368	0.6059	0.3941	3.785216
2496	-2141.737	-2294.453	152.7165	1.138863	0.5901588	0.563697	0.436303	4.064663
2502	-2136.06	-2289.76	153.6999	1.110156	0.3385127	0.664224	0.335776	3.771915
2508	-2136.15	-2289.661	153.5107	1.102183	0.4475333	0.631661	0.368339	3.762568
2514	-2138.927	-2291.98	153.0525	0.9014102	0.3572285	0.690209	0.309791	4.238504
2520	-2127.88	-2282.909	155.0288	1.108243	0.4406116	0.649913	0.350087	2.871591
2526	-2139.707	-2295.339	155.6325	1.364507	0.2772857	0.649913	0.350087	2.553648
2532	-2135.229	-2291.351	156.1222	1.315636	0.3309246	0.678965	0.321035	2.195741
2538	-2141.602	-2296.656	155.0537	1.281297	0.3309246	0.629505	0.370495	2.883335
2544	-2153.998	-2308.444	154.4457	1.423206	0.5177153	0.473917	0.526083	2.954096
2550	-2142.451	-2296.97	154.519	1.336899	0.4339861	0.547085	0.452915	3.047979
2556	-2126.581	-2280.008	153.427	1.10339	0.275028	0.514353	0.485647	4.016167
2562	-2144.036	-2298.089	154.0529	1.239649	0.2280091	0.678053	0.321947	3.648326
2568	-2146.512	-2301.744	155.2327	1.14397	0.2650715	0.57977	0.42023	2.951361
2574	-2140.343	-2295.13	154.7866	1.209636	0.5396977	0.57977	0.42023	2.856104
2580	-2141.692	-2294.875	153.1833	1.281601	0.3801826	0.619398	0.380602	3.920638
2586	-2136.173	-2289.701	153.5278	1.018851	0.2291873	0.700232	0.299768	4.074928
2592	-2150.225	-2302.577	152.352	0.8910521	0.2409313	0.771521	0.228479	4.79182
2598	-2134.356	-2287.857	153.5014	1.113265	0.3841013	0.640111	0.359889	3.830191
2604	-2139.866	-2294.077	154.2104	1.134235	0.5176866	0.701795	0.298205	3.266541
2610	-2131.331	-2285.817	154.4858	1.085335	0.3900067	0.593265	0.406735	3.266541
2616	-2142.381	-2297.312	154.931	1.305292	0.5735959	0.593265	0.406735	2.677845
2622	-2150.386	-2305.101	154.7157	1.34672	0.4761172	0.593265	0.406735	2.879004
2628	-2136.075	-2290.855	154.7799	1.275103	0.4359861	0.513186	0.486814	2.926261
2634	-2144.215	-2298.846	154.631	1.145228	0.5088643	0.52402	0.47598	3.018364
2640	-2143.47	-2299.387	155.916	1.29629	0.3578462	0.642028	0.357972	2.30382
2646	-2143.694	-2298.569	154.8752	1.202549	0.3224272	0.642028	0.357972	3.049342
2652	-2132.712	-2288.058	155.3462	1.399643	0.3969512	0.745112	0.254888	2.548272
2658	-2130.371	-2285.802	155.4313	1.346496	0.5048358	0.755183	0.244817	2.407907
2664	-2122.001	-2276.969	154.9679	1.291031	0.2117263	0.617681	0.382319	3.107996
2670	-2128.987	-2284.526	155.5387	1.425609	0.3756254	0.646739	0.353261	2.437981
2676	-2129.09	-2285.299	156.2089	1.425609	0.3756254	0.516166	0.483834	2.005125
2682	-2136.872	-2292.886	156.0145	1.425609	0.4810106	0.640025	0.359975	2.005125
2688	-2134.598	-2290.913	156.315	1.353198	0.2532303	0.618276	0.381724	2.166053
2694	-2132.097	-2287.638	155.5414	1.368456	0.3912549	0.513809	0.486191	2.452727
2700	-2140.71	-2294.912	154.2023	1.014681	0.3179053	0.685272	0.314728	3.562543
2706	-2127.455	-2279.521	152.0663	0.8903303	0.4548987	0.685272	0.314728	4.694851
2712	-2135.213	-2287.144	151.9306	0.8871334	0.5384176	0.651789	0.348211	4.694851
2718	-2129.31	-2283.045	153.7355	0.9732561	0.2925774	0.522996	0.477004	3.889805
2724	-2136.129	-2289.681	153.5527	1.269724	0.7407096	0.52268	0.47732	3.38825
2730	-2133.309	-2287.052	153.7428	1.151088	0.4576043	0.576439	0.423561	3.589639
2736	-2136.336	-2290.863	154.5274	1.159763	0.4576043	0.634861	0.365139	3.123435
2742	-2136.343	-2288.65	152.3066	0.8897544	0.4128241	0.692407	0.307593	4.603583
2748	-2144.639	-2296.756	152.1175	1.014774	0.4477138	0.51491	0.48509	4.603583
2754	-2137.787	-2292.026	154.2392	1.018778	0.2969561	0.560204	0.439796	3.56666
2760	-2147.131	-2300.876	153.7452	1.071603	0.2843705	0.647341	0.352659	3.838994
2766	-2137.411	-2290.856	153.4448	1.003921	0.3535966	0.737828	0.262172	3.961008
2772	-2139.19	-2294.254	155.064	1.165548	0.2790211	0.612703	0.387297	3.018949
2778	-2139.237	-2294.744	155.5068	1.358015	0.3252876	0.671719	0.328281	2.566459
2784	-2136.914	-2291.862	154.9477	1.349099	0.4169707	0.580667	0.419333	2.801011
2790	-2132.477	-2286.716	154.2388	1.205439	0.3400223	0.580667	0.419333	3.401536
2796	-2135.446	-2288.127	152.6816	1.245027	0.3545537	0.711415	0.288585	4.257132
2802	-2139.637	-2292.924	153.2875	1.211098	0.3801935	0.606179	0.393821	3.901328
2808	-2130.206	-2284.354	154.1478	1.289457	0.4534547	0.492979	0.507021	3.275861
2814	-2133	-2286.929	153.9292	1.141756	0.2983833	0.596073	0.403927	3.673199
2820	-2129.635	-2284.533	154.8982	1.316652	0.2700066	0.596073	0.403927	3.041091
2826	-2140.519	-2295.267	154.7483	1.338576	0.3245393	0.596073	0.403927	3.041091
2832	-2148.84	-2303.259	154.4194	1.251466	0.2822016	0.752934	0.247066	3.345822
2838	-2150.175	-2304.713	154.538	1.177334	0.3387382	0.678465	0.321535	3.243564
2844	-2131.824	-2286.059	154.235	1.288581	0.3387382	0.700297	0.299703	3.356554
2850	-2135.108	-2289.22	154.1128	1.289555	0.3982143	0.473783	0.526217	3.356554
2856	-2128.682	-2282.945	154.2627	1.212641	0.529788	0.689402	0.310598	3.17768
2862	-2123.632	-2278.162	154.5298	1.341854	0.3263983	0.526841	0.473159	3.166876
2868	-2129.82	-2283.502	153.6812	1.081524	0.3699156	0.559608	0.440392	3.76134
2874	-2139.215	-2292.905	153.6904	1.295137	0.3417524	0.74074	0.25926	3.666503
2880	-2146.458	-2300.55	154.0917	1.489321	0.5155169	0.506628	0.493372	3.128529
2886	-2148.58	-2303.046	154.4655	1.438328	0.3412946	0.727459	0.272541	3.128529
2892	-2153.228	-2306.475	153.2471	1.311319	0.2895016	0.654772	0.345228	3.980064
2898	-2132.666	-2286.571	153.9052	1.198413	0.3696531	0.577278	0.422722	3.564257
2904	-2140.895	-2294.505	153.61	1.098714	0.2365211	0.585566	0.414434	3.971
2910	-2137.937	-2292.214	154.2775	1.218917	0.2974224	0.627357	0.372643	3.426915
2916	-2130.045	-2284.345	154.3002	1.189069	0.2595608	0.491925	0.508075	3.485177
2922	-2127.155	-2280.921	153.7661	1.189069	0.2595608	0.510649	0.489351	3.79479
2928	-2124.527	-2279.196	154.6697	1.189069	0.2944097	0.465877	0.534123	3.217776
2934	-2135.436	-2288.217	152.781	1.167854	0.4146106	0.558181	0.441819	4.177004
2940	-2138.098	-2291.522	153.4231	0.9220014	0.2373297	0.721152	0.278848	4.177004
2946	-2138.645	-2293.72	155.0744	1.254567	0.2485245	0.580577	0.419423	3.005612
2952	-2128.131	-2281.327	153.1957	1.190469	0.2335321	0.651293	0.348707	4.1595
2958	-2136.035	-2288.97	152.9355	1.181905	0.3401461	0.651293	0.348707	4.166172
2964	-2139.488	-2293.851	154.363	1.10026	0.2554914	0.651293	0.348707	3.50646
2970	-2132.909	-2286.319	153.4099	1.235014	0.6523024	0.651293	0.348707	3.559413
2976	-2121.934	-2277.132	155.1977	1.264754	0.3826088	0.651293	0.348707	2.740358
2982	-2118.509	-2273.792	155.2829	1.370342	0.2943288	0.683025	0.316975	2.740358
2988	-2121.906	-2277.19	155.2838	1.473664	0.3679268	0.704199	0.295801	2.576871
2994	-2115.565	-2270.664	155.0991	1.398559	0.5109871	0.525012	0.474988	2.576871
3000	-2135.875	-2289.892	154.0166	1.398559	0.3601807	0.483672	0.516328	3.393674
3006	-2126.378	-2281.062	154.6841	1.383858	0.3798105	0.592601	0.407399	2.982812
3012	-2131.646	-2286.83	155.1846	1.193843	0.4300572	0.622134	0.377866	2.736398
3018	-2137.784	-2292.819	155.0351	1.475481	0.6533165	0.6888	0.3112	2.436336
3024	-2130.252	-2285.596	155.3431	1.424081	0.6089605	0.6888	0.3112	2.313258
3030	-2124.534	-2278.025	153.4906	1.28943	0.6986985	0.572498	0.427502	3.444497
3036	-2129.634	-2283.221	153.587	1.150778	0.5543596	0.579567	0.420433	3.587991
3042	-2148.441	-2302.375	153.9345	1.296776	0.4041759	0.484792	0.515208	3.450118
3048	-2138.918	-2294.277	155.3594	1.255604	0.3171122	0.618382	0.381618	2.731614
3054	-2145.445	-2299.486	154.041	0.976654	0.3171122	0.624932	0.375068	3.679212
3060	-2146.533	-2302.154	155.6205	1.450727	0.467059	0.617824	0.382176	2.2618
3066	-2144.452	-2299.794	155.3427	1.39938	0.3425961	0.583278	0.416722	2.619132
3072	-2154.183	-2308.653	154.4696	1.280768	0.4985864	0.524647	0.475353	3.044
3078	-2140.314	-2293.97	153.6556	1.201172	0.2668662	0.663537	0.336463	3.84076
3084	-2150.421	-2304.423	154.002	1.201172	0.3868105	0.721978	0.278022	3.486233
3090	-2135.137	-2290.208	155.0712	1.360532	0.4273943	0.581681	0.418319	2.70674
3096	-2140.399	-2294.548	154.1495	1.173908	0.3320463	0.581681	0.418319	3.482311
3102	-2144.623	-2298.349	153.726	1.173908	0.3922184	0.597358	0.402642	3.656361
3108	-2141.198	-2294.947	153.7486	1.108555	0.414547	0.505329	0.494671	3.656361
3114	-2147.074	-2302.278	155.2037	1.108555	0.3799576	0.686069	0.313931	2.835106
3120	-2132.467	-2287.106	154.6395	1.213274	0.3946095	0.574271	0.425729	3.09412
3126	-2123.625	-2278.131	154.5059	1.213274	0.3580488	0.685371	0.314629	3.217149
3132	-2122.948	-2277.813	154.8653	1.213274	0.5457991	0.765527	0.234473	2.800314
3138	-2133.717	-2288.569	154.8521	1.213274	0.3909958	0.629093	0.370907	2.97109
3144	-2127.194	-2280.717	153.5233	1.085486	0.3015298	0.558234	0.441766	3.935082
3150	-2128.015	-2282.384	154.3687	1.085486	0.4207739	0.527641	0.472359	3.300889
3156	-2133.366	-2288.201	154.8354	1.58536	0.3649396	0.54847	0.45153	2.787606
3162	-2137.011	-2291.846	154.8355	1.354261	0.3918608	0.55287	0.44713	2.895048
3168	-2141.55	-2297.065	155.5156	1.354261	0.4958374	0.675785	0.324215	2.359115
3174	-2129.562	-2283.77	154.2088	1.295564	0.5813965	0.625761	0.374239	3.113313
3180	-2124.876	-2279.346	154.4702	1.251603	0.447662	0.629146	0.370854	3.113313
3186	-2125.3	-2279.579	154.279	1.224898	0.5121482	0.534485	0.465515	3.177573
3192	-2138.136	-2292.632	154.4961	1.377979	0.2393259	0.668889	0.331111	3.290555
3198	-2135.116	-2288.294	153.1778	1.030868	0.4761161	0.693653	0.306347	3.966085
3204	-2144.16	-2296.924	152.764	0.9628418	0.2337666	0.659151	0.340849	4.531687
3210	-2139.966	-2293.652	153.6865	1.265608	0.4276562	0.582358	0.417642	3.587136
3216	-2133.03	-2286.863	153.8331	1.119019	0.4276562	0.597763	0.402237	3.587136
3222	-2128.346	-2282.433	154.0869	1.119019	0.4269237	0.658802	0.341198	3.439936
3228	-2127.129	-2281.223	154.0938	1.168472	0.242955	0.658802	0.341198	3.642398
3234	-2130.419	-2286.05	155.6303	1.465877	0.4089113	0.488661	0.511339	2.313272
3240	-2135.305	-2291.179	155.8736	1.465877	0.5526991	0.548604	0.451396	1.994943
3246	-2134.041	-2289.995	155.9534	1.498914	0.5526991	0.548604	0.451396	1.919198
3252	-2127.362	-2279.224	151.8616	0.9462881	0.2714671	0.657494	0.342506	4.990391
3258	-2127.161	-2281.335	154.1737	1.26461	0.2714671	0.657494	0.342506	3.497458
3264	-2126.092	-2280.134	154.0426	1.210161	0.2106883	0.480473	0.519527	3.699749
3270	-2123.567	-2277.323	153.7556	1.313334	0.280006	0.607668	0.392332	3.699749
3276	-2132.667	-2287.212	154.5443	1.357938	0.4266947	0.484243	0.515757	3.028278
3282	-2133.847	-2288.778	154.9315	1.430956	0.4228966	0.582899	0.417101	2.754233
3288	-2144.65	-2299.626	154.9761	1.312446	0.310198	0.540923	0.459077	2.939358
3294	-2124.649	-2278.765	154.1166	1.383331	0.2566358	0.504378	0.495622	3.483336
3300	-2137.611	-2291.96	154.349	1.418554	0.3219098	0.692858	0.307142	3.234491
3306	-2145.125	-2298.398	153.2733	1.312787	0.2386725	0.650741	0.349259	4.037721
3312	-2129.619	-2282.844	153.2248	1.170063	0.3381825	0.624517	0.375483	4.010531
3318	-2129.194	-2282.647	153.4537	1.083448	0.4856456	0.624517	0.375483	3.768126
3324	-2139.131	-2293.258	154.1273	1.095621	0.4354661	0.6989	0.3011	3.420829
3330	-2144.166	-2298.152	153.9857	1.256421	0.3521288	0.589519	0.410481	3.504684
3336	-2149.124	-2302.965	153.8402	1.220411	0.6191756	0.589519	0.410481	3.343387
3342	-2140.436	-2295.019	154.5822	1.396061	0.6057178	0.584889	0.415111	2.806749
3348	-2139.44	-2295.182	155.7423	1.384111	0.5671978	0.728046	0.271954	2.12109
3354	-2141.663	-2297.561	155.8987	1.425165	0.4469047	0.807362	0.192638	2.12109
3360	-2144.619	-2298.975	154.3561	1.328201	0.6344337	0.700209	0.299791	2.959874
3366	-2120.466	-2274.854	154.388	1.258222	0.2853208	0.680879	0.319121	3.355886
3372	-2127.781	-2282.55	154.7691	1.258222	0.3567594	0.591998	0.408002	3.035322
3378	-2131.389	-2286.178	154.789	1.311348	0.3228146	0.488663	0.511337	3.035322
3384	-2128.771	-2283.101	154.3294	1.181095	0.3228146	0.696295	0.303705	3.384694
3390	-2120.609	-2274.919	154.3105	1.156925	0.3425789	0.582364	0.417636	3.384694
3396	-2129.889	-2286.076	156.1866	1.525178	0.2451757	0.53233	0.46767	2.151406
3402	-2126.068	-2279.142	153.0737	1.003212	0.5368306	0.712465	0.287535	3.9845
3408	-2123.245	-2276.942	153.6964	1.077965	0.3000762	0.480652	0.519348	3.841976
3414	-2122.727	-2276.346	153.6191	1.12922	0.3113956	0.782427	0.217573	3.841976
3420	-2139.536	-2292.93	153.3943	0.8937577	0.3193212	0.581521	0.418479	4.095066
3426	-2120.741	-2274.072	153.3306	0.9958712	0.4146976	0.637265	0.362735	3.961675
3432	-2142.784	-2295.95	153.1656	0.9085608	0.3764201	0.587485	0.412515	4.14797
3438	-2130.521	-2283.697	153.1763	0.9421643	0.370432	0.485215	0.514785	4.129626
3444	-2146.083	-2298.235	152.1521	0.9869616	0.3844053	0.651736	0.348264	4.666464
3450	-2143.762	-2296.625	152.8633	0.9214845	0.346208	0.691042	0.308958	4.34733
3456	-2128.922	-2282.084	153.1614	1.064272	0.3600766	0.581205	0.418795	4.080677
3462	-2144.832	-2299.191	154.3587	1.285628	0.5771181	0.597602	0.402398	3.033527
3468	-2133.335	-2286.218	152.8831	0.9399329	0.4125314	0.597602	0.402398	4.250622
3474	-2134.886	-2288.333	153.4465	1.006912	0.4082208	0.507305	0.492695	3.895933
3480	-2137.307	-2291.912	154.6056	1.137799	0.2719063	0.669911	0.330089	3.317991
3486	-2146.733	-2301.35	154.6172	1.137799	0.5351275	0.483041	0.516959	3.005851
3492	-2139.42	-2292.747	153.3278	1.069468	0.4455662	0.731396	0.268604	3.888629
3498	-2134.877	-2289.4	154.523	1.14577	0.4348397	0.50626	0.49374	3.158582
3504	-2129.858	-2284.513	154.6541	1.135541	0.3990427	0.588601	0.411399	3.126628
3510	-2119.476	-2273.481	154.005	1.285871	0.6411184	0.496129	0.503871	3.189261
3516	-2128.839	-2282.323	153.4839	1.103084	0.3500041	0.566846	0.433154	3.886104
3522	-2128.146	-2281.379	153.233	1.132596	0.2579692	0.673582	0.326418	4.134515
3528	-2135.269	-2288.477	153.2081	1.132596	0.5017724	0.610656	0.389344	3.865707
3534	-2127.215	-2279.144	151.9292	1.067794	0.5650481	0.610656	0.389344	4.57136
3540	-2131.393	-2285.662	154.2697	1.302955	0.4496687	0.582704	0.417296	3.199771
3546	-2137.046	-2290.24	153.1933	1.250764	0.5462777	0.669504	0.330496	3.765208
3552	-2136.313	-2291.073	154.76	1.285573	0.6537579	0.622539	0.377461	2.724443
3558	-2143.68	-2297.488	153.8077	1.299251	0.6616043	0.622539	0.377461	3.281416
3564	-2126.909	-2279.481	152.5726	1.000796	0.2688798	0.683746	0.316254	4.566482
3570	-2140.67	-2295.169	154.4993	1.009116	0.3781452	0.615134	0.384866	3.317418
3576	-2141.222	-2294.201	152.9791	1.166279	0.306073	0.78302	0.21698	4.1933
3582	-2140.47	-2296.386	155.9155	1.257199	0.3257483	0.715236	0.284764	2.372746
3588	-2127.048	-2281.589	154.5408	1.233739	0.3898135	0.702309	0.297691	3.146305
3594	-2131.438	-2286.473	155.0347	1.117408	0.4233683	0.680266	0.319734	2.881579
3600	-2139.877	-2293.792	153.9153	1.173562	0.4233683	0.606183	0.393817	3.512126
3606	-2136.926	-2291.425	154.4985	1.282056	0.5024205	0.606183	0.393817	3.022104
3612	-2139.119	-2293.646	154.5266	1.306314	0.6627687	0.582988	0.417012	2.84658
3618	-2145.622	-2301.02	155.3977	1.306314	0.4357005	0.593552	0.406448	2.529054
3624	-2132.016	-2287.499	155.483	1.548527	0.648106	0.587859	0.412141	2.106768
3630	-2121.828	-2277.469	155.6414	1.568173	0.648106	0.699207	0.300793	1.989005
3636	-2127.056	-2283.132	156.0761	1.464653	0.4309139	0.605591	0.394409	1.996927
3642	-2134.876	-2290.737	155.8617	1.460543	0.4547424	0.610231	0.389769	2.113036
3648	-2135.774	-2290.417	154.6425	1.342837	0.4315559	0.684383	0.315617	2.973023
3654	-2140.319	-2294.697	154.3786	1.187764	0.3851248	0.709321	0.290679	3.275058
3660	-2132.441	-2285.348	152.907	1.286452	0.4462061	0.709321	0.290679	4.00468
3666	-2134.263	-2287.626	153.363	1.040533	0.4356731	0.718706	0.281294	3.89527
3672	-2147.046	-2300.552	153.5057	1.139483	0.2853067	0.681432	0.318568	3.936158
3678	-2143.593	-2298.655	155.0624	1.139483	0.3973872	0.706225	0.293775	2.88125
3684	-2144.282	-2299.195	154.9134	1.183578	0.3973872	0.549619	0.450381	2.944597
3690	-2127.733	-2282.56	154.8268	1.244728	0.463036	0.641913	0.358087	2.887195
3696	-2135.323	-2290.157	154.8341	1.357455	0.3976395	0.627983	0.372017	2.887195
3702	-2149.533	-2304.494	154.9609	1.395224	0.2363593	0.647361	0.352639	3.008753
3708	-2139.403	-2295.209	155.806	1.395224	0.4863011	0.576725	0.423275	2.156497
3714	-2137.774	-2292.333	154.5584	1.443394	0.3210965	0.653966	0.346034	3.096453
3720	-2142.141	-2298.01	155.869	1.45645	0.3210965	0.673142	0.326858	2.28206
3726	-2129.2	-2283.761	154.5607	1.158839	0.3210965	0.541065	0.458935	3.263953
3732	-2132.334	-2286.41	154.0762	1.129887	0.6558978	0.583549	0.416451	3.227433
3738	-2117.54	-2273.039	155.4996	1.191685	0.2674203	0.555353	0.444647	2.757096
3744	-2117.118	-2272.835	155.7162	1.311361	0.4257453	0.599994	0.400006	2.336902
3750	-2122.384	-2277.605	155.2213	1.518977	0.5086744	0.624351	0.375649	2.42763
3756	-2123.75	-2279.449	155.6996	1.442484	0.2758993	0.624351	0.375649	2.46521
3762	-2118.808	-2274.05	155.2424	1.291176	0.4293556	0.624351	0.375649	2.641918
3768	-2133.14	-2288.342	155.2022	1.11192	0.3662304	0.624351	0.375649	2.850798
3774	-2126.75	-2280.614	153.8637	1.12306	0.3776463	0.624351	0.375649	3.622775
3780	-2145.391	-2300.275	154.8838	1.305896	0.3776463	0.500928	0.499072	2.912129
3786	-2139.203	-2292.383	153.1802	1.19155	0.2982356	0.593283	0.406717	4.074888
3792	-2141.974	-2298.234	156.2596	1.440951	0.5529449	0.665238	0.334762	1.748216
3798	-2126.81	-2282.148	155.338	1.440951	0.4856346	0.710686	0.289314	2.427358
3804	-2120.823	-2276.233	155.4104	1.506873	0.5420518	0.624506	0.375494	2.281405
3810	-2123.692	-2279.524	155.8319	1.633546	0.5086655	0.589988	0.410012	1.95736
3816	-2123.891	-2280.022	156.1309	1.525729	0.4007008	0.569921	0.430079	1.95736
3822	-2133.235	-2289.486	156.2515	1.546904	0.4413216	0.624111	0.375889	1.809347
3828	-2147.694	-2303.573	155.8794	1.662344	0.7146426	0.647054	0.352946	1.700359
3834	-2140.974	-2296.732	155.758	1.734363	0.6827437	0.647054	0.352946	1.764318
3840	-2136.992	-2293.385	156.3924	1.734363	0.3413229	0.567359	0.432641	1.71702
3846	-2131.758	-2287.109	155.3511	1.570952	0.7692163	0.508596	0.491404	2.075969
3852	-2124.127	-2280.494	156.3666	1.636652	0.4304879	0.646367	0.353633	1.679546
3858	-2146.406	-2301.687	155.2811	1.469591	0.2933655	0.672431	0.327569	2.681994
3864	-2130.255	-2284.438	154.1837	1.19867	0.4833384	0.613924	0.386076	3.277766
3870	-2139.843	-2293.223	153.3792	1.221223	0.5345429	0.544069	0.455931	3.685521
3876	-2124.808	-2279.378	154.57	1.266636	0.3870249	0.630259	0.369741	3.112627
3882	-2132.64	-2286.208	153.5678	1.10615	0.3073428	0.685371	0.314629	3.890022
3888	-2123.572	-2277.337	153.7645	1.149348	0.3964765	0.625835	0.374165	3.643489
3894	-2123.629	-2278.275	154.6456	1.268665	0.5229497	0.530883	0.469117	2.921728
3900	-2134.867	-2288.593	153.7265	1.143299	0.3264025	0.633262	0.366738	3.752658
3906	-2137.985	-2292.316	154.3307	1.148742	0.3256288	0.681393	0.318607	3.399269
3912	-2145.303	-2299.125	153.8214	1.154154	0.2888964	0.638927	0.361073	3.741328
3918	-2142.236	-2295.596	153.3593	1.074591	0.2993963	0.718738	0.281262	4.037889
3924	-2143.757	-2297.116	153.3593	1.074591	0.2993963	0.500714	0.499286	4.037889
3930	-2140.501	-2293.842	153.3416	1.067156	0.2588866	0.662279	0.337721	4.108588
3936	-2131.908	-2285.197	153.2889	0.9753964	0.319345	0.622438	0.377562	4.108588
3942	-2139.471	-2292.72	153.2488	1.049126	0.3045443	0.622438	0.377562	4.108588
3948	-2130.332	-2283.286	152.9543	0.8941728	0.4043511	0.622438	0.377562	4.245037
3954	-2128.529	-2280.764	152.2348	0.890418	0.3886378	0.682134	0.317866	4.669503
3960	-2139.008	-2291.542	152.5347	1.066013	0.5490007	0.532774	0.467226	4.244711
3966	-2138.706	-2292.059	153.3535	0.9662715	0.3441582	0.64428	0.35572	4.046086
3972	-2148.46	-2302.338	153.8784	1.015231	0.3970888	0.744392	0.255608	3.654512
3978	-2140.979	-2293.836	152.8569	0.9154198	0.4134541	0.511887	0.488113	4.278376
3984	-2139.496	-2292.66	153.1646	0.9634891	0.2517632	0.667142	0.332858	4.278376
3990	-2131.792	-2285.457	153.6647	1.137043	0.2856026	0.581657	0.418343	3.845946
3996	-2133.251	-2287.058	153.8069	1.017252	0.3871848	0.704831	0.295169	3.705942
4002	-2130.723	-2284.271	153.5479	0.9960908	0.3523407	0.686306	0.313694	3.907951
4008	-2135.362	-2289.435	154.0729	1.092224	0.3147613	0.678166	0.321834	3.596787
4014	-2134.097	-2288.865	154.7674	1.143304	0.3981214	0.660893	0.339107	3.055508
4020	-2138.286	-2292.222	153.9363	1.406923	0.5248517	0.697379	0.302621	3.260559
4026	-2133.407	-2288.503	155.096	1.141501	0.249738	0.467577	0.532423	3.058441
4032	-2147.776	-2302.847	155.0703	1.352808	0.4542556	0.457359	0.542641	2.682283
4038	-2146.094	-2300.482	154.388	1.352808	0.6104725	0.692749	0.307251	2.946289
4044	-2134.904	-2291.096	156.192	1.480707	0.4612446	0.6409	0.3591	1.871346
4050	-2123.533	-2278.992	155.4595	1.483846	0.3173407	0.58147	0.41853	2.5286
4056	-2119.52	-2275.307	155.7871	1.478372	0.3967791	0.573127	0.426873	2.219563
4062	-2118.327	-2273.698	155.371	1.393683	0.3044372	0.563499	0.436501	2.657476
4068	-2121.183	-2275.246	154.0627	1.235747	0.3869595	0.563499	0.436501	3.430392
4074	-2127.187	-2280.741	153.5544	1.017037	0.3421391	0.568825	0.431175	3.904596
4080	-2119.046	-2272.4	153.3542	1.127521	0.3858284	0.58373	0.41627	3.904596
4086	-2125.282	-2278.47	153.188	1.139059	0.2695263	0.699961	0.300039	4.139809
4092	-2137.903	-2291.969	154.0661	1.131883	0.3614524	0.436551	0.563449	3.51908
4098	-2133.233	-2286.57	153.3362	1.126055	0.3758894	0.549084	0.450916	3.927125
4104	-2136.717	-2288.186	151.4692	1.126055	0.2222752	0.549084	0.450916	5.180241
4110	-2137.342	-2289.782	152.4398	0.9248636	0.2943743	0.67475	0.32525	4.648833
4116	-2135.317	-2290.107	154.79	1.227984	0.3239256	0.579734	0.420266	3.08307
4122	-2128.305	-2282.375	154.0706	1.056421	0.3239256	0.579781	0.420219	3.607016
4128	-2126.632	-2279.982	153.3499	1.297046	0.4641784	0.464386	0.535614	3.726001
4134	-2130.809	-2285.057	154.2482	1.461757	0.3202045	0.550054	0.449946	3.270743
4140	-2126.434	-2282.382	155.948	1.478957	0.3360348	0.621105	0.378895	2.195563
4146	-2139.514	-2295.458	155.9442	1.464865	0.2744357	0.463051	0.536949	2.298495
4152	-2129.335	-2285.09	155.7551	1.440707	0.3699784	0.502309	0.497691	2.298495
4158	-2128.868	-2283.739	154.8714	1.357766	0.35864	0.62477	0.37523	2.91169
4164	-2132.093	-2285.195	153.1021	1.150291	0.5202027	0.710238	0.289762	3.899148
4170	-2135.166	-2290.11	154.9438	1.150168	0.2778786	0.635108	0.364892	3.101652
4176	-2151.5	-2304.539	153.0394	1.331683	0.2611427	0.713851	0.286149	4.126736
4182	-2139.71	-2294.313	154.6031	1.197327	0.4953687	0.556821	0.443179	3.017232
4188	-2135.683	-2290.299	154.6165	1.275762	0.4422694	0.649469	0.350531	3.017232
4194	-2132.67	-2287.354	154.6839	1.275762	0.4058887	0.54979	0.45021	3.017232
4200	-2128.302	-2283.101	154.7992	1.293219	0.3402717	0.54979	0.45021	3.017232
4206	-2146.405	-2300.654	154.249	1.224244	0.3503714	0.778431	0.221569	3.371562
4212	-2142.26	-2296.488	154.2279	1.224244	0.3605148	0.722916	0.277084	3.371562
4218	-2125.575	-2279.917	154.3416	1.260585	0.5430013	0.625021	0.374979	3.089874
4224	-2125.006	-2279.423	154.4172	1.329395	0.4558773	0.629378	0.370622	3.089874
4230	-2135.171	-2288.862	153.6906	1.329395	0.4558773	0.662759	0.337241	3.518025
4236	-2126.866	-2281.854	154.9875	1.391961	0.4722851	0.598957	0.401043	2.689796
4242	-2139.236	-2293.398	154.1625	1.278487	0.4088291	0.659011	0.340989	3.321868
4248	-2142.341	-2295.124	152.7829	1.051833	0.2754482	0.582728	0.417272	4.410253
4254	-2148.926	-2300.916	151.9901	1.104631	0.3526899	0.663629	0.336371	4.727405
4260	-2144.243	-2296.374	152.1314	1.258254	0.2294139	0.567089	0.432911	4.727405
4266	-2141.905	-2294.168	152.2624	1.04181	0.3121535	0.668346	0.331654	4.659684
4272	-2133.121	-2286.779	153.658	1.04181	0.2790291	0.548808	0.451192	3.913597
4278	-2141.781	-2296.277	154.4959	1.173587	0.3249543	0.658618	0.341382	3.288382
4284	-2133.935	-2289.561	155.626	1.232383	0.3249543	0.642204	0.357796	2.570857
4290	-2151.277	-2306.1	154.8235	1.381785	0.3034736	0.630683	0.369317	2.998686
4296	-2141.305	-2295.237	153.932	1.279837	0.4949858	0.452663	0.547337	3.366632
4302	-2136.641	-2292.288	155.6469	1.243845	0.4150301	0.645958	0.354042	2.43608
4308	-2133.503	-2288.304	154.8014	1.234957	0.3498906	0.562616	0.437384	3.038522
4314	-2130.324	-2286.504	156.1797	1.234957	0.3932533	0.597585	0.402415	2.127151
4320	-2131.599	-2287.494	155.8951	1.483271	0.3993366	0.686634	0.313366	2.143163
4326	-2145.79	-2301.874	156.084	1.510969	0.3850627	0.607207	0.392793	2.018952
4332	-2144.609	-2300.802	156.1937	1.443098	0.3947852	0.607207	0.392793	1.978296
4338	-2146.84	-2301.414	154.574	1.329502	0.283439	0.571285	0.428715	3.206789
4344	-2140.471	-2296.597	156.1259	1.368161	0.4005427	0.56491	0.43509	2.065748
4350	-2134.644	-2291.38	156.7352	1.556906	0.4212631	0.605697	0.394303	1.480572
4356	-2140.008	-2294.303	154.2958	1.487316	0.3420574	0.632675	0.367325	3.199216
4362	-2124.737	-2280.198	155.4608	1.46697	0.3420574	0.684378	0.315622	2.504474
4368	-2129.13	-2283.897	154.7671	1.305163	0.2814536	0.641486	0.358514	3.109429
4374	-2119.369	-2273.667	154.2975	1.177758	0.4291672	0.668634	0.331366	3.279324
4380	-2124.482	-2277.798	153.3166	1.177758	0.3245815	0.697001	0.302999	3.970617
4386	-2120.636	-2273.522	152.8863	1.2145	0.3201458	0.685448	0.314552	4.200495
4392	-2129.277	-2282.385	153.1073	1.19423	0.2381497	0.678898	0.321102	4.200495
4398	-2124.674	-2277.871	153.1967	1.071581	0.2506815	0.489339	0.510661	4.200495
4404	-2125.833	-2280.146	154.3133	1.144129	0.2335795	0.590444	0.409556	3.543672
4410	-2129.38	-2282.834	153.4533	1.196295	0.2335795	0.634939	0.365061	4.009352
4416	-2133.276	-2286.762	153.486	0.9799866	0.3723867	0.527899	0.472101	3.92898
4422	-2119.758	-2273.284	153.5258	1.007535	0.2812351	0.602186	0.397814	4.005769
4428	-2117.529	-2270.373	152.8438	1.007535	0.2755707	0.604786	0.395214	4.400708
4434	-2129.496	-2282.912	153.4161	1.007535	0.2712705	0.597877	0.402123	4.08235
4440	-2127.17	-2280.517	153.3468	1.025148	0.4506761	0.600579	0.399421	3.897962
4446	-2118.589	-2271.789	153.2003	1.205772	0.3187416	0.693202	0.306798	4.028556
4452	-2124.901	-2279.784	154.8838	1.516366	0.3187416	0.561529	0.438471	2.860214
4458	-2130.715	-2283.218	152.5028	1.004586	0.4778438	0.632337	0.367663	4.362903
4464	-2118.982	-2272.63	153.6483	0.9990286	0.3049321	0.626881	0.373119	3.908457
4470	-2128.635	-2281.656	153.021	0.9928575	0.4692262	0.579852	0.420148	4.084047
4476	-2123.16	-2275.75	152.5904	0.9784701	0.4397501	0.64655	0.35345	4.365941
4482	-2136.655	-2291.094	154.4389	1.119037	0.4283949	0.604164	0.395836	3.231301
4488	-2140.605	-2295.264	154.6589	1.176833	0.251815	0.604164	0.395836	3.293716
4494	-2135.997	-2290.8	154.803	1.195194	0.370943	0.651458	0.348542	3.035355
4500	-2134.306	-2289.262	154.9553	1.207464	0.5111298	0.597103	0.402897	2.782594
4506	-2138.72	-2293.528	154.8077	1.248961	0.2243407	0.630623	0.369377	3.206908
4512	-2134.8	-2289.869	155.0692	1.339741	0.4748615	0.654188	0.345812	2.668956
4518	-2124.76	-2279.362	154.6019	1.338312	0.8087158	0.648907	0.351093	2.668956
4524	-2121.45	-2276.274	154.824	1.338312	0.5496575	0.537743	0.462257	2.745592
4530	-2122.542	-2278.222	155.6805	1.327504	0.4603509	0.668357	0.331643	2.309683
4536	-2123.583	-2279.431	155.848	1.325421	0.3260244	0.565147	0.434853	2.371917
4542	-2119.001	-2274.88	155.879	1.562746	0.5954767	0.522638	0.477362	1.882787
4548	-2126.734	-2283.388	156.6539	1.539952	0.3516835	0.613172	0.386828	1.653724
4554	-2145.966	-2302.891	156.9246	1.651216	0.2415105	0.653503	0.346497	1.565246
4560	-2139.577	-2295.477	155.9	1.436535	0.4803695	0.641182	0.358818	2.074479
4566	-2132.554	-2287.667	155.1128	1.36777	0.3144141	0.662796	0.337204	2.817332
4572	-2126.624	-2282.46	155.8363	1.36777	0.3906726	0.585246	0.414754	2.266772
4578	-2134.092	-2288.512	154.4197	1.308702	0.7073973	0.585246	0.414754	2.874159
4584	-2136.556	-2291.183	154.6266	1.3398	0.5397061	0.647406	0.352594	2.874159
4590	-2134.412	-2288.943	154.5309	1.269969	0.2933321	0.645147	0.354853	3.253528
4596	-2127.613	-2281.92	154.3063	1.236389	0.4163666	0.526203	0.473797	3.253528
4602	-2127.183	-2279.3	152.1162	1.127678	0.3968451	0.51167	0.48833	4.594034
4608	-2133.266	-2286.842	153.576	1.121581	0.2910427	0.51167	0.48833	3.89828
4614	-2124.095	-2277.666	153.5709	1.10311	0.2910427	0.594215	0.405785	3.911789
4620	-2130.3	-2284.227	153.9275	1.047595	0.3137601	0.530144	0.469856	3.708207
4626	-2131.361	-2285.222	153.8612	1.113906	0.3137601	0.505728	0.494272	3.708207
4632	-2154.735	-2307.954	153.2192	1.047463	0.3039701	0.597105	0.402895	4.127142
4638	-2136.912	-2291.028	154.1168	1.22854	0.4596342	0.597105	0.402895	3.323638
4644	-2137.992	-2292.156	154.1639	1.245769	0.4596342	0.701258	0.298742	3.285766
4650	-2138.266	-2290.999	152.7327	1.122478	0.4162906	0.626241	0.373759	4.228382
4656	-2129.81	-2284.905	155.0949	1.255639	0.297247	0.602374	0.397626	2.92001
4662	-2122.48	-2276.574	154.094	1.333243	0.4562325	0.663534	0.336466	3.278915
4668	-2130.514	-2284.233	153.7189	1.396952	0.4073787	0.586954	0.413046	3.513901
4674	-2117.774	-2273.5	155.7259	1.386933	0.3706083	0.571789	0.428211	2.350491
4680	-2116.059	-2271.634	155.5747	1.361698	0.3706083	0.647577	0.352423	2.461865
4686	-2135.141	-2288.721	153.5791	1.175565	0.2220947	0.577277	0.422723	3.967414
4692	-2120.124	-2273.413	153.2895	1.066939	0.3938016	0.585322	0.414678	3.967414
4698	-2109.845	-2263.671	153.8261	1.108063	0.3600142	0.517189	0.482811	3.67403
4704	-2125.241	-2278.945	153.7038	1.108063	0.4224653	0.670091	0.329909	3.67403
4710	-2127.47	-2281.454	153.984	1.111739	0.3982716	0.55354	0.44646	3.535797
4716	-2120.798	-2274.33	153.5315	1.179663	0.2001168	0.548288	0.451712	4.028655
4722	-2119.751	-2274.239	154.4885	1.360791	0.1924159	0.548288	0.451712	3.384058
4728	-2115.95	-2270.253	154.3029	1.328794	0.4759849	0.544018	0.455982	3.137501
4734	-2130.476	-2285.126	154.6496	1.435327	0.257474	0.597417	0.402583	3.137501
4740	-2120.869	-2276.316	155.4467	1.416278	0.4487797	0.635205	0.364795	2.414679
4746	-2136.781	-2293.599	156.8182	1.416278	0.3156088	0.549264	0.450736	1.680764
4752	-2132.879	-2286.492	153.6134	1.246461	0.626961	0.650295	0.349705	3.454611
4758	-2127.337	-2281.455	154.1173	1.136818	0.3884098	0.615525	0.384475	3.454611
4764	-2136.526	-2291.887	155.3617	1.136818	0.262203	0.673464	0.326536	2.882227
4770	-2129.588	-2284.012	154.4244	1.101738	0.2890197	0.673464	0.326536	3.421106
4776	-2135.168	-2288.285	153.1173	1.101738	0.2981435	0.651654	0.348346	4.161881
4782	-2134.706	-2287.781	153.0755	0.9800694	0.3735096	0.524068	0.475932	4.161881
4788	-2130.875	-2284.045	153.1701	0.9946285	0.3219652	0.524068	0.475932	4.161881
4794	-2123.946	-2276.782	152.8353	0.9948077	0.3516278	0.524068	0.475932	4.315216
4800	-2133.619	-2286.143	152.5244	1.065069	0.3360741	0.496133	0.503867	4.469721
4806	-2131.302	-2285.688	154.3856	1.226136	0.3169367	0.646296	0.353704	3.332966
4812	-2132.929	-2287	154.0711	1.441669	0.8277148	0.683678	0.316322	2.915903
4818	-2127.788	-2282.326	154.5385	1.317281	0.3869337	0.678956	0.321044	3.101293
4824	-2132.564	-2286.72	154.1564	1.293342	0.3981848	0.646774	0.353226	3.328731
4830	-2125.989	-2281.584	155.5951	1.32813	0.3981848	0.528912	0.471088	2.435821
4836	-2131.497	-2287.276	155.7786	1.42985	0.2886938	0.60313	0.39687	2.403926
4842	-2125.971	-2279.638	153.6661	1.086862	0.3267513	0.446484	0.553516	3.819566
4848	-2128.241	-2282.181	153.9391	1.156936	0.3794577	0.518145	0.481855	3.557147
4854	-2141.557	-2293.743	152.186	1.001962	0.3872394	0.446547	0.553453	4.635896
4860	-2132.198	-2284.519	152.3213	1.041494	0.2724065	0.61873	0.38127	4.679645
4866	-2137.848	-2291.201	153.3528	1.279096	0.2724065	0.622447	0.377553	3.961816
4872	-2131.157	-2286.202	155.0448	1.34078	0.5321475	0.57739	0.42261	2.625214
4878	-2139.365	-2291.729	152.3638	1.360412	0.1978118	0.635373	0.364627	4.590922
4884	-2149.313	-2302.498	153.1853	1.263576	0.2939119	0.617127	0.382873	4.036702
4890	-2144.335	-2296.331	151.9951	0.9862458	0.2979532	0.74608	0.25392	4.858349
4896	-2129.43	-2282.35	152.9193	0.9450597	0.2699932	0.589436	0.410564	4.401186
4902	-2150.455	-2302.751	152.296	1.031806	0.4419095	0.565674	0.434326	4.499614
4908	-2135.109	-2288.088	152.9794	1.082133	0.3867838	0.70178	0.29822	4.143408
4914	-2123.697	-2276.558	152.8606	1.208994	0.3827058	0.613372	0.386628	4.143408
4920	-2125.461	-2278.139	152.678	0.9740781	0.4381276	0.625678	0.374322	4.320585
4926	-2135.436	-2288.007	152.5711	0.9872001	0.4462296	0.558198	0.441802	4.365362
4932	-2132.484	-2285.895	153.4112	1.034534	0.2521104	0.493191	0.506809	4.097512
4938	-2121.102	-2274.113	153.0108	1.035531	0.2808118	0.666828	0.333172	4.283321
4944	-2133.472	-2286.169	152.6969	1.389545	0.2646108	0.696318	0.303682	4.283321
4950	-2127.498	-2282.034	154.5363	1.229373	0.25375	0.563492	0.436508	3.331988
4956	-2125.718	-2279.59	153.8718	1.048446	0.3048799	0.658641	0.341359	3.751559
4962	-2124.761	-2277.552	152.7912	1.108406	0.3389005	0.591017	0.408983	4.291201
4968	-2127.449	-2280.36	152.9108	1.033047	0.318782	0.55124	0.44876	4.291201
4974	-2123.59	-2276.579	152.9896	1.03189	0.3284322	0.616023	0.383977	4.235095
4980	-2108.993	-2262.542	153.5487	1.115711	0.3284322	0.594845	0.405155	3.8683
4986	-2125.633	-2278.992	153.3591	1.090992	0.3284322	0.618126	0.381874	3.991092
4992	-2119.603	-2272.888	153.2853	1.078515	0.3692606	0.573485	0.426515	3.991092
4998	-2125.38	-2278.623	153.243	1.117563	0.2688024	0.612963	0.387037	4.121735
5004	-2141.695	-2295.45	153.7551	1.144669	0.3396813	0.556545	0.443455	3.718718
5010	-2130.254	-2283.139	152.8852	1.016412	0.2649972	0.59117	0.40883	4.38719
5016	-2137.97	-2291.652	153.6824	1.163195	0.2942706	0.676304	0.323696	3.808829
5022	-2131.028	-2284.204	153.1762	1.123886	0.4031031	0.643086	0.356914	3.989349
5028	-2126.9	-2280.139	153.2391	1.160613	0.4031031	0.700458	0.299542	3.932313
5034	-2127.5	-2280.945	153.4447	0.9550509	0.4031031	0.709292	0.290708	3.932313
5040	-2125.981	-2278.819	152.8386	0.9655207	0.421747	0.664053	0.335947	4.251557
5046	-2127.493	-2281.72	154.227	1.049825	0.347765	0.664053	0.335947	3.489761
5052	-2127.867	-2281.958	154.0911	1.119616	0.236041	0.478632	0.521368	3.682987
5058	-2124.907	-2278.824	153.9171	1.072953	0.3265788	0.648853	0.351147	3.682987
5064	-2126.653	-2281.702	155.0488	1.24331	0.4299432	0.589603	0.410397	2.789208
5070	-2126.109	-2281.228	155.1194	1.202772	0.4138164	0.76362	0.23638	2.789208
5076	-2142.301	-2298.344	156.0427	1.517709	0.3153161	0.556579	0.443421	2.138558
5082	-2132.395	-2289.218	156.8227	1.589933	0.3304013	0.67403	0.32597	1.527456
5088	-2144.331	-2301.036	156.7044	1.767761	0.4313582	0.605013	0.394987	1.326194
5094	-2135.763	-2292.606	156.8436	1.794619	0.3632552	0.661524	0.338476	1.298712
5100	-2134.354	-2291.426	157.0714	1.794619	0.3512829	0.671258	0.328742	1.125756
5106	-2134.516	-2291.502	156.9862	1.795487	0.3512829	0.578307	0.421693	1.199766
5112	-2143.929	-2300.409	156.4805	1.622894	0.3758606	0.642266	0.357734	1.682829
5118	-2136.753	-2292.333	155.5802	1.628176	0.5784915	0.508861	0.491139	2.056002
5124	-2145.678	-2301.825	156.1467	1.664334	0.4216221	0.660077	0.339923	1.825528
5130	-2145.472	-2299.527	154.0554	1.193376	0.4148944	0.74031	0.25969	3.427949
5136	-2145.281	-2300.531	155.2502	1.250989	0.3296615	0.671835	0.328165	2.784166
5142	-2139.884	-2296.414	156.5293	1.577398	0.3950405	0.54816	0.45184	1.653395
5148	-2142.248	-2298.125	155.8771	1.577398	0.6396945	0.615859	0.384141	1.830942
5154	-2145.322	-2300.375	155.053	1.373228	0.3976837	0.524447	0.475553	2.744499
5160	-2151.682	-2306.429	154.7469	1.186157	0.48901	0.591075	0.408925	2.943954
5166	-2134.125	-2288.885	154.7597	1.129943	0.2925444	0.630541	0.369459	3.202131
5172	-2129.378	-2282.389	153.0114	0.9448175	0.2925444	0.559942	0.440058	4.31834
5178	-2125.539	-2279.219	153.6798	1.148671	0.2725914	0.615633	0.384367	3.848813
5184	-2119.018	-2272.531	153.5125	1.056642	0.283277	0.626874	0.373126	3.982487
5190	-2115.503	-2268.832	153.3295	1.185856	0.306101	0.711172	0.288828	3.982487
5196	-2122.806	-2276.282	153.4763	1.337023	0.3745193	0.69136	0.30864	3.726755
5202	-2126.773	-2281.702	154.9287	1.367795	0.4658456	0.69136	0.30864	2.747453
5208	-2129.658	-2285.386	155.7287	1.586672	0.2616353	0.658904	0.341096	2.378481
5214	-2126.049	-2282.127	156.0773	1.664193	0.2668775	0.700205	0.299795	2.095429
5220	-2126.575	-2282.049	155.4744	1.5484	0.3574864	0.637899	0.362101	2.42449
5226	-2136.482	-2290.453	153.971	1.252136	0.353886	0.653016	0.346984	3.513601
5232	-2141.542	-2295.805	154.2633	1.209004	0.3865638	0.644753	0.355247	3.328786
5238	-2134.706	-2288.881	154.175	1.209004	0.4331073	0.562568	0.437432	3.328786
5244	-2145.393	-2299.964	154.5716	1.093324	0.4061505	0.598341	0.401659	3.192639
5250	-2138.362	-2292.718	154.3561	1.241871	0.4061505	0.710522	0.289478	3.232283
5256	-2132.582	-2286.823	154.2403	1.27894	0.4488659	0.657934	0.342066	3.232283
5262	-2128.303	-2283.036	154.7327	1.27894	0.2748569	0.62737	0.37263	3.155089
5268	-2137.243	-2289.599	152.3566	1.02284	0.3279668	0.620965	0.379035	4.59769
5274	-2135.768	-2288.887	153.1194	1.194482	0.2503613	0.603435	0.396565	4.175076
5280	-2135.963	-2289.003	153.0398	1.194482	0.2659201	0.603435	0.396565	4.197654
5286	-2146.365	-2300.069	153.7047	1.158744	0.2631151	0.603435	0.396565	3.842363
5292	-2137.779	-2292.374	154.5952	1.553019	0.3753047	0.603435	0.396565	2.939927
5298	-2131.197	-2287.683	156.4857	1.553019	0.3657458	0.613434	0.386566	1.743004
5304	-2140.09	-2296.403	156.3125	1.553019	0.440019	0.486777	0.513223	1.76436
5310	-2128.581	-2284.405	155.8237	1.765111	0.5503028	0.572132	0.427868	1.828572
5316	-2140.368	-2296.26	155.8925	1.522439	0.6477671	0.480036	0.519964	1.850435
5322	-2142.161	-2297.488	155.3269	1.454092	0.3941869	0.480036	0.519964	2.529716
5328	-2138.765	-2293.435	154.6694	1.342078	0.4077	0.716857	0.283143	2.984105
5334	-2137.026	-2292.504	155.4779	1.608137	0.8759034	0.507436	0.492564	1.883606
5340	-2145.255	-2299.431	154.1762	1.546846	0.9393155	0.537071	0.462929	2.713522
5346	-2137.979	-2293.388	155.4092	1.191261	0.3371201	0.704113	0.295887	2.713522
5352	-2141.004	-2296.323	155.3191	1.379341	0.2937451	0.635306	0.364694	2.713522
5358	-2134.363	-2289.45	155.0869	1.29403	0.4493668	0.430546	0.569454	2.713522
5364	-2133.074	-2286.978	153.9039	1.227239	0.3465623	0.552756	0.447244	3.576098
5370	-2140	-2296.018	156.0178	1.376835	0.3621628	0.497195	0.502805	2.180783
5376	-2127.466	-2283.299	155.8326	1.376835	0.4332698	0.497195	0.502805	2.211449
5382	-2132.606	-2288.708	156.1021	1.462063	0.4602384	0.549437	0.450563	1.946051
5388	-2128.781	-2284.237	155.4555	1.476299	0.7479414	0.571093	0.428907	2.086716
5394	-2133.275	-2289.096	155.821	1.476299	0.5459392	0.631212	0.368788	2.029978
5400	-2129.803	-2285.298	155.4956	1.518606	0.3060403	0.626054	0.373946	2.500422
5406	-2136.751	-2290.917	154.1662	1.256554	0.4925838	0.6643	0.3357	3.244755
5412	-2141.807	-2295.55	153.7424	1.256554	0.4357232	0.664116	0.335884	3.551298
5418	-2130.975	-2285.913	154.9379	1.213682	0.4357232	0.491585	0.508415	2.86819
5424	-2140.322	-2294.804	154.4822	1.261334	0.7033477	0.623131	0.376869	2.86819
5430	-2134.692	-2289.369	154.6768	1.261334	0.5323962	0.637101	0.362899	2.898229
5436	-2139.351	-2293.885	154.5333	1.287078	0.6105763	0.619834	0.380166	2.898229
5442	-2122.58	-2277.589	155.0097	1.328645	0.4993158	0.619834	0.380166	2.687035
5448	-2127.979	-2283.427	155.4485	1.330837	0.5043416	0.589642	0.410358	2.40748
5454	-2121.659	-2276.33	154.671	1.175321	0.3996771	0.583781	0.416219	3.092152
5460	-2130.298	-2285.169	154.8707	1.219312	0.3996771	0.656361	0.343639	2.946129
5466	-2128.876	-2283.444	154.5683	1.298677	0.3996771	0.638604	0.361396	3.079821
5472	-2136.173	-2289.033	152.8593	1.140057	0.5885014	0.590118	0.409882	3.983838
5478	-2132.881	-2286.447	153.5661	1.0995	0.3508473	0.553276	0.446724	3.839953
5484	-2135.928	-2288.888	152.9594	0.9298278	0.3508473	0.678971	0.321029	4.282688
5490	-2131.994	-2287.274	155.2803	1.125973	0.3421962	0.578288	0.421712	2.825378
5496	-2140.509	-2295.068	154.5592	1.508005	0.4920705	0.592051	0.407949	2.859784
5502	-2150.44	-2306.666	156.2252	1.508005	0.3699799	0.648603	0.351397	1.946711
5508	-2141.403	-2296.957	155.5536	1.42369	0.5546074	0.69301	0.30699	2.230332
5514	-2141.615	-2294.51	152.8944	1.101692	0.5592595	0.671623	0.328377	4.010789
5520	-2145.351	-2297.889	152.5381	0.84275	0.425142	0.642617	0.357383	4.486991
5526	-2133.921	-2285.745	151.8238	0.9438681	0.3555137	0.586069	0.413931	4.906593
5532	-2137.32	-2287.871	150.5516	0.9946933	0.524388	0.652474	0.347526	5.412834
5538	-2127.821	-2280.735	152.9143	0.8785018	0.3172734	0.598603	0.401397	4.378431
5544	-2140.594	-2291.051	150.4573	0.8785018	0.5731516	0.718687	0.281313	5.487142
5550	-2136.676	-2290.961	154.2853	0.895922	0.3060203	0.658414	0.341586	3.599015
5556	-2121.998	-2275.148	153.1506	1.026871	0.3130182	0.575948	0.424052	4.166065
5562	-2149.052	-2304.463	155.411	1.243525	0.3485041	0.665164	0.334836	2.665412
5568	-2134.368	-2288.297	153.9291	1.159579	0.3605124	0.60576	0.39424	3.583845
5574	-2140.85	-2295.708	154.8583	1.227202	0.2449607	0.553759	0.446241	3.156505
5580	-2150.543	-2304.213	153.6699	1.258615	0.3210486	0.614704	0.385296	3.725634
5586	-2149.725	-2304.47	154.7452	1.249801	0.3546794	0.592874	0.407126	3.057278
5592	-2136.686	-2292.011	155.3255	1.396027	0.4115169	0.592874	0.407126	2.546089
5598	-2138.54	-2293.776	155.2364	1.404765	0.4271114	0.692113	0.307887	2.577898
5604	-2152.82	-2308.199	155.3786	1.291389	0.4271114	0.506808	0.493192	2.56004
5610	-2139.349	-2295.109	155.7594	1.420984	0.3749603	0.673708	0.326292	2.301881
5616	-2135.111	-2290.074	154.963	1.478696	0.7673801	0.582176	0.417824	2.387094
5622	-2141.667	-2298.499	156.8311	1.603245	0.406047	0.582176	0.417824	1.39349
5628	-2146.873	-2302.589	155.7154	1.486997	0.6043002	0.522405	0.477595	2.034892
5634	-2142.482	-2298.415	155.9326	1.384998	0.4200612	0.752914	0.247086	2.157134
5640	-2139.032	-2294.982	155.9501	1.353158	0.5056619	0.747843	0.252157	2.068587
5646	-2146.458	-2301.313	154.8542	1.194101	0.3610003	0.585663	0.414337	3.017479
5652	-2139.248	-2292.69	153.4427	1.06032	0.3276859	0.686737	0.313263	3.96179
5658	-2141.692	-2295.709	154.0164	1.16577	0.3379133	0.655751	0.344249	3.557193
5664	-2127.051	-2281.296	154.2457	0.9686231	0.323235	0.601654	0.398346	3.557193
5670	-2125.146	-2280.236	155.0893	1.192819	0.4425183	0.514458	0.485542	2.781417
5676	-2117.752	-2272.155	154.4029	1.247397	0.4141989	0.712038	0.287962	3.192271
5682	-2144.907	-2298.241	153.3335	1.0091	0.3714962	0.586181	0.413819	4.000609
5688	-2143.475	-2296.267	152.7916	1.012079	0.3819586	0.799169	0.200831	4.295137
5694	-2130.88	-2283.507	152.6275	1.034656	0.3762874	0.706902	0.293098	4.381479
5700	-2127.589	-2281.184	153.5954	1.192748	0.4102914	0.614266	0.385734	3.700958
5706	-2134.562	-2286.724	152.1627	1.001312	0.3362924	0.66933	0.33067	4.708215
5712	-2129.432	-2282.142	152.7096	1.001312	0.3661151	0.61799	0.38201	4.365609
5718	-2131.525	-2285.825	154.3009	1.206037	0.3914597	0.593337	0.406663	3.302754
5724	-2139.504	-2294.51	155.0061	1.053199	0.2993121	0.589606	0.410394	3.091813
5730	-2132.58	-2284.656	152.0761	0.8983258	0.3304681	0.792816	0.207184	4.821149
5736	-2139.109	-2291.866	152.7568	0.9080423	0.4038121	0.61054	0.38946	4.349513
5742	-2139.233	-2290.574	151.3401	0.8870863	0.3818259	0.580934	0.419066	5.176871
5748	-2135.854	-2287.67	151.8159	0.9720008	0.4084133	0.611134	0.388866	4.836643
5754	-2135.126	-2288.074	152.9483	1.001588	0.2855468	0.531004	0.468996	4.3314
5760	-2131.632	-2285.568	153.9362	1.078841	0.2904556	0.613916	0.386084	3.716363
5766	-2151.459	-2304.991	153.5319	1.154065	0.5418946	0.561558	0.438442	3.629314
5772	-2135.712	-2289.775	154.063	1.154065	0.3695001	0.561637	0.438363	3.498369
5778	-2126.736	-2280.704	153.968	1.182557	0.4032038	0.606281	0.393719	3.498369
5784	-2124.241	-2278.311	154.0702	1.182557	0.3522054	0.596378	0.403622	3.498369
5790	-2131.612	-2286.357	154.7445	1.239872	0.4951317	0.648931	0.351069	2.906793
5796	-2135.783	-2290.501	154.7177	1.251245	0.4245427	0.607667	0.392333	2.990652
5802	-2143.378	-2297.42	154.0421	1.150696	0.4228298	0.642008	0.357992	3.452067
5808	-2140.378	-2294.75	154.3724	1.163299	0.4228298	0.61182	0.38818	3.250503
5814	-2137.265	-2291.643	154.3773	1.118711	0.4753293	0.615212	0.384788	3.218664
5820	-2129.446	-2283.335	153.8887	1.15022	0.5620506	0.605769	0.394231	3.40546
5826	-2129.242	-2283.235	153.9929	1.15022	0.4296298	0.557148	0.442852	3.473726
5832	-2119.946	-2274.444	154.4977	1.168767	0.3744834	0.513571	0.486429	3.228468
5838	-2132.855	-2287.328	154.4727	1.17253	0.2880017	0.520317	0.479683	3.352717
5844	-2149.519	-2304.855	155.3358	1.410559	0.6187308	0.518066	0.481934	2.317601
5850	-2144.486	-2298.101	153.6147	1.214158	0.8024632	0.55926	0.44074	3.340549
5856	-2146.423	-2300.798	154.3747	1.107978	0.2962059	0.527011	0.472989	3.43663
5862	-2128.51	-2284.036	155.5264	1.342981	0.3099125	0.628678	0.371322	2.585021
5868	-2140.378	-2295.971	155.5935	1.255001	0.3191465	0.678424	0.321576	2.585021
5874	-2139.502	-2294.17	154.6676	1.372242	0.410517	0.580697	0.419303	2.963856
5880	-2142.664	-2297.98	155.3156	1.372242	0.4435836	0.597152	0.402848	2.530269
5886	-2138.88	-2295.324	156.4445	1.539428	0.4766081	0.663911	0.336089	1.634894
5892	-2137.316	-2293.539	156.2232	1.480904	0.4233636	0.559025	0.440975	1.896401
5898	-2131.017	-2286.175	155.1574	1.517532	0.4798646	0.574051	0.425949	2.498745
5904	-2137.566	-2293.819	156.253	1.695675	0.4593677	0.577015	0.422985	1.68153
5910	-2146.348	-2302.676	156.328	1.692731	0.4593677	0.648284	0.351716	1.629944
5916	-2139.576	-2295.878	156.3018	1.519555	0.4386924	0.626186	0.373814	1.796722
5922	-2141.218	-2297.446	156.2283	1.519555	0.4126223	0.599146	0.400854	1.880286
5928	-2141.995	-2298.009	156.0134	1.516182	0.4602349	0.599146	0.400854	1.969277
5934	-2129.135	-2285.495	156.3596	1.613785	0.4347005	0.610121	0.389879	1.695308
5940	-2133.38	-2289.299	155.9194	1.633375	0.4693761	0.518537	0.481463	1.943019
5946	-2127.398	-2283.832	156.4348	1.364063	0.3411519	0.659382	0.340618	1.943019
5952	-2142.983	-2298.625	155.6424	1.374485	0.3797944	0.683416	0.316584	2.39954
5958	-2138.311	-2293.802	155.4904	1.440927	0.2766868	0.512251	0.487749	2.595337
5964	-2126.874	-2282.651	155.7769	1.459592	0.376298	0.532466	0.467534	2.26423
5970	-2116.575	-2272.595	156.0194	1.608985	0.439317	0.714738	0.285262	1.927861
5976	-2126.587	-2282.282	155.695	1.561704	0.6701896	0.720572	0.279428	1.937221
5982	-2122.845	-2278.958	156.1133	1.575913	0.2724125	0.538131	0.461869	2.120648
5988	-2129.686	-2284.68	154.994	1.386522	0.3986859	0.690481	0.309519	2.771172
5994	-2119.31	-2272.755	153.4449	1.155228	0.3434635	0.67131	0.32869	3.886529
6000	-2132.761	-2286.502	153.7407	1.215869	0.4707931	0.619227	0.380773	3.539833
6006	-2126.817	-2280.456	153.6383	1.043515	0.3366402	0.508006	0.491994	3.848067
6012	-2126.191	-2279.461	153.2701	1.194709	0.3898287	0.599	0.401	3.909749
6018	-2129.596	-2284.408	154.812	1.3449	0.3531546	0.643464	0.356536	2.962096
6024	-2146.442	-2300.714	154.2728	1.519326	0.5581207	0.55826	0.44174	2.962096
6030	-2136.906	-2291.615	154.7086	1.396556	0.5404953	0.667794	0.332206	2.789166
6036	-2134.635	-2289.909	155.2746	1.396556	0.4570614	0.60011	0.39989	2.525741
6042	-2125.945	-2281.761	155.816	1.450083	0.4076596	0.472974	0.527026	2.205732
6048	-2129.379	-2285.582	156.2037	1.360712	0.2699905	0.584828	0.415172	2.205732
6054	-2135.315	-2290.071	154.7551	1.356145	0.2699905	0.713083	0.286917	3.102945
6060	-2134.695	-2288.632	153.9374	1.177937	0.3002068	0.633069	0.366931	3.645033
6066	-2148.718	-2301.415	152.6963	0.9265471	0.5999532	0.633069	0.366931	4.188789
6072	-2152.158	-2304.602	152.4436	0.9075036	0.4638376	0.633069	0.366931	4.464643
6078	-2136.113	-2288.882	152.7692	1.027997	0.2521223	0.633069	0.366931	4.464643
6084	-2130.631	-2283.967	153.3361	1.023422	0.3656808	0.556132	0.443868	3.997721
6090	-2132.667	-2285.459	152.7911	0.9595729	0.3179695	0.601121	0.398879	4.401331
6096	-2125.554	-2278.348	152.7937	0.9569604	0.3179695	0.601121	0.398879	4.401331
6102	-2134.274	-2286.821	152.5473	0.9308344	0.3307469	0.498929	0.501071	4.538862
6108	-2141.327	-2294.437	153.1097	0.8954938	0.4049572	0.642905	0.357095	4.155395
6114	-2138.031	-2290.998	152.9675	0.9467655	0.3714475	0.597759	0.402241	4.244455
6120	-2149.007	-2304.648	155.6408	1.430445	0.4188816	0.597759	0.402241	2.317216
6126	-2128.746	-2284.391	155.6452	1.385585	0.4155926	0.508602	0.491398	2.346879
6132	-2129.723	-2285.341	155.6186	1.311913	0.456681	0.448418	0.551582	2.363112
6138	-2127.933	-2283.785	155.852	1.359645	0.4214183	0.546867	0.453133	2.224167
6144	-2128.136	-2283.95	155.8141	1.359645	0.3926801	0.629988	0.370012	2.283647
6150	-2132.609	-2288.332	155.7226	1.323919	0.3810586	0.632534	0.367466	2.37925
6156	-2146.177	-2300.959	154.7825	1.20442	0.3340321	0.506016	0.493984	3.088344
6162	-2134.649	-2290.407	155.7577	1.478905	0.546285	0.53744	0.46256	2.069733
6168	-2140.219	-2295.198	154.979	1.170937	0.3790095	0.704875	0.295125	2.934446
6174	-2133.04	-2287.345	154.3049	1.170937	0.4771804	0.507302	0.492698	3.228709
6180	-2144.591	-2296.701	152.1099	1.108323	0.2880609	0.603572	0.396428	4.739158
6186	-2126.394	-2281.063	154.6695	1.108323	0.424478	0.576713	0.423287	3.105051
6192	-2134.438	-2289.246	154.8073	1.40378	0.465602	0.690821	0.309179	2.799786
6198	-2142.14	-2297.138	154.9976	1.40378	0.6447104	0.595146	0.404854	2.512225
6204	-2137.771	-2293.755	155.984	1.40378	0.4854546	0.595146	0.404854	2.034899
6210	-2134.603	-2289.646	155.0437	1.352739	0.3685784	0.621012	0.378988	2.797882
6216	-2139.198	-2294.01	154.8119	1.383567	0.2802282	0.62808	0.37192	3.037608
6222	-2125.478	-2280.454	154.9757	1.298548	0.5831344	0.511684	0.488316	2.645745
6228	-2122.962	-2277.976	155.0137	1.324735	0.3561102	0.656754	0.343246	2.848718
6234	-2128.692	-2283.743	155.0506	1.345772	0.3290307	0.643601	0.356399	2.848718
6240	-2126.008	-2281.512	155.5036	1.466148	0.2997323	0.601518	0.398482	2.537278
6246	-2139.294	-2294.478	155.184	1.511582	0.4688754	0.532498	0.467502	2.497626
6252	-2138.015	-2294.535	156.5197	1.655654	0.3334006	0.558482	0.441518	1.694794
6258	-2135.795	-2292.444	156.6498	1.544134	0.3159812	0.585942	0.414058	1.708962
6264	-2127.79	-2284.136	156.3454	1.635325	0.4206018	0.668779	0.331221	1.70846
6270	-2141.398	-2297.714	156.3161	1.514605	0.4147818	0.582198	0.417802	1.820729
6276	-2138.031	-2294.264	156.2326	1.667363	0.5739808	0.546995	0.453005	1.582806
6282	-2135.631	-2291.753	156.1223	1.588642	0.3935945	0.546995	0.453005	1.93009
6288	-2151.344	-2307.233	155.8885	1.544335	0.5830678	0.58225	0.41775	1.901253
6294	-2149.001	-2305.445	156.4436	1.534751	0.2890456	0.664171	0.335829	1.901253
6300	-2141.413	-2295.73	154.3169	1.286941	0.4731072	0.622553	0.377447	3.15695
6306	-2132.29	-2286.004	153.7137	1.265562	0.2846308	0.639832	0.360168	3.74508
6312	-2135.02	-2290.933	155.9128	1.440988	0.3492609	0.540816	0.459184	2.224582
6318	-2148.33	-2304.046	155.7153	1.457457	0.4793888	0.61674	0.38326	2.182624
6324	-2142.271	-2297.64	155.3691	1.457457	0.2850539	0.633431	0.366569	2.647485
6330	-2136.848	-2291.988	155.1405	1.31101	0.4703674	0.679183	0.320817	2.647485
6336	-2135.619	-2290.934	155.3141	1.479131	0.5378624	0.5449	0.4551	2.364637
6342	-2128.973	-2284.837	155.8641	1.441824	0.3337758	0.554654	0.445346	2.276681
6348	-2129.412	-2285.941	156.5294	1.713703	0.4551506	0.636295	0.363705	1.471229
6354	-2129.672	-2285.325	155.6529	1.585783	0.6218546	0.690917	0.309083	1.994069
6360	-2141.619	-2298.017	156.3984	1.496744	0.3447451	0.556369	0.443631	1.872522
6366	-2136.887	-2291.745	154.858	1.360898	0.5058856	0.687137	0.312863	2.753615
6372	-2137.3	-2289.785	152.4846	0.9181047	0.3668873	0.421127	0.578873	4.538316
6378	-2140.004	-2292.313	152.3089	1.048792	0.3582656	0.605279	0.394721	4.57356
6384	-2135.683	-2288.734	153.0507	0.9789546	0.4889586	0.605279	0.394721	4.055867
6390	-2128.788	-2281.329	152.5414	0.9569824	0.4138044	0.555864	0.444136	4.432744
6396	-2119.183	-2272.808	153.624	1.122077	0.353755	0.590783	0.409217	3.790122
6402	-2129.659	-2283.565	153.906	1.121206	0.3876847	0.485471	0.514529	3.587718
6408	-2128.036	-2283.169	155.1331	1.084664	0.4983917	0.696754	0.303246	2.761827
6414	-2129.642	-2283.806	154.1645	1.084664	0.412403	0.732559	0.267441	3.430523
6420	-2132.616	-2286.451	153.8348	1.089914	0.4057799	0.662518	0.337482	3.626823
6426	-2130.981	-2285.014	154.0326	1.023269	0.3409242	0.656204	0.343796	3.626823
6432	-2128.631	-2282.338	153.7067	1.039011	0.3409242	0.633644	0.366356	3.806001
6438	-2125.838	-2279.575	153.7377	1.089873	0.3018972	0.627695	0.372305	3.808935
6444	-2132.808	-2286.768	153.9602	1.044074	0.3018972	0.627432	0.372568	3.707062
6450	-2141.324	-2295.222	153.8984	1.044074	0.329271	0.627432	0.372568	3.707062
6456	-2125.193	-2278.123	152.9301	1.046459	0.3850146	0.590186	0.409814	4.193717
6462	-2148.406	-2304.938	156.532	1.653879	0.3691964	0.487592	0.512408	1.633426
6468	-2150.638	-2307.078	156.4396	1.66539	0.4003376	0.64551	0.35449	1.647293
6474	-2148.209	-2302.741	154.5322	1.178419	0.3955862	0.617571	0.382429	3.177552
6480	-2142.647	-2297.11	154.4629	1.178419	0.5709891	0.439129	0.560871	3.040839
6486	-2129.092	-2284.452	155.36	1.291656	0.4818512	0.617084	0.382916	2.511172
6492	-2123.163	-2278.244	155.0811	1.333901	0.4030533	0.7078	0.2922	2.745028
6498	-2129.889	-2285.182	155.2933	1.291981	0.5379573	0.560952	0.439048	2.495456
6504	-2132.735	-2287.322	154.5869	1.291981	0.277269	0.493888	0.506112	3.23025
6510	-2134.607	-2289.553	154.9458	1.379095	0.222636	0.602613	0.397387	3.050098
6516	-2137.768	-2293.128	155.3602	1.36288	0.3268632	0.626583	0.373417	2.651939
6522	-2129.333	-2283.468	154.1345	1.354709	0.3062575	0.578856	0.421144	3.419121
6528	-2146.581	-2299.795	153.2138	1.015724	0.4213592	0.673924	0.326076	4.009954
6534	-2151.475	-2304.393	152.9179	1.066979	0.2966416	0.588034	0.411966	4.296656
6540	-2142.577	-2296.715	154.1383	1.185127	0.2800747	0.542512	0.457488	3.552026
6546	-2159.98	-2313.2	153.2198	1.031576	0.4401632	0.625473	0.374527	3.977753
6552	-2137.094	-2290.251	153.157	1.026281	0.4790167	0.63102	0.36898	3.977753
6558	-2139.238	-2292.06	152.8227	1.086811	0.3411913	0.539092	0.460908	4.282847
6564	-2136.095	-2289.883	153.7877	1.139083	0.5050141	0.555456	0.444544	3.523632
6570	-2139.285	-2292.766	153.4811	1.168342	0.4287064	0.653387	0.346613	3.761187
6576	-2131.301	-2285.121	153.8203	1.008421	0.3384945	0.589034	0.410966	3.761187
6582	-2153.121	-2307.133	154.0117	1.251861	0.3908926	0.563061	0.436939	3.446239
6588	-2136.882	-2292.152	155.27	1.244405	0.3412579	0.629771	0.370229	2.760726
6594	-2152.855	-2307.106	154.251	1.218268	0.471774	0.616674	0.383326	3.238123
6600	-2148.217	-2302.536	154.3193	1.104526	0.4072606	0.585351	0.414649	3.333713
6606	-2135.857	-2290.762	154.9046	1.219733	0.3089505	0.598694	0.401306	3.039621
6612	-2145.842	-2298.545	152.7033	0.9674337	0.4331396	0.596252	0.403748	4.315172
6618	-2139.417	-2292.97	153.5536	1.017352	0.3876346	0.608385	0.391615	3.851333
6624	-2132.514	-2287.19	154.6768	1.179918	0.3542108	0.505228	0.494772	3.140317
6630	-2140.88	-2293.972	153.0914	1.108832	0.3542108	0.505228	0.494772	4.102128
6636	-2124.617	-2278.584	153.9672	1.114136	0.3274181	0.479334	0.520666	3.629056
6642	-2128.613	-2281.2	152.5867	1.116099	0.2449717	0.479334	0.520666	4.528325
6648	-2131.575	-2284.416	152.8407	1.146547	0.2449717	0.587102	0.412898	4.368059
6654	-2133.281	-2286.254	152.9732	1.047415	0.4138882	0.719557	0.280443	4.137
6660	-2141.484	-2294.85	153.366	1.163323	0.3316598	0.719557	0.280443	3.941731
6666	-2136.518	-2290.31	153.7919	1.184833	0.4709665	0.599783	0.400217	3.527911
6672	-2137.404	-2291.812	154.4078	1.205629	0.3678439	0.645456	0.354544	3.267778
6678	-2146.348	-2300.521	154.1727	1.281678	0.6275619	0.645456	0.354544	3.103303
6684	-2125.796	-2281.869	156.0736	1.3727	0.2433674	0.648511	0.351489	2.32545
6690	-2126.341	-2282.198	155.8572	1.3727	0.4172493	0.723182	0.276818	2.217407
6696	-2105.707	-2260.129	154.4216	1.3727	0.3020072	0.577335	0.422665	3.245411
6702	-2120.009	-2275.113	155.1047	1.3727	0.3212761	0.656018	0.343982	2.809908
6708	-2121.065	-2276.98	155.9151	1.46532	0.3665088	0.617494	0.382506	2.184164
6714	-2128.455	-2283.261	154.8058	1.46532	0.4739093	0.638137	0.361863	2.754438
6720	-2120.355	-2275.626	155.2707	1.412435	0.4481771	0.679246	0.320754	2.528078
6726	-2133.863	-2289.149	155.2859	1.504366	0.390788	0.574453	0.425547	2.528078
6732	-2128.643	-2282.311	153.6682	1.521554	0.390788	0.600308	0.399692	3.489476
6738	-2128.496	-2283.591	155.0951	1.521554	0.2746715	0.600308	0.399692	2.791575
6744	-2130.416	-2285.559	155.1434	1.72365	0.233692	0.654366	0.345634	2.703422
6750	-2126.195	-2281.389	155.1945	1.388745	0.2302375	0.616681	0.383319	2.88204
6756	-2114.882	-2269.731	154.8495	1.454527	0.4092177	0.601124	0.398876	2.805522
6762	-2117.325	-2270.247	152.9225	1.339633	0.7261449	0.601124	0.398876	3.724931
6768	-2114.92	-2269.877	154.9569	1.425732	0.2623016	0.700335	0.299665	2.951999
6774	-2126.121	-2279.904	153.7839	1.557652	0.5228697	0.57369	0.42631	3.263437
6780	-2131.94	-2286.473	154.5328	1.206017	0.3781576	0.601873	0.398127	3.18123
6786	-2136.765	-2290.996	154.2309	1.343206	0.482957	0.386779	0.613221	3.164647
6792	-2129.236	-2282.2	152.9645	1.307848	0.3096408	0.556772	0.443228	4.116485
6798	-2125.404	-2279.835	154.4314	1.269389	0.5046679	0.654646	0.345354	3.067623
6804	-2118.889	-2273.901	155.0128	1.275559	0.3900703	0.566611	0.433389	2.8375
6810	-2131.656	-2284.799	153.1425	1.148225	0.3808893	0.566611	0.433389	4.019487
6816	-2142.561	-2295.78	153.2188	1.023167	0.4058931	0.508012	0.491988	4.019487
6822	-2129.364	-2282.649	153.2849	1.023167	0.4058931	0.625142	0.374858	3.981749
6828	-2131.192	-2284.535	153.3422	1.043965	0.3091572	0.653681	0.346319	4.052256
6834	-2137.009	-2287.962	150.9529	0.9992725	0.2672317	0.701713	0.298287	5.469355
6840	-2147.931	-2301.561	153.6306	1.048795	0.3406486	0.700607	0.299393	3.844479
6846	-2148.221	-2300.878	152.6562	0.9280662	0.3104067	0.661895	0.338105	4.504724
6852	-2137.713	-2290.197	152.4842	0.9768636	0.2903109	0.604016	0.395984	4.600214
6858	-2135.958	-2288.697	152.7384	1.05991	0.4070615	0.676377	0.323623	4.270484
6864	-2124.562	-2277.309	152.7478	1.033593	0.3507379	0.649779	0.350221	4.343814
6870	-2128.957	-2282.783	153.8253	1.093585	0.3706875	0.649779	0.350221	3.670195
6876	-2127.777	-2281.031	153.2541	1.059321	0.4642467	0.679072	0.320928	3.917795
6882	-2126.682	-2279.989	153.3075	1.180511	0.3541268	0.682666	0.317334	3.937901
6888	-2134.923	-2287.415	152.4918	0.9335804	0.345296	0.682666	0.317334	4.55087
6894	-2136.377	-2288.14	151.7635	0.9244089	0.2605509	0.642262	0.357738	5.07223
6900	-2129.91	-2282.244	152.3341	1.098147	0.4672462	0.626667	0.373333	4.415607
6906	-2124.202	-2277.341	153.1387	1.215232	0.2597696	0.518377	0.481623	4.138503
6912	-2128.418	-2282.115	153.6969	1.156399	0.5898785	0.581944	0.418056	3.489641
6918	-2141.349	-2294.502	153.1527	1.283249	0.6771253	0.581944	0.418056	3.661239
6924	-2133.614	-2288.637	155.0228	1.154816	0.3005122	0.468331	0.531669	3.019381
6930	-2128.999	-2284.289	155.2905	1.332845	0.4793068	0.46714	0.53286	2.531533
6936	-2132.667	-2288.216	155.5496	1.489796	0.5495426	0.477522	0.522478	2.195267
6942	-2136.063	-2291.748	155.6856	1.396541	0.5101075	0.664181	0.335819	2.208125
6948	-2132.995	-2287.253	154.2577	1.189312	0.2989715	0.655711	0.344289	3.453692
6954	-2121.198	-2273.804	152.6059	1.062372	0.3187031	0.610085	0.389915	4.446863
6960	-2130.652	-2283.636	152.9847	0.9100817	0.3187031	0.612338	0.387662	4.319033
6966	-2131.928	-2283.714	151.7857	0.8291169	0.3185766	0.703982	0.296018	5.035927
6972	-2146.72	-2298.213	151.493	0.8553364	0.4528137	0.564361	0.435639	5.035927
6978	-2138.061	-2289.634	151.5736	0.7820378	0.2973364	0.626139	0.373861	5.206543
6984	-2134.579	-2288.665	154.0859	1.016803	0.3704179	0.733444	0.266556	3.563898
6990	-2134.436	-2288.625	154.1888	1.237215	0.6186813	0.497706	0.502294	3.127667
6996	-2126.348	-2279.17	152.8222	1.080387	0.3841891	0.573042	0.426958	4.23658
7002	-2135.664	-2289.016	153.352	1.048625	0.3418664	0.681092	0.318908	4.002749
7008	-2141.3	-2293.499	152.1986	1.175334	0.542707	0.583923	0.416077	4.37854
7014	-2133.546	-2290.257	156.7108	1.654782	0.3311024	0.494569	0.505431	1.561122
7020	-2136.503	-2291.785	155.2823	1.367411	0.7120403	0.539003	0.460997	2.298813
7026	-2138.909	-2293.054	154.1447	1.118909	0.6515955	0.493558	0.506442	3.196883
7032	-2140.767	-2295.048	154.281	1.164787	0.2563816	0.524171	0.475829	3.515328
7038	-2139.849	-2293.812	153.9632	1.206569	0.5448397	0.660819	0.339181	3.34418
7044	-2142.411	-2296.924	154.5132	1.059539	0.2999636	0.660819	0.339181	3.378707
7050	-2137.803	-2291.676	153.8724	1.059539	0.404521	0.676456	0.323544	3.624044
7056	-2137.105	-2291.068	153.9627	1.048122	0.3646749	0.667025	0.332975	3.624044
7062	-2124.469	-2278.152	153.6829	1.032302	0.393549	0.698723	0.301277	3.761641
7068	-2131.094	-2284.873	153.7791	1.052563	0.2909215	0.648442	0.351558	3.821427
7074	-2133.038	-2286.176	153.1382	1.078984	0.2522365	0.585553	0.414447	4.227205
7080	-2135.842	-2288.071	152.2294	0.9446922	0.3538468	0.757356	0.242644	4.681631
7086	-2116.222	-2269.247	153.0253	1.032607	0.3285082	0.676568	0.323432	4.21434
7092	-2121.217	-2275.238	154.0207	1.01706	0.428712	0.676568	0.323432	3.536197
7098	-2120.909	-2273.862	152.9529	0.9505015	0.4226569	0.681805	0.318195	4.19431
7104	-2123.818	-2277.121	153.304	0.9418373	0.4101933	0.682408	0.317592	4.012622
7110	-2129.082	-2282.181	153.099	0.9888405	0.4995081	0.612924	0.387076	4.012622
7116	-2131.87	-2285.055	153.1853	0.9025713	0.4995081	0.737304	0.262696	4.012622
7122	-2139.107	-2292.937	153.8299	1.13799	0.4735343	0.642498	0.357502	3.530483
7128	-2151.551	-2304.934	153.3828	1.037681	0.4914598	0.620979	0.379021	3.829709
7134	-2145.37	-2299.218	153.848	0.9927174	0.3771416	0.603692	0.396308	3.707866
7140	-2132.46	-2286.472	154.012	1.156578	0.4411991	0.582921	0.417079	3.446566
7146	-2128.284	-2281.966	153.6817	1.247127	0.5886794	0.610684	0.389316	3.446566
7152	-2126.593	-2281.547	154.9543	1.231427	0.5193287	0.686978	0.313022	2.760491
7158	-2130.375	-2284.173	153.7978	1.099322	0.3308701	0.686978	0.313022	3.731281
7164	-2125.571	-2279.898	154.3271	1.105974	0.3308701	0.71594	0.28406	3.419693
7170	-2120.524	-2274.137	153.6131	1.105974	0.3522155	0.636412	0.363588	3.807558
7176	-2128.684	-2280.477	151.7924	0.8503295	0.2416128	0.650041	0.349959	5.12466
7182	-2127.912	-2280.49	152.578	0.9427509	0.3891548	0.572768	0.427232	4.446805
7188	-2121.529	-2275.914	154.3852	1.171665	0.4411772	0.639728	0.360272	3.218179
7194	-2130.52	-2284.917	154.3967	1.286653	0.5190443	0.613594	0.386406	3.064069
7200	-2127.786	-2281.895	154.1084	1.066693	0.3354996	0.617652	0.382348	3.564334
7206	-2142.288	-2294.739	152.4504	1.066693	0.3770691	0.616613	0.383387	4.462416
7212	-2134.283	-2287.642	153.3597	0.8934089	0.3316344	0.605839	0.394161	4.0995
7218	-2142.539	-2295.067	152.5279	1.038452	0.3316344	0.634322	0.365678	4.488163
7224	-2128.314	-2283.206	154.8915	1.142639	0.3238421	0.63264	0.36736	3.073517
7230	-2122.453	-2273.498	151.0444	1.065596	0.4695923	0.610909	0.389091	5.151795
7236	-2128.771	-2282.073	153.3022	1.011086	0.4695923	0.610909	0.389091	3.912598
7242	-2125.158	-2277.606	152.4478	1.011086	0.3269975	0.610909	0.389091	4.554286
7248	-2137.521	-2290.856	153.3351	1.115942	0.2267525	0.600878	0.399122	4.133229
7254	-2144.904	-2297.431	152.5271	0.9663717	0.238986	0.566061	0.433939	4.654716
7260	-2135.65	-2288.721	153.0715	1.060001	0.2847712	0.696595	0.303405	4.229642
7266	-2144.145	-2297.007	152.8616	1.044332	0.3886759	0.641822	0.358178	4.229642
7272	-2136.749	-2291.442	154.6926	1.313991	0.3190505	0.651947	0.348053	3.096327
7278	-2148.548	-2301.78	153.2323	1.306358	0.2186441	0.549598	0.450402	4.096293
7284	-2151.778	-2304.199	152.421	1.127176	0.3163159	0.695497	0.304503	4.517503
7290	-2143.587	-2295.908	152.3212	1.259452	0.3020796	0.697273	0.302727	4.517503
7296	-2135.474	-2288.921	153.4466	1.022588	0.2445659	0.640165	0.359835	4.095423
7302	-2128.055	-2282.593	154.5373	1.103635	0.2445659	0.636986	0.363014	3.419327
7308	-2118.785	-2272.509	153.7242	1.076469	0.3633798	0.528378	0.471622	3.747166
7314	-2124.884	-2277.723	152.839	1.126354	0.2633887	0.607786	0.392214	4.353517
7320	-2127.336	-2279.827	152.4908	1.119624	0.4290209	0.632311	0.367689	4.353517
7326	-2123.053	-2277.056	154.0026	1.096958	0.4720106	0.584721	0.415279	3.455204
7332	-2122.409	-2277.034	154.6251	1.376461	0.4072425	0.636434	0.363566	2.990584
7338	-2126.578	-2281.908	155.3305	1.370546	0.2952272	0.704076	0.295924	2.709757
7344	-2137.981	-2292.416	154.434	1.306582	0.3817198	0.601423	0.398577	3.175936
7350	-2130.117	-2284.066	153.9497	1.464515	0.3349028	0.647253	0.352747	3.425595
7356	-2127.836	-2282.601	154.7649	1.316074	0.3559225	0.632235	0.367765	3.004254
7362	-2126.128	-2280.6	154.4718	1.281132	0.5381217	0.706989	0.293011	3.004254
7368	-2125.182	-2281.217	156.035	1.537659	0.3054706	0.484722	0.515278	2.145208
7374	-2136.128	-2292.287	156.1583	1.572828	0.3054706	0.649396	0.350604	2.041143
7380	-2120.777	-2276.654	155.8771	1.572828	0.4149035	0.678149	0.321851	2.076814
7386	-2125.194	-2281.196	156.0016	1.578997	0.3090747	0.700875	0.299125	2.134688
7392	-2127.652	-2282.978	155.3262	1.48346	0.2559577	0.680076	0.319924	2.70242
7398	-2121.491	-2277.538	156.0467	1.538817	0.4722092	0.663087	0.336913	1.917677
7404	-2127.313	-2282.664	155.3505	1.27626	0.3783819	0.555633	0.444367	2.644697
7410	-2127.85	-2283.189	155.3391	1.27626	0.3841031	0.66907	0.33093	2.644697
7416	-2133.341	-2289.113	155.7721	1.293158	0.4505283	0.546708	0.453292	2.284162
7422	-2139.886	-2295.171	155.285	1.24296	0.4505283	0.632005	0.367995	2.621757
7428	-2142.032	-2296.747	154.7154	1.142004	0.3978731	0.575369	0.424631	3.087623
7434	-2143.46	-2295.798	152.3385	1.076504	0.3927301	0.575369	0.424631	4.50239
7440	-2136.723	-2291.461	154.7382	1.116307	0.3575472	0.718763	0.281237	3.137482
7446	-2144.162	-2299.037	154.8754	1.191084	0.6695835	0.62034	0.37966	2.698472
7452	-2136.259	-2290.55	154.2906	1.28767	0.3650217	0.615843	0.384157	3.291874
7458	-2138.3	-2294.013	155.7131	1.344769	0.3544202	0.572159	0.427841	2.406396
7464	-2128.598	-2282.805	154.2063	1.292356	0.4199114	0.697132	0.302868	3.275596
7470	-2137.995	-2292.356	154.3615	1.376219	0.4236649	0.461887	0.538113	3.129794
7476	-2137.165	-2291.629	154.464	1.3463	0.3206608	0.422666	0.577334	3.210823
7482	-2139.514	-2292.688	153.1741	1.083689	0.460983	0.482933	0.517067	3.952953
7488	-2127.525	-2280.831	153.3061	1.017831	0.4242145	0.482933	0.517067	3.952953
7494	-2129.164	-2282.288	153.1238	1.157308	0.4477908	0.665159	0.334841	3.952953
7500	-2128.635	-2282.775	154.1403	1.155664	0.4057765	0.633719	0.366281	3.410438
7506	-2138.716	-2292.581	153.8645	1.229038	0.5216772	0.679496	0.320504	3.410438
7512	-2127.359	-2281.567	154.2084	1.236525	0.352212	0.670255	0.329745	3.385936
7518	-2131.176	-2285.41	154.234	1.141562	0.4300695	0.670255	0.329745	3.33707
7524	-2127.507	-2281.139	153.6327	1.141562	0.4474163	0.683121	0.316879	3.66947
7530	-2123.904	-2279.374	155.47	1.430018	0.3098232	0.60337	0.39663	2.566134
7536	-2125.742	-2278.151	152.4091	1.052936	0.2625125	0.612322	0.387678	4.637927
7542	-2133.471	-2288.449	154.9777	1.254775	0.3798562	0.52497	0.47503	2.883609
7548	-2136.285	-2291.68	155.395	1.236523	0.4798468	0.685549	0.314451	2.525854
7554	-2130.702	-2286.126	155.4247	1.414383	0.5768296	0.685549	0.314451	2.297398
7560	-2125.294	-2280.826	155.5325	1.59373	0.8380865	0.597958	0.402042	1.885155
7566	-2120.829	-2276.335	155.5054	1.614294	0.6604805	0.62608	0.37392	2.037541
7572	-2137.048	-2291.727	154.6792	1.534554	0.9480207	0.658025	0.341975	2.40287
7578	-2137.969	-2293.415	155.4465	1.592066	0.3611748	0.791983	0.208017	2.409716
7584	-2130.887	-2286.318	155.4307	1.536824	0.5798546	0.710529	0.289471	2.21202
7590	-2117.404	-2273.391	155.9863	1.723856	0.5798546	0.553909	0.446091	1.712762
7596	-2123.506	-2279.477	155.9707	1.725631	0.6030357	0.553909	0.446091	1.698461
7602	-2138.623	-2294.741	156.1181	1.583637	0.5001901	0.649784	0.350216	1.80595
7608	-2136.331	-2292.032	155.7008	1.635766	0.7379027	0.69779	0.30221	1.823077
7614	-2131.387	-2286.933	155.5458	1.463478	0.4674998	0.69779	0.30221	2.300934
7620	-2140.249	-2295.84	155.591	1.49995	0.4219793	0.686905	0.313095	2.300934
7626	-2127.4	-2281.987	154.5863	1.260732	0.4184648	0.645183	0.354817	3.070416
7632	-2139.489	-2294.096	154.6068	1.305133	0.5850577	0.53905	0.46095	2.865306
7638	-2126.377	-2281.527	155.1503	1.305133	0.3732512	0.666132	0.333868	2.756153
7644	-2135.333	-2291.016	155.683	1.470858	0.4128394	0.684843	0.315157	2.271634
7650	-2129.879	-2285.065	155.1865	1.23303	0.4018941	0.645025	0.354975	2.743604
7656	-2125.595	-2280.735	155.1399	1.310317	0.3171172	0.661689	0.338311	2.83207
7662	-2132.866	-2286.724	153.8587	1.141984	0.3291726	0.638806	0.361194	3.673534
7668	-2125.266	-2279.421	154.1551	1.182613	0.3561296	0.67461	0.32539	3.443953
7674	-2127.11	-2280.256	153.1459	1.105777	0.305079	0.680467	0.319533	4.134189
7680	-2118.587	-2272.053	153.4662	1.11954	0.2841455	0.60113	0.39887	3.971789
7686	-2122.516	-2277.746	155.2305	1.23296	0.4628818	0.60113	0.39887	2.648128
7692	-2139.062	-2293.845	154.7831	1.401106	0.2021561	0.700673	0.299327	3.169147
7698	-2130.018	-2285.158	155.1401	1.282497	0.4571739	0.576802	0.423198	2.679443
7704	-2125.364	-2280.305	154.9412	1.293586	0.4571739	0.624076	0.375924	2.794371
7710	-2133.46	-2286.889	153.4291	1.038835	0.3496645	0.624076	0.375924	3.954774
7716	-2126.473	-2279.581	153.1076	1.217734	0.4217358	0.624076	0.375924	3.954774
7722	-2141.112	-2296.736	155.6238	1.415686	0.2885534	0.53695	0.46305	2.51022
7728	-2146.671	-2301.621	154.9497	1.335805	0.4594708	0.519512	0.480488	2.760968
7734	-2141.047	-2294.415	153.3674	1.155493	0.4569938	0.493379	0.506621	3.804791
7740	-2132.52	-2286.357	153.8365	1.157932	0.4116047	0.634181	0.365819	3.57996
7746	-2140.15	-2294.63	154.4801	1.195612	0.2925817	0.442941	0.557059	3.328342
7752	-2128.523	-2283.068	154.5452	1.211379	0.3394455	0.555311	0.444689	3.218275
7758	-2124.316	-2278.135	153.8185	1.044472	0.3301704	0.574265	0.425735	3.751862
7764	-2135.794	-2290.087	154.2932	1.155707	0.2346135	0.574265	0.425735	3.547033
7770	-2136.057	-2289.962	153.9049	1.155707	0.41898	0.638427	0.361573	3.533389
7776	-2132.278	-2286.096	153.818	1.235073	0.41898	0.522085	0.477915	3.537753
7782	-2126.478	-2279.305	152.827	1.003273	0.4048628	0.527904	0.472096	4.254775
7788	-2128.187	-2281.113	152.9257	1.022467	0.3463075	0.672712	0.327288	4.254775
7794	-2124.088	-2277.248	153.1607	1.022467	0.3196613	0.592855	0.407145	4.154317
7800	-2132.688	-2284.637	151.9491	0.9200147	0.5534173	0.556919	0.443081	4.653029
7806	-2125.741	-2279.614	153.8728	1.12891	0.3756453	0.57444	0.42556	3.616433
7812	-2130.09	-2283.989	153.8988	1.364046	0.1874434	0.60918	0.39082	3.734154
7818	-2140.79	-2294.531	153.7408	1.119112	0.4182073	0.736015	0.263985	3.650805
7824	-2130.987	-2284.784	153.7972	1.242549	0.3571462	0.687041	0.312959	3.616294
7830	-2126.441	-2279.259	152.8177	1.027708	0.3259168	0.672548	0.327452	4.337859
7836	-2129.758	-2283.047	153.289	1.168597	0.3259168	0.559339	0.440661	3.990004
7842	-2136.227	-2288.69	152.4625	1.087848	0.3985464	0.68183	0.31817	4.419855
7848	-2122.011	-2274.966	152.9549	1.037966	0.209811	0.68183	0.31817	4.419855
7854	-2129.55	-2283.263	153.7138	1.12771	0.3271004	0.671094	0.328906	3.768101
7860	-2127.668	-2281.792	154.1237	1.170366	0.2517953	0.671094	0.328906	3.610436
7866	-2117.492	-2271.527	154.0344	1.122239	0.2982557	0.571393	0.428607	3.62372
7872	-2130.572	-2284.672	154.0998	1.158988	0.2982557	0.505852	0.494148	3.564402
7878	-2137.383	-2292.689	155.3061	1.348935	0.2414182	0.612716	0.387284	2.820152
7884	-2127.101	-2282.043	154.9421	1.273541	0.4440664	0.535949	0.464051	2.820152
7890	-2132.572	-2287.818	155.2456	1.326101	0.3670833	0.638067	0.361933	2.692572
7896	-2134.823	-2290.068	155.2456	1.326101	0.3670833	0.671661	0.328339	2.692572
7902	-2129.598	-2284.364	154.7661	1.421592	0.3308169	0.704559	0.295441	2.972328
7908	-2131.645	-2285.043	153.398	1.281715	0.2679153	0.64472	0.35528	3.940828
7914	-2124.32	-2278.723	154.4036	1.271135	0.3533009	0.656623	0.343377	3.249324
7920	-2132.071	-2283.079	151.0075	1.103861	0.3767486	0.662223	0.337777	5.246531
7926	-2130.693	-2284.082	153.3893	0.9072984	0.3767486	0.668596	0.331404	4.020836
7932	-2143.698	-2298.266	154.5687	1.204214	0.3490308	0.691359	0.308641	3.19649
7938	-2139.951	-2294.713	154.7616	1.204214	0.3985895	0.629613	0.370387	3.021987
7944	-2134.292	-2288.302	154.0101	1.144625	0.2746463	0.574623	0.425377	3.657704
7950	-2141.205	-2295.092	153.887	1.047917	0.4142214	0.703221	0.296779	3.611643
7956	-2140.287	-2291.879	151.5914	0.9578498	0.4030508	0.413456	0.586544	4.97521
7962	-2142.118	-2295.177	153.0593	1.107721	0.3001194	0.385711	0.614289	4.188851
7968	-2133.054	-2288.731	155.6763	1.456771	0.3142498	0.536357	0.463643	2.414015
7974	-2135.072	-2290.642	155.5699	1.293472	0.2642183	0.498023	0.501977	2.656485
7980	-2140.775	-2294.521	153.7463	1.448794	0.3921843	0.498023	0.501977	3.484791
7986	-2126.87	-2280.55	153.68	1.322258	0.3519549	0.551084	0.448916	3.644288
7992	-2120.711	-2274.464	153.7535	1.311567	0.3228709	0.668837	0.331163	3.644288
7998	-2135.026	-2288.525	153.4989	1.335527	0.6132139	0.668837	0.331163	3.4809
8004	-2142.556	-2296.27	153.7134	1.335527	0.4758773	0.639067	0.360933	3.4809
8010	-2139.88	-2292.22	152.3397	1.034302	0.3515156	0.641756	0.358244	4.572328
8016	-2143.249	-2297.123	153.8737	1.191483	0.460835	0.620461	0.379539	3.486592
8022	-2137.383	-2290.167	152.7839	1.112793	0.2896081	0.641076	0.358924	4.355959
8028	-2146.382	-2297.87	151.4877	1.107773	0.2896081	0.564581	0.435419	5.083798
8034	-2150.753	-2304.373	153.6201	1.096779	0.2781494	0.690801	0.309199	3.905069
8040	-2142.1	-2295.276	153.1763	1.085862	0.3566114	0.661412	0.338588	4.063975
8046	-2140.443	-2294.011	153.5675	1.080645	0.2988579	0.72209	0.27791	3.916086
8052	-2139.036	-2292.153	153.1172	1.18322	0.4735184	0.530438	0.469562	3.916086
8058	-2130.42	-2283.924	153.5039	1.311271	0.4445072	0.676408	0.323592	3.648788
8064	-2140.286	-2292.686	152.4003	1.099511	0.2983169	0.633001	0.366999	4.567835
8070	-2132.92	-2285.554	152.6338	0.9979689	0.356065	0.589322	0.410678	4.421969
8076	-2126.497	-2279.45	152.9537	1.038903	0.4925132	0.613955	0.386045	4.07361
8082	-2134.372	-2286.645	152.2731	1.092379	0.4069806	0.559872	0.440128	4.514827
8088	-2144.278	-2298.541	154.2623	1.108195	0.2518938	0.47291	0.52709	3.565931
8094	-2132.801	-2287.134	154.3334	1.108195	0.4901708	0.707063	0.292937	3.235959
8100	-2134.151	-2288.453	154.3027	1.104546	0.4166588	0.660252	0.339748	3.33302
8106	-2136.15	-2288.629	152.4793	0.8621862	0.2904506	0.65715	0.34285	4.667007
8112	-2132.209	-2284.717	152.5083	1.003791	0.4498197	0.65715	0.34285	4.387796
8118	-2129.433	-2283.795	154.3615	1.155475	0.416534	0.644014	0.355986	3.268541
8124	-2130.609	-2282.544	151.9341	1.233165	0.5466073	0.694098	0.305902	4.491584
8130	-2128.862	-2283.848	154.9858	1.121941	0.4093849	0.569615	0.430385	2.924254
8136	-2124.943	-2279.999	155.0564	1.225207	0.4595348	0.747447	0.252553	2.763285
8142	-2123.447	-2277.299	153.8515	1.225207	0.4092963	0.672335	0.327665	3.534609
8148	-2122.036	-2276.053	154.0167	1.281278	0.2947184	0.543563	0.456437	3.546444
8154	-2125.683	-2279.927	154.2435	1.23477	0.2552294	0.488083	0.511917	3.498124
8160	-2127.828	-2281.482	153.6535	1.061632	0.473468	0.649312	0.350688	3.677313
8166	-2132.664	-2286.998	154.3336	1.03598	0.2917671	0.649312	0.350688	3.508788
8172	-2118.98	-2273.669	154.6888	1.097534	0.3428818	0.668805	0.331195	3.196293
8178	-2141.042	-2293.634	152.5917	1.069319	0.3428818	0.519919	0.480081	4.421137
8184	-2122.43	-2277.103	154.6721	1.359953	0.3196655	0.556123	0.443877	3.080341
8190	-2113.384	-2268.939	155.5545	1.359953	0.2904366	0.753709	0.246291	2.585204
8196	-2130.332	-2282.816	152.4844	1.195558	0.4859722	0.689217	0.310783	4.257503
8202	-2141.103	-2295.548	154.4446	1.13462	0.4096213	0.519812	0.480188	3.239457
8208	-2145.52	-2298.58	153.0594	1.371651	0.4096213	0.612416	0.387584	3.907257
8214	-2127.265	-2280.64	153.3751	1.166415	0.3541137	0.513626	0.486374	3.907257
8220	-2128.754	-2281.494	152.7401	1.166415	0.2767066	0.576528	0.423472	4.368017
8226	-2128.974	-2282.6	153.6263	1.179337	0.3590798	0.60906	0.39094	3.749428
8232	-2140.751	-2293.397	152.6461	0.9363163	0.3519421	0.648034	0.351966	4.45464
8238	-2136.711	-2289.921	153.21	0.955628	0.3446932	0.683612	0.316388	4.133242
8244	-2138.663	-2291.534	152.8715	1.123488	0.3138989	0.546034	0.453966	4.268473
8250	-2127.896	-2280.708	152.8114	1.123488	0.3411769	0.546034	0.453966	4.268473
8256	-2126.912	-2280.497	153.5856	1.088051	0.4371268	0.679758	0.320242	3.738361
8262	-2131.623	-2284.861	153.2379	1.101012	0.3959174	0.691284	0.308716	3.975066
8268	-2114.649	-2269.125	154.4764	1.101012	0.4331588	0.571351	0.428649	3.214629
8274	-2122.548	-2276.968	154.4202	1.227156	0.4768096	0.528389	0.471611	3.127357
8280	-2136.293	-2293.005	156.7121	1.748308	0.4953457	0.72012	0.27988	1.244428
8286	-2133.171	-2289.598	156.4273	1.726816	0.5226853	0.679047	0.320953	1.45257
8292	-2128.234	-2283.77	155.5361	1.726816	0.3588827	0.610582	0.389418	2.270059
8298	-2125.295	-2281.242	155.9468	1.378715	0.3588827	0.692432	0.307568	2.229828
8304	-2118.326	-2273.783	155.4574	1.378715	0.3781076	0.548259	0.451741	2.515143
8310	-2128.826	-2284.184	155.3582	1.271168	0.2883406	0.583969	0.416031	2.763585
8316	-2151.01	-2307.248	156.2381	1.344796	0.3443909	0.615508	0.384492	2.082063
8322	-2135.486	-2289.076	153.59	1.220507	0.3808886	0.67797	0.32203	3.721034
8328	-2129.149	-2283.29	154.1413	1.064735	0.2788817	0.536026	0.463974	3.621967
8334	-2135.795	-2287.789	151.994	0.9481703	0.2944219	0.741139	0.258861	4.884769
8340	-2137.045	-2289.42	152.3749	1.097733	0.2990788	0.679274	0.320726	4.5821
8346	-2130.785	-2285.416	154.6311	1.185129	0.3135853	0.638296	0.361704	3.216742
8352	-2134.785	-2289.553	154.7675	1.279826	0.3791598	0.540767	0.459233	2.995958
8358	-2134.785	-2289.47	154.685	1.110279	0.3082601	0.649769	0.350231	3.236318
8364	-2139.813	-2293.835	154.0216	1.21389	0.4422023	0.604427	0.395573	3.406307
8370	-2138.757	-2293.933	155.1767	1.312158	0.3516666	0.706255	0.293745	2.762889
8376	-2137.462	-2292.414	154.9515	1.340251	0.4541316	0.526682	0.473318	2.762889
8382	-2132.592	-2287.104	154.5128	1.25215	0.4182802	0.656417	0.343583	3.11959
8388	-2142.28	-2296.566	154.2852	1.320273	0.5096838	0.578595	0.421405	3.11959
8394	-2139.718	-2294.014	154.2968	1.217557	0.5096838	0.730882	0.269118	3.173736
8400	-2137.751	-2292.02	154.2694	1.180385	0.4408621	0.518559	0.481441	3.28176
8406	-2157.673	-2311.749	154.0764	1.165804	0.5402086	0.55495	0.44505	3.305843
8412	-2145.006	-2298.202	153.1959	1.07393	0.5348172	0.64052	0.35948	3.875754
8418	-2140.534	-2293.145	152.6109	1.07393	0.4912737	0.59531	0.40469	4.24967
8424	-2152.485	-2305.281	152.7961	1.002695	0.4016663	0.59531	0.40469	4.276092
8430	-2140.186	-2294.798	154.6122	1.365893	0.2771066	0.565512	0.434488	3.171705
8436	-2132.137	-2287.765	155.6276	1.247395	0.3479345	0.612929	0.387071	2.529615
8442	-2137.405	-2291.046	153.6411	1.170249	0.3785186	0.598086	0.401914	3.723265
8448	-2146.381	-2300.307	153.9266	1.07536	0.2909097	0.57383	0.42617	3.723265
8454	-2146.701	-2298.34	151.6392	0.9217591	0.3240536	0.52403	0.47597	5.059052
8460	-2143.613	-2294.343	150.7292	0.8557149	0.3806693	0.656334	0.343666	5.532336
8466	-2139.837	-2290.004	150.1666	0.7872085	0.3247712	0.664831	0.335169	5.942317
8472	-2139.678	-2290.66	150.9825	0.8534682	0.3660279	0.674198	0.325802	5.410438
8478	-2133.824	-2286.269	152.4445	0.909196	0.3886779	0.614237	0.385763	4.541356
8484	-2137.441	-2290.043	152.6012	0.909196	0.3142077	0.614237	0.385763	4.541356
8490	-2130.673	-2284.415	153.742	1.051579	0.3645366	0.597851	0.402149	3.749885
8496	-2128.862	-2281.682	152.8199	1.097691	0.4176228	0.692807	0.307193	4.191552
8502	-2139.281	-2292.868	153.5869	1.168206	0.3853361	0.59278	0.40722	3.747896
8508	-2155.17	-2308.885	153.7159	1.278543	0.4756506	0.519385	0.480615	3.512914
8514	-2150.594	-2304.818	154.2243	1.20827	0.2631856	0.614684	0.385316	3.512914
8520	-2149.606	-2303.865	154.2594	1.203311	0.4548523	0.614684	0.385316	3.259406
8526	-2137.088	-2290.601	153.5138	1.180598	0.2297045	0.608708	0.391292	3.989794
8532	-2133.18	-2286.093	152.913	1.117703	0.2297045	0.758441	0.241559	4.366803
8538	-2137.236	-2291.17	153.9336	1.287354	0.5336049	0.635396	0.364604	3.324456
8544	-2138.718	-2292.91	154.1915	1.271209	0.3952224	0.714271	0.285729	3.324456
8550	-2134.241	-2289.171	154.9301	1.315647	0.2523539	0.600692	0.399308	3.049436
8556	-2122.105	-2276.557	154.4523	1.360052	0.2919363	0.720011	0.279989	3.248684
8562	-2130.086	-2283.923	153.8373	1.119133	0.2811412	0.584468	0.415532	3.763129
8568	-2130.655	-2284.506	153.8515	1.08881	0.3599712	0.619094	0.380906	3.670507
8574	-2136.492	-2291.684	155.1925	1.319988	0.3471486	0.709193	0.290807	2.754263
8580	-2149.159	-2303.324	154.165	1.462741	0.4009537	0.452129	0.547871	3.220542
8586	-2140.423	-2295.535	155.1128	1.308014	0.2772963	0.599861	0.400139	2.906456
8592	-2140.934	-2294.388	153.4541	1.38957	0.2772963	0.599861	0.400139	3.833432
8598	-2139.391	-2293.05	153.6595	0.9871338	0.3654223	0.599861	0.400139	3.833432
8604	-2129.299	-2282.413	153.1139	1.137421	0.4361887	0.637623	0.362377	3.981945
8610	-2120.331	-2274.188	153.8579	1.137421	0.369702	0.68237	0.31763	3.627096
8616	-2128.343	-2281.002	152.659	1.187683	0.1864061	0.681263	0.318737	4.54174
8622	-2131.149	-2283.76	152.6112	0.9758033	0.558987	0.654274	0.345726	4.243753
8628	-2131.088	-2284.102	153.0137	1.014698	0.3803237	0.623303	0.376697	4.16956
8634	-2127.896	-2281.435	153.5393	0.9690135	0.3803237	0.514174	0.485826	3.895595
8640	-2136.871	-2291.829	154.9582	1.26111	0.321791	0.633236	0.366764	2.965309
8646	-2132.27	-2286.231	153.9615	1.17802	0.4086258	0.489291	0.510709	3.498724
8652	-2144.439	-2295.617	151.178	1.189735	0.5728762	0.624444	0.375556	4.916449
8658	-2145.913	-2298.183	152.27	0.9328004	0.3377109	0.632436	0.367564	4.684762
8664	-2136.337	-2288.254	151.9164	1.001137	0.418167	0.741304	0.258696	4.754047
8670	-2131.311	-2284.284	152.9735	0.9156948	0.3899755	0.741304	0.258696	4.237711
8676	-2142.945	-2295.903	152.958	1.10575	0.3075145	0.670855	0.329145	4.237711
8682	-2142.195	-2296.37	154.1748	1.142617	0.2457898	0.651816	0.348184	3.606039
8688	-2141.698	-2296.015	154.3171	1.15932	0.3680751	0.642587	0.357413	3.348202
8694	-2148.851	-2300.933	152.0821	1.015671	0.2859562	0.69499	0.30501	4.809281
8700	-2145.129	-2297.504	152.3751	0.9172643	0.2960899	0.679031	0.320969	4.68705
8706	-2151.251	-2303.659	152.4087	1.07085	0.2277439	0.515316	0.484684	4.679686
8712	-2138.951	-2289.267	150.3156	0.9585238	0.3927899	0.644401	0.355599	5.68982
8718	-2129.472	-2282.865	153.3932	1.159269	0.3711768	0.71547	0.28453	3.880849
8724	-2139.668	-2294.362	154.6937	1.112737	0.3851735	0.616329	0.383671	3.132786
8730	-2132.161	-2285.685	153.5239	1.111669	0.5626362	0.621445	0.378555	3.639997
8736	-2134.167	-2286.544	152.3766	1.048347	0.5092554	0.677451	0.322549	4.379859
8742	-2143.507	-2299.494	155.9871	1.384011	0.321605	0.613111	0.386889	2.25205
8748	-2138.571	-2292.119	153.5485	1.37911	0.6041701	0.613111	0.386889	3.43405
8754	-2148.514	-2303.823	155.3091	1.347158	0.4469491	0.636848	0.363152	2.546148
8760	-2128.974	-2282.431	153.457	1.143455	0.6036776	0.492209	0.507791	3.625051
8766	-2134.543	-2286.296	151.7524	0.9380967	0.226005	0.66458	0.33542	5.121745
8772	-2132.86	-2286.327	153.4669	1.025877	0.2783789	0.564262	0.435738	4.032904
8778	-2128.209	-2281.204	152.9943	1.210687	0.5047522	0.766738	0.233262	3.940718
8784	-2139.503	-2293.112	153.609	1.196747	0.262932	0.633607	0.366393	3.875806
8790	-2139.875	-2293.216	153.3403	1.143977	0.4104696	0.589461	0.410539	3.875806
8796	-2126.535	-2280.187	153.6523	1.113878	0.2653389	0.582547	0.417453	3.894975
8802	-2127.094	-2281.658	154.5634	1.123524	0.3310474	0.636737	0.363263	3.270188
8808	-2125.492	-2279.765	154.2728	1.346518	0.3629402	0.653476	0.346524	3.270188
8814	-2125.121	-2279.238	154.1163	1.163395	0.341304	0.592479	0.407521	3.496159
8820	-2117.071	-2270.468	153.3968	1.315913	0.3206989	0.592479	0.407521	3.850399
8826	-2115.561	-2269.23	153.6691	1.180944	0.443783	0.513696	0.486304	3.629372
8832	-2125.664	-2280.057	154.3934	1.073953	0.2713192	0.586001	0.413999	3.480706
8838	-2122.255	-2274.876	152.6211	1.099829	0.1979668	0.690423	0.309577	4.592526
8844	-2136.225	-2289.134	152.9092	1.070178	0.3407166	0.562761	0.437239	4.243831
8850	-2127.298	-2282.017	154.7193	1.273068	0.3369425	0.655558	0.344442	3.081366
8856	-2122.602	-2277.484	154.8826	1.273068	0.360811	0.72864	0.27136	2.953237
8862	-2124.887	-2279.433	154.5461	1.19081	0.4612458	0.557341	0.442659	3.089992
8868	-2121.47	-2275.358	153.8881	1.34662	0.2555808	0.557359	0.442641	3.639169
8874	-2127.36	-2280.607	153.2478	1.204866	0.3807048	0.675057	0.324943	3.927081
8880	-2132.298	-2285.511	153.2127	1.166599	0.2918682	0.554197	0.445803	4.079126
8886	-2127.928	-2281.646	153.7181	1.20843	0.3667685	0.512259	0.487741	3.670382
8892	-2125.552	-2279.346	153.7943	1.20843	0.3307166	0.728343	0.271657	3.670382
8898	-2136.891	-2292.375	155.4838	1.352043	0.386535	0.728343	0.271657	2.504848
8904	-2127.848	-2282.822	154.9742	1.470839	0.6219468	0.613637	0.386363	2.504848
8910	-2135.66	-2290.48	154.8193	1.284663	0.6219468	0.61903	0.38097	2.715773
8916	-2127.979	-2283.355	155.3764	1.397134	0.5949915	0.656857	0.343143	2.322116
8922	-2121.298	-2276.026	154.7284	1.338258	0.2666784	0.603522	0.396478	3.134471
8928	-2113.926	-2267.13	153.2033	1.119616	0.5534308	0.683107	0.316893	3.828624
8934	-2120.534	-2274.153	153.619	1.144492	0.3149429	0.455089	0.544911	3.828624
8940	-2124.406	-2278.294	153.888	1.084441	0.4252661	0.680215	0.319785	3.57788
8946	-2133.68	-2287.722	154.0427	1.064647	0.3300953	0.714195	0.285805	3.610567
8952	-2121.192	-2277.268	156.0756	1.487872	0.3985018	0.63399	0.36601	2.02242
8958	-2135.923	-2292.567	156.6437	1.592129	0.2909331	0.601532	0.398468	1.720246
8964	-2147.122	-2304.01	156.8876	1.694856	0.3176613	0.556119	0.443881	1.42027
8970	-2148.985	-2305.734	156.7491	2.053213	0.4476397	0.642605	0.357395	1.010454
8976	-2135.802	-2292.292	156.4898	2.044767	0.6159331	0.727833	0.272167	1.010454
8982	-2129.384	-2285.767	156.3829	2.005159	0.7248809	0.560152	0.439848	1.010454
8988	-2118.646	-2275.244	156.5976	1.932444	0.671992	0.589207	0.410793	0.9352889
8994	-2123.935	-2280.216	156.2809	1.932444	0.8168866	0.551329	0.448671	1.071138
9000	-2131.473	-2287.12	155.6475	1.949236	1.134404	0.790848	0.209152	1.322095
9006	-2128.496	-2284.601	156.1046	1.9488	0.8757112	0.637982	0.362018	1.15588
9012	-2127.969	-2284.034	156.0652	2.05294	1.01034	0.649302	0.350698	0.9605431
9018	-2131.869	-2288.23	156.3613	1.958656	0.8217124	0.58242	0.41758	0.9605431
9024	-2139.031	-2296.382	157.3505	1.958656	0.3107499	0.649402	0.350598	0.7361276
9030	-2137.16	-2294.466	157.3058	1.987206	0.3107499	0.676219	0.323781	0.7604491
9036	-2126.488	-2283.914	157.4256	1.987206	0.2609564	0.676219	0.323781	0.7604491
9042	-2129.076	-2285.331	156.2549	2.153973	0.8887348	0.582157	0.417843	0.7638609
9048	-2142.952	-2298.925	155.9729	2.363215	0.953376	0.582157	0.417843	0.7697062
9054	-2149.023	-2304.472	155.449	1.337136	0.39959	0.53181	0.46819	2.520043
9060	-2129.285	-2284.509	155.2239	1.337136	0.2897618	0.713121	0.286879	2.803209
9066	-2125.895	-2280.401	154.5061	1.450238	0.3555799	0.597804	0.402196	3.079215
9072	-2155.399	-2310.038	154.6386	1.301279	0.3635611	0.627659	0.372341	3.079215
9078	-2159.874	-2313.807	153.9333	1.171245	0.1864784	0.627659	0.372341	3.827092
9084	-2138.159	-2295.721	157.5623	2.155684	0.1804321	0.678114	0.321886	0.6189792
9090	-2142.025	-2299.415	157.3894	2.155684	0.2398252	0.589137	0.410863	0.6189792
9096	-2140.162	-2297.341	157.1793	2.155684	0.3257063	0.661742	0.338258	0.6230359
9102	-2140.241	-2297.411	157.1699	2.155684	0.3285291	0.599818	0.400182	0.6309613
9108	-2138.696	-2295.954	157.2576	2.132816	0.2998536	0.660333	0.339667	0.6309613
9114	-2131.738	-2288.937	157.1985	2.132816	0.3140442	0.622751	0.377249	0.6862413
9120	-2129.465	-2286.288	156.8233	2.132816	0.5108288	0.657947	0.342053	0.6862413
9126	-2147.181	-2303.893	156.7119	2.132816	0.5700558	0.519166	0.480834	0.7184505
9132	-2127.63	-2284.426	156.7953	1.863581	0.4747417	0.660621	0.339379	1.101609
9138	-2143.138	-2299.496	156.3581	2.026526	0.6545986	0.633166	0.366834	1.101609
9144	-2152.2	-2308.62	156.4202	2.07972	0.7112782	0.66277	0.33723	0.9118891
9150	-2169.129	-2321.907	152.7771	0.9370657	0.3351697	0.576853	0.423147	4.400538
9156	-2144.681	-2297.316	152.635	0.94501	0.4009221	0.528402	0.471598	4.400538
9162	-2145.625	-2298.541	152.9165	0.9219159	0.4091961	0.550406	0.449594	4.245489
9168	-2141.564	-2292.872	151.3081	0.8927819	0.4611243	0.550406	0.449594	5.109592
9174	-2132.377	-2285.196	152.819	1.142386	0.3360867	0.508219	0.491781	4.25967
9180	-2133.526	-2287.602	154.0768	1.244107	0.3323688	0.587317	0.412683	3.483367
9186	-2125.171	-2280.681	155.5102	1.285403	0.4224564	0.636248	0.363752	2.487077
9192	-2137.091	-2291.781	154.6894	1.387383	0.4845929	0.517221	0.482779	2.861632
9198	-2127.359	-2281.838	154.4793	1.290138	0.4309102	0.689026	0.310974	3.102997
9204	-2131.354	-2285.834	154.4802	1.175121	0.4963362	0.627884	0.372116	3.102997
9210	-2136.043	-2289.682	153.6393	1.029952	0.4431725	0.568843	0.431157	3.734563
9216	-2146.125	-2298.1	151.9749	1.121555	0.7375425	0.572132	0.427868	4.381801
9222	-2128.691	-2281.231	152.5391	0.9769716	0.4535859	0.563827	0.436173	4.381801
9228	-2128.092	-2280.821	152.7294	0.9117887	0.3865291	0.578442	0.421558	4.381801
9234	-2132.578	-2287.658	155.0801	1.08848	0.388248	0.573609	0.426391	2.912172
9240	-2144.732	-2297.502	152.7704	0.955039	0.4595341	0.652388	0.347612	4.257506
9246	-2135.246	-2288.187	152.9418	0.9501354	0.3286665	0.720394	0.279606	4.308147
9252	-2145.552	-2297.91	152.3575	0.877409	0.2523732	0.549661	0.450339	4.779549
9258	-2142.776	-2295.012	152.2359	1.00411	0.3347414	0.63077	0.36923	4.667518
9264	-2125.991	-2279.712	153.7214	1.00411	0.3917181	0.580123	0.419877	3.757722
9270	-2118.213	-2272.31	154.0964	1.126177	0.3917181	0.58062	0.41938	3.469303
9276	-2124.244	-2279.625	155.3806	1.340774	0.4250408	0.656886	0.343114	2.530412
9282	-2138.307	-2293.255	154.9473	1.340774	0.4175218	0.665627	0.334373	2.805717
9288	-2135.64	-2291.332	155.6917	1.284837	0.334784	0.700879	0.299121	2.483831
9294	-2138.38	-2292.216	153.8358	1.119793	0.330727	0.56625	0.43375	3.697643
9300	-2143.077	-2293.129	150.052	0.747843	0.3737483	0.578194	0.421806	5.969863
9306	-2127.508	-2279.353	151.8444	0.9786193	0.3737483	0.587977	0.412023	4.854903
9312	-2133.326	-2288.119	154.7926	1.13181	0.3988505	0.681583	0.318417	3.046425
9318	-2130.289	-2284.033	153.7441	1.359163	0.2180903	0.608041	0.391959	3.77377
9324	-2130.308	-2284.092	153.784	1.13788	0.3750915	0.671377	0.328623	3.663316
9330	-2134.853	-2289.43	154.5768	1.299501	0.3054422	0.502854	0.497146	3.192148
9336	-2136.131	-2287.684	151.5524	1.022029	0.4340117	0.475863	0.524137	4.929025
9342	-2135.267	-2286.261	150.994	0.844768	0.3628745	0.65049	0.34951	5.412482
9348	-2134.619	-2285.344	150.7247	0.9887806	0.4272523	0.617318	0.382682	5.412482
9354	-2138.389	-2289.255	150.8659	0.837052	0.3778869	0.783467	0.216533	5.470472
9360	-2139.776	-2290.864	151.0886	0.8397999	0.3778869	0.772792	0.227208	5.34625
9366	-2133.215	-2286.002	152.7873	1.045289	0.497476	0.526819	0.473181	4.15999
9372	-2144.859	-2296.811	151.9517	1.091527	0.3031263	0.690429	0.309571	4.817114
9378	-2136.599	-2289.092	152.4932	1.06924	0.3031263	0.696709	0.303291	4.52636
9384	-2138.531	-2291.618	153.087	1.074657	0.2991744	0.485511	0.514489	4.193131
9390	-2134.563	-2288.749	154.1856	1.151321	0.4779732	0.581162	0.418838	3.309948
9396	-2143.478	-2297.805	154.3272	1.168185	0.5467576	0.661414	0.338586	3.149961
9402	-2136.771	-2291.383	154.6118	1.387951	0.2832573	0.490496	0.509504	3.149961
9408	-2130.965	-2284.019	153.0532	1.161565	0.2389139	0.546787	0.453213	4.248526
9414	-2135.674	-2290.731	155.0571	1.295103	0.2547332	0.537206	0.462794	2.981954
9420	-2150.042	-2302.783	152.7409	1.295103	0.4495816	0.504371	0.495629	4.091068
9426	-2143.812	-2298.828	155.0161	1.31781	0.2371765	0.642657	0.357343	3.020739
9432	-2141.188	-2294.538	153.3495	1.167642	0.2866819	0.629625	0.370375	4.007542
9438	-2126.921	-2280.944	154.0233	1.255515	0.3843575	0.524208	0.475792	3.444868
9444	-2137.19	-2291.262	154.0719	1.088227	0.3743868	0.524208	0.475792	3.525765
9450	-2140.798	-2295.263	154.4643	1.346812	0.4002906	0.585644	0.414356	3.112422
9456	-2128.112	-2283.446	155.3339	1.319757	0.4533687	0.611682	0.388318	2.540656
9462	-2129.346	-2284.241	154.8949	1.363514	0.4075356	0.560043	0.439957	2.835204
9468	-2121.627	-2275.334	153.7075	1.427076	0.4097148	0.560043	0.439957	3.500437
9474	-2133.501	-2288.414	154.9134	1.306037	0.4546611	0.566598	0.433402	2.806397
9480	-2128.45	-2282.538	154.0882	1.223185	0.3912474	0.555555	0.444445	3.417843
9486	-2133.106	-2286.574	153.4684	1.131068	0.3912474	0.635745	0.364255	3.830834
9492	-2129.028	-2283.508	154.4799	1.363253	0.1915261	0.590321	0.409679	3.389246
9498	-2127.478	-2282.563	155.0849	1.168376	0.3338733	0.597192	0.402808	2.928826
9504	-2139.767	-2295.353	155.5856	1.426232	0.3894306	0.670806	0.329194	2.390723
9510	-2154.431	-2307.443	153.012	1.075915	0.3215305	0.526365	0.473635	4.206059
9516	-2145.205	-2298.091	152.8862	0.9820858	0.4731514	0.727593	0.272407	4.163037
9522	-2138.971	-2292.122	153.1508	1.056604	0.2941547	0.566919	0.433081	4.173866
9528	-2129.387	-2282.244	152.8573	1.057179	0.3344476	0.552548	0.447452	4.288255
9534	-2135.467	-2285.976	150.5093	1.071143	0.3388798	0.538658	0.461342	5.582335
9540	-2131.553	-2285.854	154.3009	1.071143	0.4204641	0.738818	0.261182	3.349553
9546	-2135.329	-2289.844	154.5152	1.221224	0.4204641	0.627756	0.372244	3.134159
9552	-2149.114	-2303.642	154.528	1.142874	0.5795408	0.679121	0.320879	3.015477
9558	-2139.046	-2292.179	153.133	1.057859	0.4434352	0.6984	0.3016	4.009009
9564	-2133.505	-2286.82	153.3157	1.078139	0.3398996	0.590547	0.409453	4.009009
9570	-2120.083	-2274.697	154.6136	1.184207	0.3251623	0.591668	0.408332	3.212287
9576	-2121.039	-2274.123	153.084	1.07842	0.5244088	0.744632	0.255368	3.946817
9582	-2143.167	-2295.642	152.4748	1.156805	0.4745454	0.783726	0.216274	4.295871
9588	-2146.407	-2299.254	152.8469	0.98588	0.3668484	0.628018	0.371982	4.295871
9594	-2136.532	-2290.993	154.4609	1.333911	0.5023892	0.621627	0.378373	3.013595
9600	-2143.395	-2299.779	156.384	1.435087	0.5336165	0.701218	0.298782	1.685865
9606	-2141.743	-2295.587	153.8447	1.435087	0.7915948	0.528222	0.471778	3.081096
9612	-2138.81	-2294.049	155.2393	1.369692	0.3460747	0.578237	0.421763	2.696542
9618	-2134.302	-2289.397	155.0946	1.344292	0.3801542	0.578237	0.421763	2.7578
9624	-2137.348	-2292.557	155.2091	1.549963	0.3489907	0.619193	0.380807	2.600273
9630	-2127.83	-2282.535	154.7059	1.450055	0.4256995	0.457423	0.542577	2.876662
9636	-2137.577	-2293.346	155.7688	1.461446	0.4305836	0.670994	0.329006	2.201175
9642	-2140.933	-2294.944	154.0113	1.290687	0.4873448	0.55947	0.44053	3.321151
9648	-2129.392	-2284.373	154.9815	1.34155	0.342293	0.578799	0.421201	2.875729
9654	-2117.822	-2273.05	155.2279	1.338344	0.4309502	0.721036	0.278964	2.61991
9660	-2115.101	-2270.251	155.1499	1.338344	0.2769642	0.633968	0.366032	2.866161
9666	-2128.961	-2282.603	153.6423	1.1154	0.3924955	0.633968	0.366032	3.73829
9672	-2134.262	-2286.755	152.4932	1.015647	0.3988449	0.703695	0.296305	4.442871
9678	-2132.744	-2286.984	154.2396	1.078441	0.3282547	0.677247	0.322753	3.490291
9684	-2128.434	-2283.213	154.7787	1.224829	0.4360197	0.644919	0.355081	2.95723
9690	-2129.463	-2283.52	154.057	0.9650689	0.3596008	0.586865	0.413135	3.6236
9696	-2137.039	-2290.952	153.9138	1.09347	0.3735569	0.483967	0.516033	3.615629
9702	-2125.454	-2279.507	154.053	1.093284	0.3199591	0.611855	0.388145	3.60097
9708	-2132.145	-2287.056	154.911	1.176748	0.4717358	0.611855	0.388145	2.868237
9714	-2139.109	-2295.54	156.4311	1.426277	0.3745534	0.415556	0.584444	1.856221
9720	-2138.565	-2289.859	151.2937	0.946568	0.3346489	0.590745	0.409255	5.223828
9726	-2132.964	-2284.806	151.8415	1.022248	0.3547964	0.762598	0.237402	4.853915
9732	-2144.165	-2295.797	151.6318	1.022248	0.5896352	0.589382	0.410618	4.742866
9738	-2122.401	-2274.252	151.8509	1.191681	0.3645038	0.589537	0.410463	4.742866
9744	-2137.508	-2289.44	151.9325	1.307506	0.2763674	0.546032	0.453968	4.742866
9750	-2142.545	-2294.186	151.6411	1.08952	0.3914596	0.48733	0.51267	4.88681
9756	-2140.884	-2293.172	152.2886	0.8960999	0.3337972	0.530584	0.469416	4.699626
9762	-2135.115	-2290.352	155.2377	1.377349	0.2367761	0.640901	0.359099	2.851973
9768	-2137.427	-2291.78	154.353	1.18312	0.5604845	0.613589	0.386411	3.113199
9774	-2135.931	-2292.816	156.8849	1.528006	0.3107082	0.623347	0.376653	1.559747
9780	-2134.987	-2290.071	155.0837	1.442225	0.2388652	0.734984	0.265016	2.90251
9786	-2135.372	-2290.129	154.7579	1.2667	0.3650885	0.585553	0.414447	3.026676
9792	-2135.65	-2290.089	154.4396	1.2667	0.276356	0.52797	0.47203	3.333362
9798	-2129.537	-2285.025	155.4884	1.277553	0.2919872	0.562167	0.437833	2.674639
9804	-2138.638	-2292.315	153.6771	1.233265	0.1877615	0.559217	0.440783	3.936285
9810	-2138.207	-2292.427	154.2205	1.277943	0.5010121	0.624719	0.375281	3.191662
9816	-2141.883	-2295.932	154.0485	1.145839	0.4755457	0.692191	0.307809	3.396169
9822	-2137.102	-2289.359	152.2571	1.213532	0.4068607	0.640859	0.359141	4.45574
9828	-2142.672	-2294.64	151.9683	1.159996	0.3674589	0.638605	0.361395	4.691531
9834	-2123.284	-2276.922	153.6375	1.159996	0.261627	0.540016	0.459984	3.882406
9840	-2135.98	-2289.343	153.3621	1.017741	0.3197171	0.596661	0.403339	4.042252
9846	-2129.646	-2283.616	153.97	1.393082	0.4175804	0.622969	0.377031	3.357982
9852	-2120.666	-2274.845	154.1789	1.260291	0.3782525	0.602128	0.397872	3.357982
9858	-2126.377	-2280.717	154.3398	1.069915	0.3931527	0.544603	0.455397	3.357982
9864	-2128.168	-2280.417	152.2494	0.9462376	0.2518254	0.590249	0.409751	4.802275
9870	-2130.701	-2283.104	152.4029	0.8873173	0.4510147	0.590801	0.409199	4.511599
9876	-2135.203	-2287.725	152.5223	0.9561959	0.3532128	0.752699	0.247301	4.511599
9882	-2132.841	-2285.19	152.3487	1.121475	0.357203	0.465818	0.534182	4.511599
9888	-2136.104	-2289.872	153.7687	1.060894	0.3613739	0.657396	0.342604	3.732859
9894	-2125.129	-2278.806	153.6767	1.152861	0.3613739	0.595964	0.404036	3.732859
9900	-2145.047	-2298.911	153.8644	1.093505	0.4375271	0.686653	0.313347	3.573264
9906	-2136.89	-2292.074	155.1844	1.371471	0.4209716	0.58637	0.41363	2.637741
9912	-2150.248	-2305.698	155.4504	1.297297	0.3496988	0.597856	0.402144	2.606351
9918	-2138.159	-2292.857	154.6982	1.30323	0.3387802	0.742561	0.257439	3.07358
9924	-2138.001	-2292.642	154.6407	1.30323	0.3051813	0.569426	0.430574	3.152391
9930	-2141.652	-2296.22	154.5679	1.291252	0.4511223	0.786001	0.213999	3.027618
9936	-2150.623	-2305.05	154.427	1.293204	0.367733	0.572277	0.427723	3.204718
9942	-2150.161	-2303.091	152.9304	1.011306	0.3382365	0.589388	0.410612	4.268161
9948	-2143.724	-2296.685	152.9614	1.296519	0.2109862	0.657964	0.342036	4.268161
9954	-2146.583	-2300.885	154.3021	1.424621	0.2626045	0.692506	0.307494	3.341558
9960	-2144.542	-2300.668	156.1252	1.445229	0.5074591	0.544732	0.455268	1.887763
9966	-2135.568	-2291.828	156.2606	1.445229	0.5074591	0.575299	0.424701	1.794834
9972	-2147.303	-2303.408	156.1052	1.707141	0.6011894	0.529886	0.470114	1.617316
9978	-2139.924	-2296.831	156.9069	1.707141	0.3536791	0.529886	0.470114	1.334204
9984	-2147.33	-2303.595	156.2649	1.702334	0.2629782	0.529886	0.470114	1.952029
9990	-2131.335	-2286.989	155.6545	1.535017	0.4061396	0.752955	0.247045	2.256894
9996	-2132.967	-2289.145	156.1787	1.485828	0.4394497	0.437202	0.562798	1.903276
10002	-2128.505	-2284.389	155.8838	1.555593	0.6320591	0.694426	0.305574	1.84866
10008	-2121.734	-2277.265	155.5307	1.540155	0.6320591	0.631434	0.368566	2.095635
10014	-2129.665	-2285.295	155.6291	1.541196	0.5587588	0.649255	0.350745	2.100731
10020	-2140.767	-2296.438	155.6711	1.379048	0.425316	0.541679	0.458321	2.323012
10026	-2122.76	-2277.623	154.8622	1.229858	0.4579851	0.629465	0.370535	2.880105
10032	-2144.069	-2299.356	155.2869	1.197845	0.3038316	0.602334	0.397666	2.829513
10038	-2142.652	-2297.57	154.9179	1.197845	0.4369111	0.606195	0.393805	2.888543
10044	-2144.084	-2298.579	154.4954	1.044354	0.2793936	0.657447	0.342553	3.426731
10050	-2141.38	-2294.895	153.5151	1.173051	0.3425625	0.640685	0.359315	3.837102
10056	-2141.507	-2295.265	153.7571	1.072836	0.3831617	0.670641	0.329359	3.707157
10062	-2141.609	-2295.065	153.4559	1.024062	0.4312054	0.786017	0.213983	3.856085
10068	-2140.081	-2293.849	153.7679	1.220161	0.2494619	0.782325	0.217675	3.790918
10074	-2122.863	-2276.199	153.3359	1.220161	0.4518477	0.577301	0.422699	3.790918
10080	-2137.338	-2291.31	153.9723	1.238155	0.6242637	0.426337	0.573663	3.250827
10086	-2125.006	-2280.84	155.834	1.382078	0.3848868	0.626883	0.373117	2.266357
10092	-2133.085	-2288.478	155.3932	1.411415	0.2817756	0.583089	0.416911	2.665901
10098	-2129.914	-2285.914	156.0009	1.467648	0.3889483	0.443549	0.556451	2.097405
10104	-2148.017	-2303.538	155.5209	1.467648	0.5590418	0.699054	0.300946	2.218721
10110	-2142.975	-2298.645	155.6698	1.505823	0.6363528	0.526852	0.473148	2.022433
10116	-2124.513	-2279.816	155.3026	1.394794	0.413405	0.778377	0.221623	2.558866
10122	-2130.186	-2282.97	152.7843	1.196875	0.2777429	0.752397	0.247603	4.32437
10128	-2131.46	-2285.195	153.7351	1.102677	0.3029157	0.575774	0.424226	3.801754
10134	-2120.984	-2275.473	154.4883	1.103191	0.3350459	0.576722	0.423278	3.321336
10140	-2126.385	-2281.481	155.096	1.305512	0.3350459	0.643002	0.356998	2.837624
10146	-2146.789	-2302.255	155.4661	1.305512	0.4916208	0.431418	0.568582	2.425638
10152	-2132.25	-2286.444	154.1936	1.348581	0.2745777	0.469435	0.530565	3.432238
10158	-2137.591	-2292.241	154.6492	1.33647	0.519685	0.469435	0.530565	2.881707
10164	-2126.965	-2283.156	156.1904	1.738374	0.4103216	0.54487	0.45513	1.758558
10170	-2130.205	-2285.671	155.4668	1.457348	0.2880332	0.585209	0.414791	2.582758
10176	-2141.553	-2296.097	154.5435	1.329985	0.5091062	0.652538	0.347462	2.959777
10182	-2128.987	-2284.108	155.1216	1.329985	0.5091062	0.633694	0.366306	2.607313
10188	-2140.103	-2293.53	153.4269	1.12285	0.3143615	0.590749	0.409251	3.952019
10194	-2132.946	-2287.489	154.5427	1.228258	0.3034004	0.590749	0.409251	3.257296
10200	-2129.792	-2282.792	153	1.107331	0.5191195	0.605663	0.394337	3.983225
10206	-2130.449	-2284.857	154.4083	1.131798	0.3726727	0.744867	0.255133	3.305213
10212	-2123.453	-2278.569	155.1157	1.32008	0.3726727	0.642241	0.357759	2.768843
10218	-2135.753	-2291.598	155.8453	1.32008	0.3907639	0.72734	0.27266	2.291394
10224	-2136.677	-2290.618	153.9413	1.283346	0.4110515	0.757345	0.242655	3.446326
10230	-2134.18	-2288.706	154.5266	1.146154	0.4891832	0.557672	0.442328	3.099739
10236	-2140.916	-2294.709	153.7922	1.146154	0.3212585	0.674549	0.325451	3.719699
10242	-2148.804	-2301.339	152.536	1.034483	0.3999528	0.674549	0.325451	4.406962
10248	-2133.073	-2286.943	153.8696	1.131979	0.2399801	0.579299	0.420701	3.797571
10254	-2141.772	-2294.244	152.4723	1.097606	0.2077457	0.50611	0.49389	4.660913
10260	-2138.198	-2292.817	154.6196	1.166705	0.3498989	0.452476	0.547524	3.187505
10266	-2135.253	-2288.847	153.5947	0.981566	0.3498989	0.587563	0.412437	3.892381
10272	-2138.934	-2292.288	153.3542	1.363247	0.4064025	0.618807	0.381193	3.746072
10278	-2135.228	-2289.491	154.2622	1.367215	0.4290937	0.627192	0.372808	3.188204
10284	-2135.499	-2289.414	153.9149	1.177708	0.4290937	0.627931	0.372069	3.503825
10290	-2142.707	-2297.088	154.3811	1.269267	0.4612571	0.672167	0.327833	3.141548
10296	-2144.483	-2299.01	154.5272	1.209936	0.4134429	0.589035	0.410965	3.141548
10302	-2136.688	-2291.258	154.5694	1.235956	0.4208444	0.645879	0.354121	3.092642
10308	-2133.013	-2288.347	155.3339	1.207151	0.2689257	0.533762	0.466238	2.846225
10314	-2127.913	-2282.235	154.3217	1.118331	0.42855	0.756272	0.243728	3.300757
10320	-2124.127	-2277.53	153.4029	1.118331	0.5076692	0.628145	0.371855	3.756213
10326	-2141.543	-2297.726	156.1825	1.501198	0.3742907	0.730066	0.269934	1.974079
10332	-2131.892	-2288.235	156.3427	1.70618	0.2278117	0.605206	0.394794	1.95973
10338	-2131.041	-2287.344	156.3032	1.71326	0.3226248	0.605206	0.394794	1.822381
10344	-2134.485	-2288.736	154.2513	1.638636	0.2462154	0.552996	0.447004	3.270384
10350	-2136.618	-2291.518	154.9009	1.447365	0.2864727	0.552996	0.447004	2.936763
10356	-2123.965	-2278.746	154.7807	1.502755	0.3611749	0.499608	0.500392	2.875684
10362	-2119.452	-2273.515	154.0637	1.297845	0.3668938	0.727865	0.272135	3.416998
10368	-2117.591	-2270.2	152.6083	0.9645518	0.3668938	0.750548	0.249452	4.442564
10374	-2117.529	-2272.002	154.4729	1.252765	0.6218161	0.609054	0.390946	2.945657
10380	-2124.756	-2280.048	155.2919	1.434593	0.4633326	0.61406	0.38594	2.484267
10386	-2116.754	-2271.223	154.4692	1.190017	0.5005355	0.760444	0.239556	3.096486
10392	-2121.782	-2277.896	156.1142	1.438331	0.3511614	0.727089	0.272911	2.092624
10398	-2127.431	-2283.447	156.0165	1.634104	0.4503264	0.672793	0.327207	1.899516
10404	-2123.287	-2278.814	155.5273	1.639621	0.6760468	0.640406	0.359594	1.992238
10410	-2138.637	-2292.991	154.3535	1.279239	0.3433756	0.566878	0.433122	3.286472
10416	-2125.061	-2279.483	154.4227	1.194817	0.3505384	0.607099	0.392901	3.286472
10422	-2132.468	-2287.797	155.3291	1.324983	0.3982815	0.644433	0.355567	2.603638
10428	-2140.6	-2295.162	154.5618	1.372771	0.3804176	0.498154	0.501846	3.061976
10434	-2130.795	-2286.385	155.5906	1.276032	0.3175378	0.604528	0.395472	2.576023
10440	-2132.858	-2288.572	155.7132	1.410574	0.4386755	0.588827	0.411173	2.260329
10446	-2131.37	-2286.489	155.1185	1.143518	0.3054118	0.645131	0.354869	2.961927
10452	-2123.339	-2278.063	154.7246	1.349385	0.4302021	0.588567	0.411433	2.921171
10458	-2131.361	-2286.44	155.0792	1.48189	0.3482466	0.6902	0.3098	2.723112
10464	-2122.087	-2277.939	155.8518	1.603187	0.4225846	0.69753	0.30247	2.064052
10470	-2131.732	-2287.326	155.5941	1.675536	0.4497698	0.697159	0.302841	2.153158
10476	-2139.74	-2293.741	154.0005	1.54464	0.4497698	0.585388	0.414612	3.216003
10482	-2141.181	-2294.811	153.6297	1.21243	0.3787604	0.630097	0.369903	3.70518
10488	-2135.394	-2288.008	152.6142	1.27497	0.4016374	0.596567	0.403433	4.224867
10494	-2140.866	-2296.366	155.5005	1.303937	0.3013241	0.55029	0.44971	2.63741
10500	-2140.554	-2294.962	154.4077	1.303937	0.3675845	0.701872	0.298128	3.209972
10506	-2137.57	-2292.921	155.3508	1.303937	0.3032736	0.432099	0.567901	2.726609
10512	-2127.329	-2283.039	155.7096	1.520677	0.5126876	0.558885	0.441115	2.108986
10518	-2122.917	-2277.225	154.3083	1.453474	0.6872181	0.621179	0.378821	2.869893
10524	-2126.949	-2282.408	155.4595	1.453474	0.2823891	0.621179	0.378821	2.598116
10530	-2131.914	-2286.308	154.3945	1.310145	0.6241428	0.603625	0.396375	2.956343
10536	-2131.393	-2285.18	153.787	1.286885	0.2638109	0.517389	0.482611	3.72009
10542	-2126.553	-2281.342	154.7895	1.210153	0.3995059	0.552508	0.447492	3.000626
10548	-2114.878	-2268.688	153.8098	1.112713	0.3153167	0.615513	0.384487	3.73656
10554	-2128.869	-2284.031	155.1624	1.407378	0.3150478	0.644434	0.355566	2.762155
10560	-2122.973	-2277.761	154.7878	1.471229	0.4836	0.644434	0.355566	2.751778
10566	-2127.018	-2279.95	152.9315	1.243153	0.3955163	0.6808	0.3192	4.069323
10572	-2131.941	-2286.518	154.5771	1.394403	0.5342962	0.536589	0.463411	2.876188
10578	-2126.678	-2281.29	154.612	1.406082	0.5053844	0.532619	0.467381	2.876188
10584	-2135.35	-2289.634	154.2845	1.32627	0.6259989	0.706092	0.293908	3.011167
10590	-2128.776	-2283.292	154.5159	1.403831	0.3495496	0.592385	0.407615	3.108606
10596	-2130.513	-2283.889	153.3755	1.251205	0.4802216	0.554504	0.445496	3.721729
10602	-2118.893	-2273.944	155.0516	1.285137	0.319599	0.574346	0.425654	2.897457
10608	-2122.883	-2276.869	153.986	1.286643	0.2785998	0.5362	0.4638	3.583649
10614	-2116.778	-2270.74	153.9625	1.205262	0.3237137	0.698417	0.301583	3.583649
10620	-2120.874	-2273.93	153.0563	1.104322	0.3480961	0.698417	0.301583	4.132017
10626	-2130.002	-2284.416	154.4134	1.104322	0.3325069	0.604218	0.395782	3.367959
10632	-2131.161	-2284.642	153.4815	1.179723	0.2697969	0.632136	0.367864	3.94873
10638	-2138.27	-2291.467	153.1967	1.189279	0.3873761	0.488453	0.511547	3.957715
10644	-2139.033	-2291.287	152.2537	0.9915848	0.3198362	0.515525	0.484475	4.682956
10650	-2130.975	-2283.809	152.8345	1.332665	0.3572857	0.641863	0.358137	4.117289
10656	-2135.961	-2288.948	152.987	1.166771	0.4397295	0.493434	0.506566	4.033996
10662	-2134.756	-2288.947	154.1908	1.27222	0.3191969	0.545892	0.454108	3.417279
10668	-2132.397	-2285.515	153.1178	1.070397	0.3071205	0.545892	0.454108	4.167584
10674	-2137.47	-2290.542	153.0719	1.159011	0.3776599	0.499062	0.500938	4.057302
10680	-2135.247	-2288.548	153.301	1.100511	0.3401401	0.454703	0.545297	4.004357
10686	-2145.592	-2299.099	153.5065	1.156227	0.3615339	0.633591	0.366409	3.82883
10692	-2136.78	-2291.992	155.2115	1.276224	0.4013829	0.705351	0.294649	2.702417
10698	-2138.465	-2293.097	154.6328	1.329614	0.3470884	0.690103	0.309897	3.086284
10704	-2136.996	-2292.388	155.3925	1.399582	0.3470884	0.729279	0.270721	2.582258
10710	-2137.913	-2293.342	155.4283	1.384511	0.3374157	0.648815	0.351185	2.582258
10716	-2146.706	-2302.514	155.8074	1.423795	0.5071476	0.599717	0.400283	2.114315
10722	-2135.262	-2290.706	155.4441	1.417054	0.4900798	0.599717	0.400283	2.370715
10728	-2132.28	-2286.11	153.8297	1.268581	0.5168319	0.689553	0.310447	3.412206
10734	-2131.191	-2286.56	155.3682	1.268581	0.3625061	0.548022	0.451978	2.658362
10740	-2148.781	-2304.823	156.0422	1.78589	0.8021197	0.669716	0.330284	1.409732
10746	-2139.635	-2295.681	156.0457	1.78589	0.7991728	0.648726	0.351274	1.409732
10752	-2134.47	-2290.509	156.0391	1.928698	0.7991728	0.620134	0.379866	1.301837
10758	-2148.351	-2304.527	156.1763	1.972349	0.8867765	0.602808	0.397192	1.057857
10764	-2143.818	-2300.447	156.6286	1.972349	0.5811829	0.56884	0.43116	0.9947057
10770	-2132.273	-2288.993	156.7199	1.972349	0.5811829	0.661727	0.338273	0.8978052
10776	-2139.808	-2296.129	156.3211	1.972349	0.8059541	0.618185	0.381815	1.006238
10782	-2144.537	-2300.991	156.4537	1.999168	0.6782597	0.704217	0.295783	1.006238
10788	-2136.547	-2292.714	156.1671	2.09511	0.8329034	0.637647	0.362353	1.006238
10794	-2125.631	-2281.549	155.918	1.986314	1.009232	0.629044	0.370956	1.164078
10800	-2126.556	-2282.567	156.0117	1.986314	0.7763208	0.627863	0.372137	1.299386
10806	-2132.265	-2288.812	156.5464	1.845304	0.4195079	0.602122	0.397878	1.406916
10812	-2127.201	-2283.694	156.4932	1.755109	0.5349537	0.521568	0.478432	1.364438
10818	-2133.957	-2290.378	156.4212	1.800997	0.6520773	0.595585	0.404415	1.246233
10824	-2132.554	-2289.107	156.5532	1.948994	0.5640645	0.477128	0.522872	1.113223
10830	-2130.737	-2286.727	155.9901	2.110286	0.9555626	0.563965	0.436035	1.034021
10836	-2136.498	-2293.024	156.5263	2.110286	0.5824527	0.475559	0.524441	0.9561756
10842	-2129.573	-2286.241	156.6674	1.730564	0.5358825	0.658546	0.341454	1.241722
10848	-2113.861	-2269.358	155.497	1.53185	0.5358825	0.687002	0.312998	2.215878
10854	-2138.802	-2294.384	155.582	1.27295	0.2452958	0.603354	0.396646	2.691706
10860	-2133.433	-2287.81	154.3772	1.185426	0.3094252	0.585293	0.414707	3.371786
10866	-2127.646	-2281.567	153.9208	1.171804	0.5602387	0.615844	0.384156	3.375568
10872	-2122.221	-2276.17	153.9496	1.243256	0.2968295	0.624282	0.375718	3.604665
10878	-2123.381	-2277.931	154.5503	1.243256	0.3402473	0.624282	0.375718	3.195381
10884	-2124.305	-2277.828	153.5229	1.176014	0.446733	0.590445	0.409555	3.713782
10890	-2122.609	-2277.142	154.5327	1.200669	0.4608578	0.652153	0.347847	3.092528
10896	-2115.564	-2270.206	154.642	1.349302	0.3279441	0.652153	0.347847	3.093697
10902	-2119.969	-2273.829	153.8605	1.174691	0.4258441	0.579286	0.420714	3.540776
10908	-2123.631	-2277.393	153.7626	1.105051	0.297954	0.590132	0.409868	3.791162
10914	-2126.189	-2280.179	153.9904	1.040967	0.2806495	0.656473	0.343527	3.72054
10920	-2133.869	-2286.854	152.9851	1.191748	0.3157259	0.651111	0.348889	4.162949
10926	-2133.317	-2286.44	153.1225	1.004155	0.3070352	0.58374	0.41626	4.202676
10932	-2149.425	-2303.617	154.1927	1.088406	0.3678958	0.577622	0.422378	3.462841
10938	-2145.967	-2301.289	155.3221	1.11602	0.3678958	0.592596	0.407404	2.773315
10944	-2140.677	-2295.384	154.707	1.276238	0.3665114	0.609301	0.390699	3.049669
10950	-2143.995	-2297.482	153.4865	1.0943	0.400896	0.665599	0.334401	3.830823
10956	-2149.179	-2302.624	153.4446	0.9911718	0.4812053	0.523982	0.476018	3.830823
10962	-2130.498	-2284.391	153.8934	1.067386	0.3752867	0.605756	0.394244	3.64054
10968	-2131.595	-2285.222	153.6274	0.9728371	0.3083044	0.65598	0.34402	3.931034
10974	-2132.685	-2283.603	150.9189	0.7357682	0.4236562	0.578306	0.421694	5.448565
10980	-2149.005	-2299.776	150.7713	0.7971044	0.47192	0.635433	0.364567	5.448565
10986	-2152.574	-2304.789	152.2153	1.021567	0.4608454	0.635433	0.364567	4.531833
10992	-2137.214	-2291.755	154.5409	1.284235	0.295426	0.613434	0.386566	3.236252
10998	-2133.663	-2288.424	154.7603	1.221168	0.3757315	0.581952	0.418048	3.039564
11004	-2128.621	-2283.219	154.5983	1.19096	0.2807809	0.626295	0.373705	3.278174
11010	-2132.819	-2286.932	154.1136	1.044256	0.2807809	0.477769	0.522231	3.647167
11016	-2134.667	-2287.995	153.3285	1.052647	0.3461069	0.592835	0.407165	4.008682
11022	-2140.153	-2291.742	151.5889	0.9418112	0.3615964	0.562221	0.437779	5.031293
11028	-2140.421	-2291.728	151.3065	0.9418112	0.4931335	0.674373	0.325627	5.052981
11034	-2138.744	-2290.306	151.5621	1.095609	0.2868189	0.722217	0.277783	5.052981
11040	-2141.792	-2293.423	151.6316	1.029182	0.2855401	0.679091	0.320909	5.052981
11046	-2141.656	-2295.864	154.2077	1.173554	0.3523902	0.544053	0.455947	3.423061
11052	-2131.71	-2284.992	153.2816	1.173554	0.3104475	0.535157	0.464843	4.011183
11058	-2140.524	-2294.153	153.6294	1.149678	0.2362163	0.62963	0.37037	3.931158
11064	-2135.285	-2288.023	152.7382	1.062304	0.2202274	0.524718	0.475282	4.511367
11070	-2128.348	-2281.501	153.1535	1.097345	0.3412537	0.705153	0.294847	4.088911
11076	-2128.864	-2283.299	154.4351	1.112801	0.3427468	0.59257	0.40743	3.337209
11082	-2139.38	-2293.437	154.0575	1.27033	0.4042087	0.59257	0.40743	3.393544
11088	-2128.753	-2283.72	154.9678	1.244791	0.2447895	0.59257	0.40743	3.081134
11094	-2137.026	-2293.113	156.0872	1.58419	0.2951904	0.586475	0.413525	2.096326
11100	-2132.372	-2288.53	156.1586	1.58419	0.436737	0.586475	0.413525	1.853273
11106	-2124.258	-2279.656	155.398	1.537317	0.2200031	0.601021	0.398979	2.684793
11112	-2150.182	-2302.699	152.5163	0.9422177	0.2729223	0.481081	0.518919	4.625258
11118	-2149.811	-2301.732	151.9213	0.9291173	0.3968769	0.76974	0.23026	4.814124
11124	-2157.274	-2309.609	152.3348	0.9035215	0.2279892	0.718543	0.281457	4.814124
11130	-2137.888	-2289.282	151.3937	1.042604	0.2091217	0.712601	0.287399	5.28892
11136	-2142.761	-2296.179	153.4182	0.8676851	0.4963823	0.670883	0.329117	3.902236
11142	-2138.286	-2291.329	153.0431	1.025236	0.3368724	0.728331	0.271669	4.198052
11148	-2136.445	-2290.107	153.662	1.061493	0.2971026	0.694653	0.305347	3.875188
11154	-2141.8	-2295.448	153.648	0.9670044	0.3014033	0.619229	0.380771	3.931679
11160	-2134.923	-2288.214	153.2911	0.9604827	0.3035606	0.677909	0.322091	4.136238
11166	-2139.978	-2292.37	152.3927	1.111643	0.4154227	0.4879	0.5121	4.427626
11172	-2137.89	-2294.912	157.0217	1.640265	0.2417705	0.527866	0.472134	1.500786
11178	-2136.75	-2293.477	156.7269	1.559168	0.2653281	0.677994	0.322006	1.728979
11184	-2134.889	-2291.118	156.2294	1.649235	0.4668541	0.684966	0.315034	1.72186
11190	-2121.469	-2277.833	156.3637	1.649235	0.5994434	0.638642	0.361358	1.470848
11196	-2132.966	-2289.33	156.3631	1.649235	0.3555868	0.528469	0.471531	1.776085
11202	-2138.71	-2295.154	156.4442	1.464799	0.3131393	0.76696	0.23304	1.910311
11208	-2140.472	-2295.824	155.3522	1.350444	0.2878885	0.671384	0.328616	2.719458
11214	-2130.754	-2285.04	154.2867	1.285707	0.2633036	0.479072	0.520928	3.431049
11220	-2145.097	-2295.668	150.5711	0.856433	0.2131764	0.545226	0.454774	5.836704
11226	-2142.918	-2296.962	154.044	1.181081	0.2131764	0.499403	0.500597	3.711594
11232	-2148.149	-2302.394	154.2446	1.178306	0.456502	0.692607	0.307393	3.281204
11238	-2138.878	-2293.442	154.5635	1.325797	0.238189	0.568888	0.431112	3.283342
11244	-2125.775	-2279.977	154.2023	1.379431	0.3194317	0.622078	0.377922	3.347283
11250	-2126.421	-2279.671	153.2506	1.004112	0.2614713	0.556612	0.443388	4.192395
11256	-2138.127	-2291.12	152.9933	0.9019383	0.3524857	0.717453	0.282547	4.277371
11262	-2134.648	-2286.855	152.2064	0.8700257	0.3468682	0.475115	0.524885	4.744503
11268	-2134.188	-2284.579	150.3906	0.9862048	0.3500027	0.524464	0.475536	5.681062
11274	-2145.13	-2295.595	150.4646	1.106288	0.2655828	0.623967	0.376033	5.681062
11280	-2142.182	-2295.56	153.3785	1.081875	0.3201158	0.632735	0.367265	3.995743
11286	-2141.579	-2295.643	154.0636	1.262948	0.4611375	0.723641	0.276359	3.333135
11292	-2144.04	-2298.168	154.1288	1.185062	0.4684645	0.535239	0.464761	3.333135
11298	-2149.55	-2303.083	153.5329	1.054157	0.3668856	0.674738	0.325262	3.865977
11304	-2152.148	-2305.563	153.415	1.107354	0.5431181	0.65838	0.34162	3.722899
11310	-2143.01	-2297.08	154.0703	1.203193	0.258392	0.574118	0.425882	3.612536
11316	-2129.5	-2284.567	155.0666	1.370928	0.3726473	0.537598	0.462402	2.767837
11322	-2141.644	-2296.835	155.1911	1.289622	0.3516636	0.572466	0.427534	2.767837
11328	-2135.221	-2290.907	155.6867	1.458539	0.3516636	0.707418	0.292582	2.35476
11334	-2147.483	-2302.071	154.5876	1.461742	0.4726143	0.572889	0.427111	2.890549
11340	-2139.523	-2294.524	155.0009	1.423886	0.2864945	0.572889	0.427111	2.890549
11346	-2142.676	-2297.089	154.4127	1.297527	0.3210409	0.681708	0.318292	3.269473
11352	-2132.939	-2288.068	155.1291	1.297527	0.3676199	0.659006	0.340994	2.780689
11358	-2139.492	-2293.85	154.3575	1.178247	0.2750845	0.493542	0.506458	3.435311
11364	-2135.027	-2289.604	154.5767	1.342206	0.3687571	0.657542	0.342458	3.085361
11370	-2144.169	-2298.615	154.4461	1.24166	0.4945944	0.650176	0.349824	3.085361
11376	-2134.157	-2288.493	154.3367	1.214836	0.3650612	0.641447	0.358553	3.307624
11382	-2142.839	-2297.361	154.5227	1.139473	0.313654	0.641447	0.358553	3.307624
11388	-2136.359	-2289.988	153.629	1.141338	0.4265097	0.61193	0.38807	3.693711
11394	-2124.965	-2279.425	154.4597	1.149493	0.3684761	0.738573	0.261427	3.269504
11400	-2133.267	-2287.436	154.1693	1.137143	0.3965494	0.567659	0.432341	3.414686
11406	-2137.083	-2291.561	154.4779	1.063785	0.5490353	0.501095	0.498905	3.120336
11412	-2140.684	-2296.065	155.3816	1.360379	0.4249212	0.598177	0.401823	2.517711
11418	-2138.201	-2293.974	155.7737	1.431789	0.2887778	0.673348	0.326652	2.405681
11424	-2138.255	-2293.171	154.9167	1.267757	0.4249882	0.715122	0.284878	2.860186
11430	-2125.117	-2280.184	155.0671	1.549486	0.3619022	0.560568	0.439432	2.67152
11436	-2122.882	-2276.037	153.1552	1.37943	0.2514242	0.627121	0.372879	4.047857
11442	-2122.074	-2275.955	153.8804	1.052403	0.4397324	0.600856	0.399144	3.585547
11448	-2132.097	-2285.323	153.2265	1.069621	0.2270513	0.720332	0.279668	4.220747
11454	-2125.919	-2278.632	152.7134	1.081911	0.5144482	0.614934	0.385066	4.165331
11460	-2117.535	-2269.703	152.1682	1.099181	0.2777531	0.531026	0.468974	4.72565
11466	-2121.768	-2275.465	153.6974	1.095244	0.3221838	0.657647	0.342353	3.802547
11472	-2142.268	-2295.414	153.146	1.079426	0.2596913	0.665379	0.334621	4.211626
11478	-2118.861	-2272.566	153.7055	1.228323	0.3449557	0.62229	0.37771	3.692498
11484	-2117.359	-2272.36	155.0011	1.283413	0.3449557	0.628416	0.371584	2.895567
11490	-2118.756	-2273.432	154.6758	1.251876	0.3828246	0.632783	0.367217	3.063271
11496	-2128.17	-2280.499	152.3295	1.058039	0.2914463	0.613849	0.386151	4.639895
11502	-2138.957	-2291.25	152.2926	0.9116181	0.3755166	0.679301	0.320699	4.639895
11508	-2138.233	-2289.962	151.7295	0.9154327	0.3981049	0.557043	0.442957	4.927319
11514	-2128.766	-2280.525	151.7592	0.9795032	0.3200034	0.665709	0.334291	4.965337
11520	-2125.612	-2279.799	154.1876	1.168434	0.2937754	0.624191	0.375809	3.513899
11526	-2142.886	-2296.498	153.6122	1.139201	0.5323547	0.662989	0.337011	3.600014
11532	-2131.08	-2285.153	154.0737	1.220887	0.4032881	0.631959	0.368041	3.414035
11538	-2136.654	-2290.412	153.7584	1.082925	0.2605221	0.558895	0.441105	3.858869
11544	-2140.004	-2294.814	154.81	1.306933	0.3298267	0.575274	0.424726	3.016111
11550	-2135.816	-2288.791	152.9753	1.180566	0.3278461	0.575274	0.424726	4.159507
11556	-2121.879	-2274.882	153.0031	1.279815	0.4722124	0.516657	0.483343	3.927379
11562	-2117.424	-2271.168	153.7445	1.19208	0.4722124	0.700745	0.299255	3.550063
11568	-2124.96	-2278.951	153.9904	1.124581	0.4722124	0.703773	0.296227	3.44596
11574	-2129.971	-2283.987	154.0166	1.065477	0.3562257	0.658973	0.341027	3.592815
11580	-2117.653	-2269.943	152.29	1.181122	0.3856347	0.545325	0.454675	4.47867
11586	-2121.86	-2275.09	153.2304	1.199676	0.335315	0.747588	0.252412	3.993982
11592	-2131.313	-2284.451	153.1388	1.253175	0.3531745	0.487357	0.512643	3.993982
11598	-2139.902	-2295.729	155.8274	1.387899	0.3634834	0.67479	0.32521	2.29449
11604	-2125.051	-2280.899	155.8482	1.498406	0.4726566	0.543125	0.456875	2.076493
11610	-2133.515	-2288.007	154.4911	1.198574	0.4726566	0.590515	0.409485	3.106374
11616	-2124.293	-2277.885	153.5926	1.198574	0.3937134	0.665637	0.334363	3.717618
11622	-2124.805	-2279.423	154.6187	1.274495	0.3513913	0.730815	0.269185	3.122123
11628	-2131.955	-2285.983	154.0274	1.275293	0.158901	0.517831	0.482169	3.764614
11634	-2140.896	-2294.903	154.0074	1.033291	0.2467835	0.529887	0.470113	3.764614
11640	-2135.309	-2290.334	155.0251	1.14977	0.3052273	0.580393	0.419607	3.014494
11646	-2129.413	-2283.806	154.3934	1.019711	0.5065989	0.688916	0.311084	3.236745
11652	-2132.706	-2285.496	152.7902	1.142307	0.2866701	0.688916	0.311084	4.339681
11658	-2125.491	-2278.161	152.6702	1.097505	0.3786918	0.607387	0.392613	4.31913
11664	-2132.281	-2284.87	152.5886	0.9960454	0.4779542	0.632588	0.367412	4.31913
11670	-2133.566	-2286.198	152.6321	1.207275	0.3439696	0.613766	0.386234	4.31913
11676	-2139.941	-2293.133	153.1918	1.151405	0.2690614	0.512751	0.487249	4.13128
11682	-2131.181	-2285.65	154.4688	1.150311	0.3562134	0.643747	0.356253	3.278528
11688	-2147.392	-2302.129	154.7371	1.335354	0.3476127	0.63607	0.36393	3.019777
11694	-2140.731	-2294.373	153.6423	1.107054	0.3381183	0.63607	0.36393	3.807365
11700	-2122.958	-2275.705	152.7472	1.028874	0.4695364	0.623465	0.376535	4.218943
11706	-2129.021	-2282.558	153.5363	1.028874	0.2878015	0.73894	0.26106	3.978568
11712	-2132.362	-2285.779	153.4173	0.9933407	0.3047047	0.596728	0.403272	4.044144
11718	-2130.949	-2285.106	154.1561	1.006993	0.3440995	0.577994	0.422006	3.56056
11724	-2126.376	-2281.032	154.6567	1.141159	0.4779432	0.623073	0.376927	3.036368
11730	-2132.201	-2287.284	155.0823	1.188957	0.266913	0.63261	0.36739	3.011905
11736	-2134.768	-2288.583	153.8151	1.116355	0.5472393	0.619379	0.380621	3.481646
11742	-2132.771	-2285.551	152.7801	0.9322914	0.4854901	0.561104	0.438896	4.239604
11748	-2133.252	-2287.124	153.8715	1.031099	0.3620608	0.70725	0.29275	3.689839
11754	-2145.335	-2296.093	150.7579	1.037121	0.2775054	0.653535	0.346465	5.541805
11760	-2123.638	-2276.671	153.0334	1.207356	0.408538	0.596751	0.403249	4.0173
11766	-2127.707	-2281.65	153.9431	1.107241	0.408538	0.585525	0.414475	3.550784
11772	-2127.813	-2281.253	153.4394	1.15281	0.273317	0.66815	0.33185	3.9832
11778	-2134.039	-2286.584	152.5451	0.9380284	0.4256398	0.565611	0.434389	4.428881
11784	-2144.305	-2296.782	152.4761	1.042166	0.2747805	0.565611	0.434389	4.589196
11790	-2137.477	-2291.18	153.7035	1.071443	0.3771756	0.649069	0.350931	3.745841
11796	-2135.021	-2288.504	153.4835	1.060174	0.3522686	0.634583	0.365417	3.908224
11802	-2137.824	-2290.921	153.0969	1.038636	0.3183464	0.581192	0.418808	4.18307
11808	-2149.742	-2302.813	153.0705	0.9861114	0.3548167	0.561252	0.438748	4.18307
11814	-2145.227	-2299.438	154.2118	1.209112	0.4339036	0.694682	0.305318	3.306245
11820	-2137.614	-2291.271	153.6573	1.192604	0.4487947	0.447262	0.552738	3.624207
11826	-2136.182	-2290.798	154.616	1.215214	0.3961712	0.4662	0.5338	3.105214
11832	-2136.806	-2289.413	152.6072	1.269355	0.3241054	0.542843	0.457157	4.322539
11838	-2148.192	-2303.001	154.8082	1.108858	0.3035789	0.659638	0.340362	3.17054
11844	-2146.337	-2301.231	154.8945	1.205622	0.4070143	0.659638	0.340362	2.93154
11850	-2152.858	-2308.077	155.2189	1.205622	0.2591994	0.659638	0.340362	2.93154
11856	-2154.434	-2309.526	155.0914	1.225087	0.3280552	0.58935	0.41065	2.898344
11862	-2148.821	-2304.492	155.671	1.497429	0.5209931	0.627415	0.372585	2.140669
11868	-2133.51	-2289.441	155.9304	1.493008	0.5490207	0.577036	0.422964	1.942484
11874	-2130.996	-2287.128	156.1322	1.493008	0.4446661	0.491026	0.508974	1.923513
11880	-2138.546	-2294.198	155.652	1.510107	0.4446661	0.495146	0.504854	2.228675
11886	-2126.966	-2282.939	155.9734	1.321637	0.3746817	0.49831	0.50169	2.228675
11892	-2133.485	-2287.19	153.7048	1.318506	0.6287413	0.49831	0.50169	3.357368
11898	-2131.52	-2286.493	154.9733	1.403798	0.3559374	0.49831	0.50169	2.825473
11904	-2136.49	-2291.301	154.8113	1.248077	0.3898988	0.564984	0.435016	2.975944
11910	-2130.587	-2285.198	154.6107	1.259156	0.4949827	0.558753	0.441247	2.975944
11916	-2125.018	-2278.865	153.8475	1.221298	0.6148634	0.539911	0.460089	3.342174
11922	-2131.838	-2286.021	154.1832	1.156256	0.384536	0.616136	0.383864	3.409144
11928	-2155.851	-2308.774	152.9235	1.032821	0.3298197	0.81612	0.18388	4.270249
11934	-2138.179	-2291.562	153.3821	0.9677007	0.3981361	0.666302	0.333698	3.966389
11940	-2125.083	-2277.867	152.7841	0.9584355	0.3564087	0.689906	0.310094	4.359079
11946	-2141.425	-2295.478	154.0525	1.223833	0.3745741	0.649233	0.350767	3.457752
11952	-2128.308	-2282.416	154.1083	1.119112	0.3993702	0.649233	0.350767	3.457752
11958	-2121.716	-2275.334	153.6181	1.091466	0.4076752	0.675516	0.324484	3.749185
11964	-2150.522	-2302.601	152.0791	0.9217881	0.3185316	0.651283	0.348717	4.821174
11970	-2151.31	-2307.129	155.8192	1.45665	0.3977836	0.503647	0.496353	2.211637
11976	-2146.136	-2302.08	155.9442	1.438961	0.3261641	0.65274	0.34726	2.237744
11982	-2136.851	-2292.734	155.8826	1.402089	0.3261641	0.59207	0.40793	2.300917
11988	-2150.621	-2305.751	155.1304	1.385282	0.4656861	0.656234	0.343766	2.612866
11994	-2136.487	-2291.556	155.0691	1.282573	0.2766024	0.698569	0.301431	2.949173
12000	-2134.395	-2290.381	155.9863	1.198524	0.2766024	0.613935	0.386065	2.437298
12006	-2121.417	-2277.219	155.8015	1.327789	0.2882726	0.623363	0.376637	2.454436
12012	-2120.127	-2275.574	155.4465	1.327789	0.4930371	0.68267	0.31733	2.422441
12018	-2133.315	-2288.317	155.0029	1.441801	0.5510326	0.414962	0.585038	2.570323
12024	-2124.441	-2279.133	154.692	1.376798	0.3712445	0.531591	0.468409	2.992638
12030	-2122.554	-2278.52	155.9661	1.376798	0.3668672	0.71146	0.28854	2.208029
12036	-2130.512	-2284.724	154.2125	1.226725	0.5306719	0.617044	0.382956	3.19829
12042	-2125.711	-2278.782	153.0702	1.258593	0.2442209	0.617044	0.382956	4.175788
12048	-2131.695	-2286.26	154.5646	1.134419	0.4504798	0.625287	0.374713	3.123888
12054	-2127.818	-2281.929	154.1103	1.078231	0.3500132	0.503221	0.496779	3.538495
12060	-2127.108	-2279.401	152.2928	1.041721	0.3500132	0.590681	0.409319	4.596255
12066	-2113.819	-2266.316	152.4969	0.8862802	0.32744	0.533738	0.466262	4.596255
12072	-2128.602	-2281.707	153.1043	0.9486829	0.3164525	0.603123	0.396877	4.232341
12078	-2130.292	-2281.876	151.5846	0.9179573	0.3765858	0.744938	0.255062	5.030034
12084	-2127.584	-2280.866	153.2827	1.068316	0.3137759	0.599904	0.400096	4.066337
12090	-2128.17	-2281.585	153.4154	0.939719	0.4444795	0.599904	0.400096	3.913946
12096	-2137.976	-2290.768	152.7914	0.939719	0.3827443	0.732719	0.267281	4.335268
12102	-2136.982	-2292.292	155.3097	1.215833	0.427192	0.581692	0.418308	2.649333
12108	-2128.232	-2281.83	153.5978	1.070038	0.3546028	0.659635	0.340365	3.834151
12114	-2131.276	-2285.324	154.0479	1.093769	0.3546028	0.720823	0.279177	3.560168
12120	-2137.909	-2290.784	152.875	0.9927779	0.4299954	0.616495	0.383505	4.206816
12126	-2146.83	-2300.787	153.9563	1.161894	0.2836446	0.557639	0.442361	3.666158
12132	-2133.463	-2286.362	152.8988	1.178106	0.4100319	0.619376	0.380624	4.109108
12138	-2131.315	-2284.472	153.1571	0.998431	0.3699356	0.656201	0.343799	4.109108
12144	-2124.19	-2277.717	153.5263	0.9254363	0.395829	0.509749	0.490251	3.910568
12150	-2129.341	-2281.962	152.6211	0.9210655	0.4993074	0.554458	0.445542	4.322879
12156	-2130.044	-2284.676	154.6323	1.269502	0.5763992	0.661387	0.338613	2.879266
12162	-2118.53	-2272.596	154.0665	1.269502	0.5270513	0.661387	0.338613	3.262766
12168	-2120.434	-2274.871	154.4369	1.269502	0.6048111	0.663322	0.336678	2.971871
12174	-2134.307	-2288.151	153.8439	1.125479	0.4847387	0.551465	0.448535	3.518489
12180	-2123.669	-2279.037	155.3686	1.288418	0.3113953	0.629723	0.370277	2.713801
12186	-2126.724	-2279.926	153.2025	0.9393591	0.4076832	0.685185	0.314815	4.074684
12192	-2125.166	-2278.555	153.3893	1.094769	0.3619334	0.580038	0.419962	3.930866
12198	-2127.396	-2280.216	152.8203	1.074183	0.4000261	0.644481	0.355519	4.223647
12204	-2128.983	-2281.639	152.6557	0.9294643	0.3345435	0.525663	0.474337	4.473993
12210	-2121.314	-2274.601	153.2873	0.9435071	0.3952181	0.499565	0.500435	4.03761
12216	-2119.921	-2272.531	152.6104	1.033912	0.2815097	0.667245	0.332755	4.509174
12222	-2126.857	-2280.267	153.4095	1.148831	0.4226645	0.648926	0.351074	3.820098
12228	-2136.941	-2291.719	154.7785	1.220114	0.3262745	0.579166	0.420834	3.091485
12234	-2139.731	-2292.573	152.8419	1.141683	0.3810616	0.637276	0.362724	4.194139
12240	-2130.804	-2283.661	152.857	1.128765	0.4126748	0.592771	0.407229	4.158127
12246	-2136.634	-2290.546	153.9124	1.296453	0.2653609	0.592771	0.407229	3.639756
12252	-2130.922	-2282.992	152.0707	0.9797051	0.4082334	0.584397	0.415603	4.690235
12258	-2152.141	-2303.427	151.2867	0.8132222	0.4723479	0.658919	0.341081	5.154712
12264	-2139.567	-2295.422	155.8553	1.512233	0.4284524	0.511816	0.488184	2.11441
12270	-2132.014	-2287.87	155.8553	1.512233	0.4284524	0.644301	0.355699	2.11441
12276	-2140.85	-2296.33	155.48	1.419588	0.5908137	0.613795	0.386205	2.245309
12282	-2124.395	-2279.886	155.4909	1.409816	0.6131553	0.595312	0.404688	2.223723
12288	-2119.309	-2275.539	156.231	1.535249	0.3580813	0.595312	0.404688	1.940934
12294	-2120.924	-2277.034	156.1098	1.535249	0.5137282	0.539559	0.460441	1.829783
12300	-2131.235	-2287.06	155.8248	1.652944	0.8250373	0.592931	0.407069	1.650358
12306	-2137.777	-2292.597	154.8201	1.652944	0.5740035	0.555866	0.444134	2.530987
12312	-2149.258	-2304.018	154.7597	1.401023	0.8519546	0.700797	0.299203	2.501469
12318	-2143.87	-2298.14	154.2699	1.309619	0.4849273	0.52871	0.47129	3.159435
12324	-2141.029	-2295.435	154.4055	1.249784	0.6352538	0.731915	0.268085	2.97661
12330	-2153.784	-2306.593	152.8089	0.9234559	0.283281	0.561455	0.438545	4.4572
12336	-2141.802	-2296.073	154.2709	1.104154	0.349208	0.780771	0.219229	3.43057
12342	-2134.645	-2290.229	155.5841	1.37771	0.4051605	0.447306	0.552694	2.403043
12348	-2139.629	-2294.836	155.2074	1.40264	0.4148758	0.555659	0.444341	2.611326
12354	-2147.511	-2301.174	153.6632	1.200138	0.3205223	0.720461	0.279539	3.763925
12360	-2134.242	-2290.198	155.9568	1.48744	0.3636999	0.577936	0.422064	2.146462
12366	-2135.381	-2291.516	156.1343	1.482879	0.3739912	0.460029	0.539971	2.018846
12372	-2150.7	-2306.732	156.0319	1.610589	0.5378451	0.713781	0.286219	1.804984
12378	-2146.001	-2300.849	154.8484	1.579026	0.5952218	0.634756	0.365244	2.539802
12384	-2139.11	-2294.434	155.324	1.439837	0.3449974	0.634756	0.365244	2.602524
12390	-2142.181	-2295.899	153.7178	1.394368	0.5216287	0.669772	0.330228	3.399566
12396	-2146.866	-2301.186	154.3208	1.357062	0.174704	0.701416	0.298584	3.516804
12402	-2138.194	-2292.367	154.1735	1.270229	0.2561917	0.547532	0.452468	3.516804
12408	-2143.861	-2298.422	154.5612	1.270229	0.2133278	0.723795	0.276205	3.358133
12414	-2156.557	-2310.722	154.1648	1.09403	0.3675307	0.596247	0.403753	3.476332
12420	-2146.586	-2300.518	153.9316	1.204817	0.3306426	0.651232	0.348768	3.592997
12426	-2151.514	-2306.386	154.8722	1.204817	0.4444765	0.586433	0.413567	2.903706
12432	-2145.432	-2300.462	155.0307	1.299152	0.4008376	0.660999	0.339001	2.799576
12438	-2158.49	-2312.852	154.3621	1.38634	0.4217933	0.616092	0.383908	3.125519
12444	-2141.887	-2296.516	154.6286	1.247316	0.4678318	0.589084	0.410916	2.999958
12450	-2135.802	-2287.889	152.0871	0.9585747	0.2826415	0.487108	0.512892	4.842812
12456	-2134.913	-2289.818	154.9049	1.110548	0.3319176	0.531379	0.468621	3.074081
12462	-2149.422	-2302.471	153.0486	1.064562	0.241643	0.588291	0.411709	4.301898
12468	-2131.324	-2283.82	152.4964	1.027853	0.5333113	0.666266	0.333734	4.301898
12474	-2132.453	-2285.847	153.3944	1.032867	0.5167984	0.803595	0.196405	3.801794
12480	-2137.545	-2290.158	152.6125	1.032108	0.6149258	0.609997	0.390003	4.164192
12486	-2131.233	-2285.118	153.8851	1.08776	0.4471913	0.672038	0.327962	3.554478
12492	-2135.934	-2289.054	153.1202	1.008018	0.2909846	0.672038	0.327962	4.223072
12498	-2134.38	-2287.346	152.9656	1.111095	0.313165	0.672038	0.327962	4.223072
12504	-2141.611	-2295.13	153.5191	0.941313	0.3851509	0.43186	0.56814	3.917598
12510	-2130.13	-2283.112	152.9816	1.029627	0.4291101	0.619358	0.380642	4.126231
12516	-2133.514	-2285.094	151.5804	0.7450396	0.4447075	0.619358	0.380642	5.056621
12522	-2124.848	-2277.665	152.8167	1.030953	0.3564264	0.556869	0.443131	4.2996
12528	-2129.766	-2284.19	154.4235	1.354095	0.213837	0.541783	0.458217	3.388912
12534	-2132.984	-2288.154	155.1707	1.299571	0.2492769	0.633503	0.366497	2.919446
12540	-2137.468	-2291.245	153.7769	0.995114	0.3672875	0.543687	0.456313	3.75908
12546	-2145.252	-2299.111	153.8584	0.9070941	0.5674333	0.582031	0.417969	3.560306
12552	-2141.6	-2294.828	153.2279	1.017662	0.4944568	0.588733	0.411267	3.927218
12558	-2141.549	-2294.223	152.6742	1.125139	0.2897736	0.61678	0.38322	4.410635
12564	-2131.962	-2285.763	153.8008	1.224394	0.448841	0.61678	0.38322	3.5223
12570	-2138.434	-2293.425	154.9912	1.224394	0.3251101	0.627261	0.372739	2.963076
12576	-2134.015	-2289.308	155.2929	1.301871	0.366788	0.627261	0.372739	2.678786
12582	-2121.73	-2276.452	154.7219	1.152458	0.3594191	0.644061	0.355939	3.12334
12588	-2122.937	-2277.793	154.856	1.321843	0.3352265	0.675826	0.324174	2.972501
12594	-2127.764	-2281.464	153.6999	1.11152	0.3101946	0.736346	0.263654	3.807296
12600	-2129.433	-2282.455	153.0221	1.216833	0.3754255	0.605232	0.394768	4.055291
12606	-2122.103	-2275.28	153.1776	1.238508	0.3825272	0.605232	0.394768	3.94594
12612	-2127.392	-2278.638	151.2456	1.196308	0.4499599	0.605648	0.394352	4.98674
12618	-2121.37	-2276.046	154.6763	1.172527	0.2595675	0.65734	0.34266	3.274203
12624	-2124.166	-2278.618	154.4529	1.172527	0.3219155	0.587419	0.412581	3.318344
12630	-2133.034	-2287.1	154.0657	1.158336	0.4306024	0.587419	0.412581	3.425409
12636	-2156.824	-2309.139	152.315	1.158336	0.7759641	0.558982	0.441018	4.141573
12642	-2133.953	-2287.391	153.4384	1.273579	0.8042919	0.672071	0.327929	3.407842
12648	-2138.879	-2292.473	153.5939	1.276563	0.8042919	0.672071	0.327929	3.314754
12654	-2145.347	-2299.615	154.268	1.339656	0.8042919	0.544506	0.455494	2.875013
12660	-2130.261	-2285.384	155.1225	1.386675	0.6432585	0.593867	0.406133	2.445925
12666	-2133.467	-2289.775	156.3076	1.505454	0.3153613	0.623551	0.376449	1.971533
12672	-2130.127	-2285.37	155.2438	1.441818	0.4337151	0.646828	0.353172	2.542759
12678	-2132.534	-2286.583	154.0482	1.080297	0.4337151	0.646828	0.353172	3.477892
12684	-2131.681	-2285.167	153.4858	1.059118	0.3894345	0.722595	0.277405	3.864248
12690	-2131.586	-2284.684	153.0977	1.031376	0.5040034	0.669318	0.330682	3.984813
12696	-2121.787	-2275.669	153.8825	1.221198	0.288071	0.600794	0.399206	3.668356
12702	-2140.113	-2294.603	154.4899	1.221198	0.4339103	0.582339	0.417661	3.134462
12708	-2146.411	-2301.351	154.9397	1.298594	0.306959	0.653764	0.346236	2.974009
12714	-2139.198	-2292.929	153.7308	1.298594	0.313867	0.715437	0.284563	3.67666
12720	-2136.954	-2288.817	151.863	1.092581	0.3149048	0.624076	0.375924	4.850975
12726	-2137.297	-2292.525	155.2282	1.275168	0.3139	0.681324	0.318676	2.80418
12732	-2150.109	-2305.254	155.1449	1.242912	0.3677495	0.557195	0.442805	2.80418
12738	-2150.183	-2304.821	154.6376	1.267846	0.6004182	0.557195	0.442805	2.855592
12744	-2152.719	-2305.944	153.2248	1.289019	0.7311094	0.70008	0.29992	3.575476
12750	-2144.425	-2298.855	154.43	1.221396	0.4071521	0.576786	0.423214	3.19953
12756	-2136.509	-2290.939	154.4305	1.192337	0.4223065	0.710058	0.289942	3.19953
12762	-2139.439	-2294.107	154.6676	1.174076	0.3151948	0.631912	0.368088	3.19953
12768	-2132.839	-2286.34	153.5003	1.13945	0.3271686	0.727122	0.272878	3.884042
12774	-2145.654	-2296.76	151.1055	0.9254216	0.3020812	0.557756	0.442244	5.379722
12780	-2141.348	-2293.761	152.4126	0.9254216	0.4060041	0.574857	0.425143	4.531284
12786	-2134.488	-2287.736	153.2481	1.144108	0.2517127	0.719136	0.280864	4.128568
12792	-2157.068	-2309.187	152.1197	1.261117	0.2894175	0.675629	0.324371	4.646385
12798	-2125.168	-2280.01	154.8419	1.069542	0.2745103	0.641103	0.358897	3.214994
12804	-2121.963	-2275.476	153.5132	1.141457	0.2722549	0.504547	0.495453	3.948982
12810	-2132.778	-2285.444	152.6666	0.9179071	0.356529	0.655804	0.344196	4.448045
12816	-2136.283	-2288.402	152.1187	0.885832	0.5151022	0.62297	0.37703	4.611051
12822	-2131.279	-2284.193	152.9146	0.9712779	0.3423275	0.580852	0.419148	4.294826
12828	-2142.696	-2297.465	154.7691	1.108455	0.5214347	0.577335	0.422665	2.945276
12834	-2132.159	-2286.219	154.0608	1.308642	0.5865332	0.704306	0.295694	3.189013
12840	-2120.109	-2274.01	153.9009	1.308642	0.6048946	0.609425	0.390575	3.267737
12846	-2117.2	-2271.398	154.1984	1.168034	0.5030398	0.659493	0.340507	3.267737
12852	-2133.032	-2288.776	155.7442	1.386634	0.4909292	0.561191	0.438809	2.197162
12858	-2126.45	-2282.799	156.3483	1.504851	0.3762807	0.556	0.444	1.856683
12864	-2127.215	-2283.503	156.2884	1.461953	0.405491	0.592198	0.407802	1.887845
12870	-2131.092	-2284.562	153.47	1.16073	0.4008259	0.618211	0.381789	3.802197
12876	-2123.553	-2277.513	153.9599	1.323206	0.712136	0.577818	0.422182	3.137627
12882	-2128.41	-2282.996	154.586	1.310465	0.3375841	0.601784	0.398216	3.137627
12888	-2127.191	-2281.846	154.6551	1.310465	0.2909374	0.603629	0.396371	3.15932
12894	-2124.812	-2279.25	154.4376	1.30054	0.2593066	0.668771	0.331229	3.339778
12900	-2134.995	-2289.689	154.6943	1.30054	0.3411934	0.614316	0.385684	3.074417
12906	-2130.154	-2285.221	155.0671	1.338849	0.530448	0.696026	0.303974	2.614328
12912	-2132.953	-2287.343	154.3906	1.395981	0.2571084	0.66734	0.33266	3.314592
12918	-2124.97	-2278.281	153.3112	1.067723	0.2571084	0.565606	0.434394	4.128151
12924	-2119.207	-2272.173	152.9658	1.112208	0.3267154	0.643389	0.356611	4.205145
12930	-2121.203	-2274.128	152.925	1.224244	0.2954339	0.681326	0.318674	4.205145
12936	-2117.597	-2271.528	153.9306	1.227184	0.3923853	0.542291	0.457709	3.506362
12942	-2126.063	-2279.411	153.3482	1.124107	0.3923853	0.661478	0.338522	3.90262
12948	-2127.924	-2281.532	153.6075	1.050893	0.3760127	0.622029	0.377971	3.814325
12954	-2128.078	-2282.836	154.7581	1.16434	0.2942658	0.531569	0.468431	3.180248
12960	-2130.034	-2284.695	154.6601	1.291952	0.2818811	0.608087	0.391913	3.180248
12966	-2127.963	-2284.684	156.7214	1.481922	0.2065188	0.539215	0.460785	1.896368
12972	-2132.164	-2286.757	154.5926	1.325557	0.1831043	0.60466	0.39534	3.360552
12978	-2126.191	-2281.182	154.9912	1.513953	0.3528542	0.640869	0.359131	2.7514
12984	-2128.148	-2282.031	153.8836	1.298417	0.6822688	0.524502	0.475498	3.220707
12990	-2119.853	-2273.946	154.0922	1.27327	0.5536607	0.700235	0.299765	3.220707
12996	-2117.566	-2272.185	154.6187	1.252678	0.436874	0.625622	0.374378	3.035567
13002	-2129.528	-2285.089	155.5611	1.495832	0.436874	0.627379	0.372621	2.305203
13008	-2130.644	-2285.544	154.9	1.402241	0.5511164	0.592959	0.407041	2.658337
13014	-2128.663	-2284.25	155.587	1.378281	0.3233768	0.653813	0.346187	2.506513
13020	-2144.566	-2298.762	154.1959	1.477818	0.4646503	0.394605	0.605395	3.124141
13026	-2136.512	-2290.834	154.3213	1.343202	0.2420061	0.608875	0.391125	3.40948
13032	-2131.445	-2286.046	154.6011	1.420199	0.2804622	0.55136	0.44864	3.141161
13038	-2142.924	-2297.186	154.2623	1.131491	0.4094638	0.619688	0.380312	3.348927
13044	-2130.874	-2285.162	154.2873	1.126297	0.3990932	0.579947	0.420053	3.348927
13050	-2128.51	-2282.778	154.268	1.099335	0.4419195	0.540357	0.459643	3.329222
13056	-2117.9	-2272.448	154.5482	1.192556	0.390053	0.635676	0.364324	3.166077
13062	-2126.829	-2281.468	154.6386	1.108638	0.3867581	0.611225	0.388775	3.166077
13068	-2140.025	-2294.71	154.6857	1.161769	0.3381393	0.588912	0.411088	3.166077
13074	-2130.778	-2284.749	153.9711	1.255647	0.4629888	0.588912	0.411088	3.389894
13080	-2131.283	-2284.074	152.7905	1.216551	0.3048847	0.596405	0.403595	4.273253
13086	-2129.618	-2282.482	152.8638	1.070058	0.4698198	0.625185	0.374815	4.129006
13092	-2134.969	-2287.29	152.321	0.9874669	0.3656946	0.583694	0.416306	4.592621
13098	-2136.797	-2289.084	152.2874	0.9257607	0.3018452	0.583694	0.416306	4.723863
13104	-2131.599	-2283.519	151.9202	0.9548941	0.2327404	0.581759	0.418241	5.009027
13110	-2128.336	-2281.605	153.2695	1.043206	0.2855067	0.551879	0.448121	4.125703
13116	-2131.977	-2285.232	153.2554	0.9810573	0.2855067	0.691471	0.308529	4.169035
13122	-2137.697	-2293.353	155.6557	1.57018	0.197174	0.516591	0.483409	2.546334
13128	-2153.168	-2307.838	154.6706	1.443559	0.4472024	0.654522	0.345478	2.878326
13134	-2135.886	-2290.807	154.9208	1.476554	0.6317993	0.611662	0.388338	2.525893
13140	-2137.75	-2293.342	155.5917	1.498095	0.406596	0.693602	0.306398	2.320126
13146	-2136.158	-2290.821	154.6633	1.30685	0.5041707	0.563937	0.436063	2.906339
13152	-2130.997	-2285.527	154.5309	1.219139	0.4649994	0.556209	0.443791	3.078263
13158	-2129.22	-2282.94	153.7203	1.327698	0.5964154	0.619573	0.380427	3.370039
13164	-2125.928	-2280.693	154.7644	1.358142	0.5092998	0.619573	0.380427	2.808913
13170	-2127.512	-2282.561	155.0486	1.443623	0.4086097	0.619573	0.380427	2.691211
13176	-2136.031	-2290.861	154.8299	1.323004	0.3404858	0.575847	0.424153	2.980648
13182	-2140.377	-2294.859	154.4813	1.144348	0.3743177	0.606606	0.393394	3.252817
13188	-2140.992	-2294.499	153.507	1.119118	0.3323102	0.616962	0.383038	3.885431
13194	-2145.859	-2300.297	154.4386	1.168679	0.2913409	0.729856	0.270144	3.370292
13200	-2136.541	-2292.19	155.6494	1.274497	0.3918105	0.666184	0.333816	2.443179
13206	-2136.979	-2292.212	155.2332	1.217639	0.3371394	0.644984	0.355016	2.804895
13212	-2142.036	-2297.034	154.9988	1.293363	0.4237625	0.567798	0.432202	2.796169
13218	-2137.539	-2291.084	153.5443	1.228665	0.4237625	0.606917	0.393083	3.695106
13224	-2121.833	-2274.872	153.0391	1.073438	0.4607889	0.493367	0.506633	4.036126
13230	-2131.349	-2284.514	153.1648	1.073438	0.1941847	0.574635	0.425365	4.307533
13236	-2135.908	-2289.41	153.5028	1.081144	0.3047427	0.486181	0.513819	3.945047
13242	-2129.92	-2282.42	152.5004	1.081144	0.4207441	0.564658	0.435342	4.378493
13248	-2127.047	-2280.403	153.3554	0.9605823	0.2811213	0.5753	0.4247	4.12987
13254	-2120.877	-2272.698	151.8205	0.9605823	0.3224808	0.632834	0.367166	4.938687
13260	-2129.025	-2282.351	153.3254	0.9962588	0.2937696	0.728611	0.271389	4.109414
13266	-2128.126	-2283.038	154.9122	1.317901	0.5013527	0.572737	0.427263	2.751296
13272	-2140.654	-2294.901	154.2474	1.368874	0.5973564	0.624828	0.375172	3.032458
13278	-2147.333	-2301.584	154.2516	1.384429	0.3083482	0.668366	0.331634	3.33015
13284	-2123.635	-2279.941	156.3057	1.329935	0.2794765	0.537194	0.462806	2.144316
13290	-2131.193	-2285.574	154.3805	1.253328	0.4997005	0.681696	0.318304	3.112459
13296	-2121.927	-2276.898	154.9715	1.262549	0.2372465	0.629126	0.370874	3.080347
13302	-2125.567	-2279.622	154.0546	1.144967	0.2745632	0.717949	0.282051	3.631847
13308	-2124.081	-2277.521	153.4397	1.130138	0.3960004	0.606828	0.393172	3.842588
13314	-2128.69	-2283.314	154.6242	1.315796	0.6812238	0.581335	0.418665	2.76638
13320	-2136.824	-2292.33	155.5062	1.333429	0.4379484	0.581335	0.418665	2.441613
13326	-2136.184	-2289.156	152.9717	1.32594	0.1968749	0.581335	0.418665	4.269317
13332	-2138.637	-2292.35	153.7131	1.233042	0.2861889	0.564538	0.435462	3.762027
13338	-2139.938	-2293.66	153.7223	0.9724586	0.3739612	0.609552	0.390448	3.795799
13344	-2122.344	-2275.906	153.5624	1.287998	0.3019222	0.549529	0.450471	3.795799
13350	-2123.295	-2277.67	154.3746	1.360552	0.3751735	0.495025	0.504975	3.186925
13356	-2118.904	-2273.746	154.8426	1.112806	0.3751735	0.613198	0.386802	3.055832
13362	-2122.247	-2275.97	153.723	1.112806	0.4417047	0.613226	0.386774	3.639745
13368	-2128.825	-2283.589	154.7636	1.265946	0.5176121	0.582536	0.417464	2.857193
13374	-2123.961	-2279.559	155.5975	1.385326	0.483177	0.62064	0.37936	2.300724
13380	-2147.962	-2300.156	152.1931	1.116181	0.277676	0.585455	0.414545	4.702323
13386	-2144.226	-2297.408	153.1823	1.073447	0.3625102	0.561771	0.438229	4.060669
13392	-2143.797	-2297.053	153.256	1.073447	0.2761535	0.47812	0.52188	4.129084
13398	-2146.822	-2300.898	154.076	1.302425	0.2761535	0.572509	0.427491	3.525578
13404	-2128.001	-2281.85	153.8488	1.342567	0.3592589	0.692176	0.307824	3.525578
13410	-2125.963	-2281.233	155.2701	1.385766	0.4627276	0.595831	0.404169	2.529055
13416	-2119.679	-2274.42	154.7406	1.240976	0.4294735	0.697654	0.302346	2.977617
13422	-2128.214	-2282.567	154.3533	1.216469	0.2679712	0.697654	0.302346	3.42569
13428	-2147.349	-2300.681	153.3315	1.122946	0.3010944	0.580095	0.419905	4.023894
13434	-2140.005	-2292.494	152.4892	1.02096	0.6523577	0.580095	0.419905	4.210787
13440	-2130.926	-2284.193	153.2671	0.9692037	0.2598532	0.703384	0.296616	4.205186
13446	-2127.882	-2280.989	153.1075	1.125184	0.213795	0.64152	0.35848	4.277895
13452	-2138.982	-2289.676	150.6946	0.9963903	0.5504382	0.554843	0.445157	5.310468
13458	-2138.705	-2291.145	152.4405	1.150994	0.427408	0.630014	0.369986	4.365913
13464	-2138.243	-2292.082	153.8393	1.180133	0.427408	0.57593	0.42407	3.548259
13470	-2139.454	-2293.523	154.0696	1.094067	0.2436314	0.629556	0.370444	3.698413
13476	-2139.24	-2293.727	154.488	1.284349	0.5320203	0.656	0.344	2.998417
13482	-2141.662	-2296.172	154.5101	1.320362	0.3836078	0.668671	0.331329	3.120322
13488	-2146.743	-2299.073	152.3302	1.13163	0.3316269	0.598936	0.401064	4.546902
13494	-2141.347	-2296.385	155.038	1.132434	0.3706389	0.593853	0.406147	2.932231
13500	-2124.948	-2279.792	154.8442	1.183555	0.4321767	0.636135	0.363865	2.946839
13506	-2138.244	-2292.887	154.6429	1.256018	0.5066505	0.548175	0.451825	2.946839
13512	-2128.878	-2281.993	153.1148	1.202956	0.2819647	0.565728	0.434272	4.127701
13518	-2124.847	-2279.266	154.4193	1.197912	0.3666847	0.607773	0.392227	3.266903
13524	-2134.99	-2289.355	154.365	1.243049	0.4652871	0.607773	0.392227	3.162519
13530	-2136.262	-2291.171	154.9096	1.220472	0.4315887	0.561978	0.438022	2.885748
13536	-2124.132	-2277.106	152.9744	1.131131	0.2679837	0.626572	0.373428	4.267665
13542	-2120.967	-2276.577	155.6095	1.475513	0.2394975	0.659067	0.340933	2.559126
13548	-2131.747	-2287.355	155.6087	1.393731	0.3124178	0.634582	0.365418	2.498671
13554	-2132.123	-2286.621	154.4983	1.536117	0.3883545	0.634582	0.365418	2.992803
13560	-2129.031	-2281.76	152.7292	1.319374	0.4433301	0.598927	0.401073	4.090291
13566	-2121.588	-2275.859	154.2716	1.315718	0.3037523	0.572846	0.427154	3.364988
13572	-2127.022	-2281.838	154.8166	1.202561	0.295379	0.64232	0.35768	3.121203
13578	-2135.444	-2289.232	153.7878	1.202561	0.2661958	0.591483	0.408517	3.764814
13584	-2144.41	-2298.398	153.9882	1.263073	0.3522912	0.591483	0.408517	3.49915
13590	-2136.118	-2289.641	153.5239	1.28623	0.4953708	0.575265	0.424735	3.6008
13596	-2135.305	-2289.447	154.1423	1.28623	0.4377791	0.680807	0.319193	3.297571
13602	-2128.482	-2282.901	154.4193	1.304218	0.3362848	0.589849	0.410151	3.241843
13608	-2127.992	-2279.884	151.8918	1.163232	0.3117321	0.701877	0.298123	4.799491
13614	-2136.194	-2288.604	152.4099	1.163232	0.4649244	0.52392	0.47608	4.338324
13620	-2135.295	-2287.829	152.5333	1.068042	0.4489175	0.647579	0.352421	4.338324
13626	-2132.822	-2285.592	152.7705	1.068042	0.3286744	0.612577	0.387423	4.338324
13632	-2135.598	-2288.618	153.0199	1.10464	0.2142397	0.649465	0.350535	4.338324
13638	-2140.458	-2294.458	153.9997	1.341975	0.7078984	0.669445	0.330555	3.105988
13644	-2137.169	-2292.479	155.3103	1.327199	0.3317717	0.594382	0.405618	2.697945
13650	-2132.667	-2286.988	154.32	1.168911	0.247761	0.594821	0.405179	3.50321
13656	-2124.141	-2277.526	153.385	1.018316	0.295807	0.590211	0.409789	4.060127
13662	-2136.38	-2289.528	153.1487	1.245166	0.2998505	0.640114	0.359886	4.060127
13668	-2133.357	-2287.315	153.9578	1.317706	0.317737	0.654476	0.345524	3.528725
13674	-2128.074	-2282.73	154.6559	1.318514	0.3496021	0.600619	0.399381	3.075915
13680	-2123.947	-2279.289	155.3416	1.273104	0.3154188	0.650097	0.349903	2.734178
13686	-2131.227	-2286.338	155.1108	1.295156	0.2552064	0.594519	0.405481	2.948887
13692	-2133.42	-2288.332	154.9121	1.277151	0.3482089	0.512499	0.487501	2.948887
13698	-2150.585	-2305.137	154.5516	1.169888	0.6209588	0.617134	0.382866	2.948887
13704	-2151.777	-2306.24	154.4631	1.320774	0.5781317	0.553582	0.446418	2.948887
13710	-2133.178	-2288.577	155.3986	1.475413	0.1967452	0.702217	0.297783	2.763926
13716	-2124.872	-2279.758	154.8859	1.522311	0.4192924	0.655793	0.344207	2.73035
13722	-2127.386	-2281.92	154.5337	1.413332	0.3509287	0.682874	0.317126	3.09057
13728	-2137.354	-2292.078	154.7242	1.27802	0.325358	0.562514	0.437486	3.09057
13734	-2141.422	-2295.742	154.3205	1.141871	0.3783661	0.758408	0.241592	3.344217
13740	-2151.603	-2306.7	155.0972	1.356597	0.3971907	0.668911	0.331089	2.728167
13746	-2129.111	-2284.236	155.125	1.356597	0.4366284	0.651017	0.348983	2.665761
13752	-2137.444	-2290.143	152.6994	1.121462	0.4336515	0.64517	0.35483	4.229646
13758	-2128.52	-2281.195	152.6747	0.9898834	0.3867559	0.64517	0.35483	4.368337
13764	-2123.121	-2276.146	153.0252	1.013216	0.4746847	0.578709	0.421291	4.064706
13770	-2129.943	-2282.243	152.2999	1.107722	0.4320345	0.45328	0.54672	4.464787
13776	-2134.599	-2286.874	152.2742	1.131249	0.2293632	0.585814	0.414186	4.718661
13782	-2146.255	-2298.368	152.1122	0.9450104	0.3285982	0.675361	0.324639	4.77724
13788	-2144.548	-2298.186	153.638	1.086815	0.3285982	0.365029	0.634971	3.833414
13794	-2141.718	-2296.022	154.3041	1.12557	0.349223	0.601769	0.398231	3.398585
13800	-2140.491	-2294.69	154.1985	1.12557	0.4261663	0.612857	0.387143	3.371508
13806	-2132.441	-2287.436	154.995	1.160992	0.3081069	0.585837	0.414163	3.021848
13812	-2133.413	-2288.351	154.9383	1.186337	0.3219967	0.67083	0.32917	3.021848
13818	-2132.284	-2286.964	154.6796	1.247964	0.3022967	0.766944	0.233056	3.16609
13824	-2138.872	-2294.228	155.3559	1.222838	0.3728919	0.610189	0.389811	2.681007
13830	-2136.649	-2289.814	153.165	1.007465	0.3113429	0.714487	0.285513	4.171074
13836	-2138.59	-2291.99	153.3996	1.161746	0.3755589	0.578836	0.421164	3.870643
13842	-2144.241	-2298.629	154.3878	1.220326	0.1989451	0.718031	0.281969	3.513559
13848	-2140.331	-2294.46	154.1294	1.098034	0.3518717	0.523252	0.476748	3.513559
13854	-2140.639	-2293.76	153.1213	1.056039	0.3657073	0.526084	0.473916	4.101602
13860	-2130.63	-2284.615	153.9849	1.152304	0.2728456	0.647346	0.352654	3.670402
13866	-2132.092	-2286.687	154.5954	1.466279	0.3493039	0.548952	0.451048	3.02413
13872	-2145.164	-2298.3	153.136	1.226789	0.3374825	0.55358	0.44642	4.029705
13878	-2140.152	-2292.829	152.677	1.055887	0.4264886	0.519476	0.480524	4.28694
13884	-2132.161	-2286.737	154.5759	1.164217	0.3716156	0.519476	0.480524	3.18827
13890	-2126.587	-2281.111	154.524	1.164217	0.5363276	0.513551	0.486449	3.044738
13896	-2144.954	-2298.712	153.7581	1.126842	0.2958058	0.642966	0.357034	3.784136
13902	-2140.325	-2292.896	152.5706	1.08581	0.3293937	0.642966	0.357034	4.440205
13908	-2127.895	-2280.855	152.9603	1.018852	0.419907	0.569205	0.430795	4.154156
13914	-2135.802	-2287.956	152.1535	0.9901744	0.29109	0.552584	0.447416	4.776798
13920	-2130.884	-2284.68	153.796	1.354929	0.6750221	0.709729	0.290271	3.244822
13926	-2128.85	-2283.467	154.6175	1.175717	0.3029231	0.677503	0.322497	3.244822
13932	-2130.791	-2284.739	153.948	1.175717	0.3552244	0.622864	0.377136	3.569838
13938	-2120.931	-2274.102	153.1708	1.208926	0.2629186	0.570151	0.429849	4.119289
13944	-2114.396	-2268.541	154.1442	1.208926	0.2395606	0.577509	0.422491	3.594941
13950	-2122.311	-2276.11	153.7994	1.176722	0.4416917	0.577509	0.422491	3.558323
13956	-2132.658	-2284.047	151.3893	0.9822096	0.4157855	0.609732	0.390268	5.060519
13962	-2137.77	-2289.34	151.5699	0.9889167	0.3238352	0.609732	0.390268	5.060519
13968	-2131.213	-2282.591	151.3784	0.9908182	0.2987983	0.609732	0.390268	5.197117
13974	-2138.153	-2291.625	153.472	0.9496114	0.2987983	0.712388	0.287612	4.045721
13980	-2132.133	-2285.373	153.2405	1.103374	0.3082364	0.764666	0.235334	4.077559
13986	-2126.481	-2278.967	152.4864	0.9972964	0.3500747	0.64716	0.35284	4.51238
13992	-2130.631	-2284.801	154.1694	1.043057	0.2385898	0.622582	0.377418	3.677977
13998	-2156.492	-2310.109	153.6177	1.215375	0.1926106	0.572258	0.427742	3.971974
14004	-2151.861	-2306.612	154.7514	1.084698	0.2134479	0.558064	0.441936	3.355207
14010	-2142.244	-2294.949	152.7048	1.231811	0.2461153	0.614087	0.385913	4.394967
14016	-2123.335	-2277.899	154.5638	1.232146	0.295702	0.650834	0.349166	3.253155
14022	-2133.145	-2288.553	155.4077	1.272192	0.3637638	0.500691	0.499309	2.630198
14028	-2136.475	-2291.361	154.886	1.294423	0.3637638	0.500691	0.499309	2.934691
14034	-2142.572	-2297.572	155.0003	1.37221	0.4640376	0.659659	0.340341	2.70285
14040	-2149.884	-2305.574	155.6897	1.356114	0.3141639	0.610252	0.389748	2.468997
14046	-2147.273	-2301.817	154.5434	1.165731	0.3668977	0.588516	0.411484	3.212294
14052	-2154.525	-2307.963	153.4376	1.453774	0.3334555	0.685561	0.314439	3.73131
14058	-2150.095	-2304.79	154.6948	1.409351	0.3941676	0.685561	0.314439	2.944018
14064	-2130.101	-2285.76	155.6587	1.409351	0.4579361	0.526578	0.473422	2.274013
14070	-2124.363	-2280.041	155.6786	1.428529	0.4480488	0.577458	0.422542	2.260211
14076	-2124.166	-2279.825	155.6596	1.637366	0.6484158	0.698429	0.301571	1.930082
14082	-2134.012	-2290.763	156.7511	1.637366	0.4032824	0.661015	0.338985	1.433104
14088	-2130.556	-2286.795	156.2393	1.688369	0.4425397	0.661296	0.338704	1.717594
14094	-2134.183	-2290.439	156.2554	1.728982	0.5120789	0.512032	0.487968	1.591771
14100	-2120.994	-2276.724	155.7294	1.513255	0.5153444	0.525432	0.474568	2.098081
14106	-2129.218	-2284.796	155.5774	1.647439	0.5153444	0.516534	0.483466	2.109766
14112	-2128.871	-2284.771	155.9004	1.61202	0.3578444	0.671124	0.328876	2.109766
14118	-2126.236	-2282.151	155.9149	1.653751	0.3314555	0.685418	0.314582	2.109766
14124	-2129.949	-2285.735	155.7855	1.511448	0.2558201	0.528956	0.471044	2.399515
14130	-2122.581	-2277.473	154.8923	1.507383	0.4863943	0.553004	0.446996	2.662567
14136	-2117.606	-2273.299	155.6929	1.507383	0.4482756	0.679583	0.320417	2.199883
14142	-2123.893	-2277.213	153.3201	1.270072	0.3807679	0.606091	0.393909	3.848123
14148	-2124.398	-2277.89	153.4918	1.056567	0.4805895	0.584622	0.415378	3.766606
14154	-2131.412	-2284.038	152.6264	0.9983256	0.3845831	0.584622	0.415378	4.393266
14160	-2138.246	-2292.412	154.1656	1.181803	0.3035604	0.685638	0.314362	3.505627
14166	-2143.45	-2299.167	155.7173	1.452613	0.3539063	0.651562	0.348438	2.336097
14172	-2138.397	-2291.391	152.9945	1.002148	0.4287719	0.596588	0.403412	4.134881
14178	-2136.194	-2289.579	153.3854	0.9788611	0.3544349	0.627531	0.372469	4.008334
14184	-2143.254	-2297.489	154.2353	1.048907	0.3544349	0.702366	0.297634	3.477277
14190	-2144.794	-2298.763	153.969	1.028393	0.36942	0.463045	0.536955	3.62623
14196	-2132.489	-2286.246	153.7566	1.120212	0.4015094	0.600888	0.399112	3.659329
14202	-2139.44	-2292.36	152.9198	0.8377432	0.3679259	0.59997	0.40003	4.33716
14208	-2146.493	-2298.487	151.9932	0.9218855	0.3679259	0.527507	0.472493	4.810179
14214	-2138.398	-2292.079	153.6811	1.058666	0.2440925	0.53965	0.46035	3.941626
14220	-2135.888	-2288.549	152.6617	0.9117324	0.3338001	0.561017	0.438983	4.481526
14226	-2131.183	-2284.021	152.8387	1.061544	0.2040677	0.542853	0.457147	4.481526
14232	-2132.855	-2287.026	154.1718	1.052154	0.3786949	0.552925	0.447075	3.483517
14238	-2129.006	-2283.861	154.8551	1.25855	0.4785814	0.610445	0.389555	2.845415
14244	-2132.321	-2287.731	155.41	1.315427	0.3487509	0.712616	0.287384	2.62134
14250	-2121.776	-2277.238	155.4619	1.352175	0.3952427	0.565498	0.434502	2.50785
14256	-2131.8	-2286.198	154.3973	1.440522	0.2644526	0.563005	0.436995	3.27333
14262	-2128.382	-2283.953	155.571	1.551826	0.3031547	0.469285	0.530715	2.436488
14268	-2135.05	-2291.419	156.3682	1.551826	0.2962312	0.449369	0.550631	1.929231
14274	-2127.98	-2282.887	154.9061	1.54651	0.6060767	0.619442	0.380558	2.514284
14280	-2136.367	-2290.465	154.0987	1.349583	0.3058622	0.645604	0.354396	3.44359
14286	-2129.395	-2284.844	155.4492	1.354851	0.3886674	0.625905	0.374095	2.522096
14292	-2133.223	-2286.998	153.7746	1.240503	0.4678944	0.571985	0.428015	3.508642
14298	-2129.586	-2282.369	152.7831	1.27382	0.252098	0.58137	0.41863	4.31815
14304	-2135.869	-2290.302	154.4335	1.221702	0.3784252	0.72683	0.27317	3.230432
14310	-2146.206	-2301.369	155.1625	1.211385	0.3118495	0.717101	0.282899	2.885575
14316	-2130.172	-2284.52	154.3485	1.128886	0.4158346	0.622715	0.377285	3.292672
14322	-2124.716	-2279.052	154.3363	1.12275	0.425664	0.583783	0.416217	3.292672
14328	-2123.581	-2276.387	152.8063	1.136782	0.3044491	0.740452	0.259548	4.310053
14334	-2130.624	-2283.079	152.4545	1.03182	0.2516504	0.638722	0.361278	4.639943
14340	-2156.888	-2311.444	154.556	1.138669	0.3174685	0.628594	0.371406	3.283399
14346	-2152.654	-2306.355	153.7015	1.219402	0.6847458	0.572267	0.427733	3.372683
14352	-2141.787	-2295.771	153.984	1.27086	0.4636607	0.669128	0.330872	3.372683
14358	-2143.382	-2297.214	153.8317	1.124716	0.685154	0.720855	0.279145	3.351473
14364	-2131.347	-2286.07	154.7229	1.233762	0.2551618	0.477783	0.522217	3.217126
14370	-2140.882	-2295.183	154.3018	1.138822	0.2551618	0.50419	0.49581	3.520144
14376	-2144.419	-2298.092	153.6729	1.056349	0.2239135	0.512753	0.487247	3.979082
14382	-2127.349	-2282.092	154.7429	1.214541	0.456129	0.536603	0.463397	2.963262
14388	-2133.577	-2287.514	153.9372	1.142704	0.3133811	0.668913	0.331087	3.648073
14394	-2121.939	-2278.193	156.2534	1.400812	0.3160008	0.668913	0.331087	2.076066
14400	-2126.006	-2282.514	156.5083	1.464438	0.4115646	0.668913	0.331087	1.726085
14406	-2115.718	-2270.91	155.1917	1.421625	0.5860151	0.602562	0.397438	2.431892
14412	-2131.367	-2287.284	155.9172	1.406419	0.358074	0.646442	0.353558	2.23213
14418	-2122.862	-2277.917	155.0557	1.205364	0.3721101	0.651186	0.348814	2.875713
14424	-2126.41	-2281.564	155.1533	1.161863	0.3203925	0.548568	0.451432	2.909437
14430	-2122.838	-2278.939	156.1005	1.592778	0.345761	0.581112	0.418888	2.007084
14436	-2116.479	-2272.051	155.572	1.518919	0.6602925	0.545064	0.454936	2.056784
14442	-2130.095	-2285.383	155.2879	1.542209	0.6205348	0.720724	0.279276	2.2624
14448	-2133.535	-2288.433	154.8979	1.414435	0.8389043	0.597519	0.402481	2.415597
14454	-2130.706	-2285.25	154.5443	1.155778	0.4380346	0.658428	0.341572	3.136543
14460	-2137.861	-2292.302	154.4406	1.236709	0.3244765	0.684809	0.315191	3.284442
14466	-2126.071	-2280.489	154.4183	1.096372	0.3726526	0.537355	0.462645	3.320207
14472	-2129.581	-2282.588	153.0073	1.130982	0.3160698	0.684642	0.315358	4.184413
14478	-2129.01	-2284.048	155.0384	1.285186	0.2945948	0.588193	0.411807	2.940008
14484	-2138.404	-2292.995	154.5915	1.289828	0.6797424	0.608087	0.391913	2.803332
14490	-2139.66	-2293.712	154.0522	1.24266	0.425091	0.624308	0.375692	3.389802
14496	-2132.289	-2286.54	154.2512	1.249221	0.425091	0.601778	0.398222	3.268891
14502	-2130.499	-2284.965	154.4664	1.228038	0.3729021	0.49873	0.50127	3.213791
14508	-2140.31	-2293.524	153.2144	1.093087	0.5168378	0.590446	0.409554	3.87066
14514	-2134.355	-2285.56	151.2046	0.9777731	0.3115128	0.590446	0.409554	5.284214
14520	-2131.361	-2283.555	152.1935	0.7795985	0.4036318	0.520631	0.479369	4.738359
14526	-2145.021	-2297.347	152.3261	0.7795985	0.3383022	0.521425	0.478575	4.738359
14532	-2141.523	-2293.996	152.4737	0.9199949	0.4044881	0.521425	0.478575	4.501615
14538	-2136.563	-2290.407	153.8436	1.044189	0.3378911	0.635962	0.364038	3.72786
14544	-2139.263	-2293.694	154.4312	1.110023	0.3440881	0.569218	0.430782	3.33949
14550	-2130.691	-2285.137	154.4466	1.147114	0.3440881	0.663557	0.336443	3.308581
14556	-2136.393	-2291.312	154.9194	1.147114	0.3809474	0.621822	0.378178	2.982327
14562	-2128.079	-2281.4	153.3214	1.153753	0.3809474	0.621822	0.378178	3.913901
14568	-2119.425	-2272.293	152.8679	0.9396885	0.3400929	0.682727	0.317273	4.341774
14574	-2143.683	-2296.941	153.2582	1.028031	0.807038	0.391361	0.608639	3.654011
14580	-2138.107	-2292.182	154.0752	1.135215	0.4037196	0.391361	0.608639	3.462824
14586	-2129.449	-2283.456	154.0079	1.048956	0.3229435	0.632033	0.367967	3.648996
14592	-2140.187	-2293.187	153.0006	1.014948	0.4708884	0.632033	0.367967	4.081454
14598	-2146.396	-2300.946	154.5493	0.992813	0.3006887	0.679138	0.320862	3.395635
14604	-2151.348	-2305.324	153.9757	1.150629	0.4959099	0.583939	0.416061	3.415891
14610	-2144.816	-2299.133	154.3168	1.058862	0.3037927	0.605953	0.394047	3.488842
14616	-2135.625	-2290.477	154.8522	1.394773	0.3609367	0.512403	0.487597	2.898063
14622	-2129.025	-2284.488	155.4628	1.351046	0.4995603	0.553239	0.446761	2.39063
14628	-2137.426	-2292.356	154.9294	1.208038	0.5136459	0.701196	0.298804	2.795529
14634	-2129.394	-2284.246	154.8518	1.379389	0.4580933	0.587109	0.412891	2.795529
14640	-2133.562	-2287.861	154.2994	1.077086	0.3726549	0.592465	0.407535	3.401411
14646	-2136.513	-2290.201	153.6874	1.177812	0.4783684	0.592465	0.407535	3.585433
14652	-2126.15	-2280.311	154.1612	1.237873	0.4380214	0.645223	0.354777	3.314676
14658	-2129.277	-2283.272	153.9956	1.229424	0.5415697	0.573864	0.426136	3.314676
14664	-2128.455	-2282.14	153.6855	1.008654	0.3955307	0.63153	0.36847	3.771519
14670	-2133.155	-2286.765	153.61	1.056871	0.4097445	0.63153	0.36847	3.771519
14676	-2135.277	-2286.553	151.2765	0.9967118	0.3992109	0.648266	0.351734	5.132528
14682	-2127.161	-2280.508	153.3473	1.146811	0.2862577	0.648266	0.351734	4.021239
14688	-2123.191	-2276.472	153.2806	1.131	0.4417195	0.668573	0.331427	3.884359
14694	-2122.053	-2275.811	153.7577	1.110703	0.3754469	0.574928	0.425072	3.693862
14700	-2142.484	-2294.812	152.3277	0.7972444	0.3667964	0.640864	0.359136	4.694185
14706	-2140.056	-2293.675	153.6189	1.007342	0.370208	0.601486	0.398514	3.839594
14712	-2143.546	-2297.756	154.2098	1.02427	0.3802515	0.534	0.466	3.475791
14718	-2139.529	-2293.499	153.9698	1.115388	0.3790384	0.700156	0.299844	3.563947
14724	-2144.757	-2298.771	154.0143	1.008005	0.4114046	0.665753	0.334247	3.563947
14730	-2131.489	-2284.957	153.4679	1.095442	0.4300775	0.724444	0.275556	3.809349
14736	-2131.952	-2284.286	152.3336	1.05763	0.4235168	0.703088	0.296912	4.482842
14742	-2138.136	-2290.958	152.822	0.9716521	0.4951103	0.677673	0.322327	4.184346
14748	-2133.354	-2286.995	153.6403	1.104239	0.3202215	0.619301	0.380699	3.832754
14754	-2127.99	-2282.479	154.4889	1.145819	0.4174644	0.670333	0.329667	3.197873
14760	-2123.817	-2278.249	154.4316	1.203032	0.4174644	0.603963	0.396037	3.197873
14766	-2120.522	-2274.604	154.0822	1.263055	0.3006325	0.628331	0.371669	3.510808
14772	-2141.397	-2295.229	153.8314	1.196884	0.464927	0.628331	0.371669	3.503994
14778	-2135.221	-2289.163	153.9426	1.371176	0.3966414	0.588571	0.411429	3.410321
14784	-2142.352	-2296.424	154.0723	1.146845	0.2643796	0.4575	0.5425	3.635182
14790	-2150.856	-2307.492	156.6365	1.605041	0.4068063	0.592806	0.407194	1.53878
14796	-2160.76	-2317.806	157.0464	1.605041	0.3430938	0.544706	0.455294	1.32213
14802	-2151.443	-2304.46	153.0168	1.30567	0.4842307	0.585636	0.414364	3.892988
14808	-2133.722	-2288.679	154.957	1.322838	0.2612849	0.644755	0.355245	3.015321
14814	-2147.594	-2301.906	154.3116	1.322838	0.4148482	0.645653	0.354347	3.200936
14820	-2144.689	-2298.533	153.8435	0.9806721	0.379598	0.710825	0.289175	3.7146
14826	-2132.401	-2286.959	154.5583	1.197208	0.362162	0.475624	0.524376	3.190611
14832	-2144.505	-2298.418	153.9137	1.101654	0.2436792	0.668075	0.331925	3.783978
14838	-2143.818	-2297.617	153.7996	1.101654	0.4082624	0.668075	0.331925	3.637667
14844	-2140.407	-2296.119	155.7123	1.463961	0.3825071	0.544605	0.455395	2.29489
14850	-2145.802	-2301.665	155.8627	1.415364	0.2646218	0.622988	0.377012	2.397266
14856	-2140.108	-2295.714	155.6065	1.36067	0.4071563	0.517563	0.482437	2.397266
14862	-2129.911	-2284.225	154.3135	1.385766	0.3481277	0.683435	0.316565	3.241252
14868	-2128.167	-2283.166	154.9999	1.177988	0.4643998	0.650494	0.349506	2.821281
14874	-2134.883	-2289.946	155.0627	1.283338	0.2962776	0.680009	0.319991	2.924097
14880	-2132.453	-2287.405	154.9513	1.352769	0.4816818	0.593812	0.406188	2.726168
14886	-2142.201	-2297.932	155.731	1.367287	0.505186	0.746342	0.253658	2.202914
14892	-2126.164	-2281.132	154.9682	1.412232	0.5014611	0.629096	0.370904	2.658965
14898	-2141.158	-2296.47	155.3119	1.412232	0.3212278	0.691715	0.308285	2.658965
14904	-2132.994	-2287.508	154.5144	1.170666	0.2700503	0.655661	0.344339	3.355023
14910	-2142.775	-2296.613	153.8383	1.002117	0.2594093	0.673128	0.326872	3.860995
14916	-2138.279	-2291.722	153.4439	1.40692	0.4817017	0.615827	0.384173	3.590496
14922	-2118.751	-2272.315	153.5643	1.160569	0.381051	0.556472	0.443528	3.770235
14928	-2123.924	-2277.411	153.4867	1.149984	0.4320091	0.723408	0.276592	3.765045
14934	-2124.483	-2278.487	154.0039	1.161438	0.4154787	0.674953	0.325047	3.476134
14940	-2147.961	-2303.734	155.7729	1.403915	0.4428571	0.682218	0.317782	2.221343
14946	-2149.353	-2302.756	153.4027	1.158108	0.3303376	0.612663	0.387337	3.925321
14952	-2141.46	-2294.914	153.4539	0.9653075	0.3642845	0.596848	0.403152	3.965265
14958	-2141.15	-2295.461	154.3107	1.300337	0.3583376	0.647141	0.352859	3.280727
14964	-2147.898	-2304.433	156.5353	1.715378	0.560459	0.636739	0.363261	1.331121
14970	-2136.98	-2293.096	156.1168	1.845508	0.7733746	0.568747	0.431253	1.331121
14976	-2140.546	-2297.038	156.4921	1.993037	0.6419025	0.648866	0.351134	1.023097
14982	-2147.796	-2304.489	156.6934	1.911801	0.5593183	0.46008	0.53992	1.023097
14988	-2142.148	-2299.129	156.9806	1.758446	0.3236761	0.576947	0.423053	1.285324
14994	-2139.297	-2295.577	156.2795	1.490954	0.3236761	0.712408	0.287592	1.987629
15000	-2133.287	-2289.531	156.2441	1.668292	0.4300968	0.696557	0.303443	1.74425
15006	-2144.344	-2301.477	157.1333	1.769915	0.2739017	0.623809	0.376191	1.245911
15012	-2135.249	-2291.607	156.3574	1.759021	0.517849	0.667301	0.332699	1.487051
15018	-2144.984	-2300.935	155.9509	1.57493	0.517849	0.692922	0.307078	1.906589
15024	-2142.474	-2298.376	155.9021	1.461827	0.4726685	0.759508	0.240492	2.065094
15030	-2133.42	-2289.341	155.9208	1.388109	0.4197222	0.679983	0.320017	2.163174
15036	-2151.846	-2308.149	156.303	1.30401	0.2793269	0.679983	0.320017	2.163174
15042	-2137.832	-2293.775	155.9433	1.36671	0.3949438	0.617945	0.382055	2.193123
15048	-2124.999	-2280.455	155.4552	1.601209	0.5407403	0.563853	0.436147	2.193123
15054	-2140.065	-2294.034	153.9689	1.432046	0.4840827	0.486634	0.513366	3.266025
15060	-2143.204	-2298.203	154.9986	1.093666	0.3640418	0.537824	0.462176	2.987394
15066	-2137.806	-2292.856	155.0499	1.289341	0.3418461	0.663308	0.336692	2.866466
15072	-2134.585	-2289.822	155.2366	1.484332	0.4507745	0.496499	0.503501	2.501588
15078	-2142.71	-2298.373	155.6629	1.484332	0.4651204	0.676644	0.323356	2.215015
15084	-2134.584	-2289.094	154.5092	1.386714	0.526491	0.703887	0.296113	2.929351
15090	-2128.656	-2284.671	156.0153	1.620658	0.4954625	0.591708	0.408292	1.856587
15096	-2141.96	-2297.78	155.8208	1.51229	0.4607827	0.503704	0.496296	2.098968
15102	-2133.133	-2289.386	156.2531	1.506266	0.405483	0.585594	0.414406	1.881688
15108	-2141.177	-2297.557	156.3792	1.46742	0.459898	0.585594	0.414406	1.752848
15114	-2145.51	-2301.524	156.0135	1.384642	0.3528484	0.507211	0.492789	2.191047
15120	-2158.007	-2311.85	153.8435	1.074482	0.3073021	0.636565	0.363435	3.749658
15126	-2144.598	-2298.543	153.9443	0.9798446	0.3985423	0.616752	0.383248	3.635222
15132	-2148.569	-2302.492	153.9229	1.21571	0.4997854	0.65579	0.34421	3.404913
15138	-2156.861	-2311.238	154.3767	1.123635	0.3119983	0.65579	0.34421	3.404913
15144	-2154.468	-2308.29	153.822	1.08584	0.2767537	0.719585	0.280415	3.797274
15150	-2148.049	-2301.597	153.5482	1.005525	0.4469516	0.657798	0.342202	3.797274
15156	-2146.86	-2298.168	151.3081	0.9786111	0.5583898	0.615378	0.384622	4.973762
15162	-2142.683	-2296.612	153.9285	1.104789	0.4406049	0.521895	0.478105	3.526177
15168	-2126.472	-2281.384	154.9123	1.165424	0.3864898	0.637401	0.362599	2.968977
15174	-2134.558	-2289.66	155.1011	0.9670215	0.2981489	0.672394	0.327606	3.088178
15180	-2135.202	-2289.441	154.2388	1.19904	0.4503704	0.539188	0.460812	3.278755
15186	-2128.474	-2283.129	154.6548	1.218248	0.3623013	0.477507	0.522493	3.12057
15192	-2136.89	-2289.559	152.668	1.051961	0.4059697	0.71514	0.28486	4.316001
15198	-2132.987	-2287.427	154.4403	1.257028	0.2693211	0.645014	0.354986	3.348872
15204	-2134.153	-2287.674	153.5215	1.016541	0.4137501	0.641602	0.358398	3.841319
15210	-2124.577	-2278.045	153.4675	1.070596	0.4137501	0.59854	0.40146	3.841319
15216	-2132.278	-2285.94	153.6623	1.174942	0.4137501	0.570512	0.429488	3.668736
15222	-2132.707	-2285.821	153.1138	1.174942	0.2872823	0.597117	0.402883	4.136876
15228	-2128.089	-2283.236	155.1478	1.316304	0.3504544	0.677082	0.322918	2.779546
15234	-2132.74	-2287.376	154.6364	1.384884	0.6068099	0.603899	0.396101	2.779546
15240	-2141.421	-2296.923	155.5021	1.29102	0.4113112	0.73807	0.26193	2.501675
15246	-2148.201	-2303.97	155.7687	1.428414	0.4001067	0.778592	0.221408	2.259463
15252	-2141.769	-2296.79	155.0212	1.428414	0.5470684	0.557977	0.442023	2.57112
15258	-2145.062	-2299.928	154.8657	1.275086	0.4677381	0.566897	0.433103	2.840266
15264	-2134.815	-2288.801	153.9864	1.208614	0.4605404	0.645172	0.354828	3.410972
15270	-2130.326	-2284.459	154.1325	1.240047	0.4605404	0.649125	0.350875	3.306704
15276	-2142.404	-2297.216	154.8124	1.288568	0.5435478	0.780414	0.219586	2.788798
15282	-2128.154	-2283.161	155.0066	1.290036	0.4278548	0.655868	0.344132	2.788798
15288	-2132.272	-2286.833	154.5607	1.290036	0.5119217	0.655868	0.344132	2.970686
15294	-2118.694	-2273.515	154.8203	1.270422	0.5899555	0.612083	0.387917	2.752136
15300	-2120.912	-2276.477	155.5648	1.345239	0.5960956	0.595395	0.404605	2.233594
15306	-2135.411	-2289.183	153.7728	1.128827	0.4906525	0.595395	0.404605	3.552163
15312	-2141.646	-2295.644	153.9986	1.205913	0.311098	0.625028	0.374972	3.578732
15318	-2135.382	-2287.792	152.4097	1.008065	0.3069008	0.625028	0.374972	4.602759
15324	-2133.439	-2288.247	154.8078	1.242008	0.3695113	0.648574	0.351426	3.006124
15330	-2134.887	-2289.387	154.5	1.35429	0.3991543	0.588341	0.411659	3.087963
15336	-2142.223	-2297.259	155.0355	1.270138	0.3411213	0.5819	0.4181	2.887762
15342	-2136.934	-2291.764	154.8295	1.270138	0.446579	0.55228	0.44772	2.887762
15348	-2138.788	-2293.697	154.9093	1.29629	0.3899725	0.524609	0.475391	2.887762
15354	-2136.925	-2291.175	154.2499	1.119934	0.3704342	0.492439	0.507561	3.407935
15360	-2141.586	-2296.38	154.7941	1.50814	0.330393	0.700749	0.299251	2.903859
15366	-2136.068	-2291.286	155.2178	1.284394	0.4616285	0.577031	0.422969	2.625605
15372	-2137.092	-2289.516	152.4237	1.107004	0.2357784	0.600287	0.399713	4.638694
15378	-2135.555	-2289.86	154.3047	1.064593	0.3711196	0.676245	0.323755	3.407418
15384	-2130.761	-2284.877	154.1158	1.097037	0.3505323	0.544986	0.455014	3.5237
15390	-2129.863	-2282.999	153.1355	1.130082	0.5365369	0.581151	0.418849	3.87664
15396	-2135.783	-2290.216	154.4331	1.007675	0.380031	0.563898	0.436102	3.354972
15402	-2129.558	-2282.212	152.6548	0.9240709	0.2812802	0.668012	0.331988	4.54624
15408	-2149.79	-2302.191	152.4014	0.8474923	0.4591402	0.57865	0.42135	4.526788
15414	-2147.611	-2300.545	152.934	0.9003752	0.3980064	0.59212	0.40788	4.25994
15420	-2136.835	-2289.585	152.7499	0.9391944	0.3980064	0.59212	0.40788	4.342136
15426	-2143.576	-2296.924	153.3481	1.116534	0.4482961	0.671349	0.328651	3.847179
15432	-2153.108	-2308.313	155.2045	1.560145	0.7142826	0.637996	0.362004	2.223179
15438	-2156.572	-2311.541	154.9694	1.74828	0.7515855	0.585415	0.414585	2.223179
15444	-2146.265	-2302.04	155.7749	1.385566	0.3826742	0.584063	0.415937	2.304726
15450	-2155.054	-2307.61	152.5552	1.12497	0.2177346	0.574323	0.425677	4.582964
15456	-2149.882	-2301.965	152.0835	1.043466	0.3230828	0.577004	0.422996	4.745083
15462	-2139.071	-2291.272	152.2011	0.795889	0.3851915	0.577004	0.422996	4.745083
15468	-2138.229	-2290.964	152.7344	1.0814	0.375656	0.577004	0.422996	4.295355
15474	-2134.827	-2286.735	151.9085	0.9349339	0.5441855	0.714813	0.285187	4.675422
15480	-2147.895	-2302.666	154.7711	1.258725	0.4154803	0.546974	0.453026	2.964233
15486	-2140.595	-2293.721	153.1264	1.074484	0.3907039	0.546974	0.453026	4.059711
15492	-2140.948	-2294.883	153.9356	1.073689	0.3514137	0.634244	0.365756	3.640871
15498	-2146.084	-2300.278	154.1947	1.082425	0.4085003	0.664217	0.335783	3.418451
15504	-2151.459	-2304.68	153.2208	1.081067	0.3474894	0.670449	0.329551	4.052292
15510	-2139.759	-2294.106	154.3475	1.078105	0.4092586	0.619376	0.380624	3.330456
15516	-2138.818	-2292.574	153.7563	1.252121	0.5232674	0.482937	0.517063	3.458746
15522	-2137.257	-2291.792	154.5356	1.342281	0.7291682	0.482937	0.517063	2.766379
15528	-2144.301	-2299.095	154.7936	1.393292	0.5126522	0.544934	0.455066	2.766379
15534	-2132.552	-2288.385	155.8334	1.347674	0.3945949	0.614399	0.385601	2.276565
15540	-2144.076	-2298.167	154.0908	1.085867	0.2942479	0.662714	0.337286	3.61758
15546	-2135.711	-2288.922	153.2113	1.02135	0.3656582	0.678341	0.321659	4.070146
15552	-2140.75	-2293.662	152.9121	1.108272	0.4796328	0.605414	0.394586	4.070146
15558	-2132.827	-2286.232	153.4049	1.050304	0.2671876	0.593913	0.406087	4.070146
15564	-2129.808	-2283.934	154.1254	1.070743	0.3801305	0.703656	0.296344	3.498057
15570	-2135.535	-2287.457	151.9216	0.9418604	0.2748664	0.606818	0.393182	4.954851
15576	-2126.96	-2280.419	153.4588	1.203833	0.4401155	0.562999	0.437001	3.741556
15582	-2125.982	-2280.991	155.0093	1.415949	0.2515753	0.666909	0.333091	2.942939
15588	-2139.064	-2292.819	153.7548	1.049541	0.2508583	0.580154	0.419846	3.894399
15594	-2142.415	-2295.858	153.4432	0.9922646	0.2508583	0.663602	0.336398	4.1052
15600	-2136.133	-2289.825	153.6922	1.235573	0.2657439	0.555317	0.444683	3.801563
15606	-2143.517	-2299.093	155.5768	1.535249	0.4190187	0.593945	0.406055	2.291005
15612	-2132.203	-2287.464	155.2612	1.51605	0.5426323	0.73627	0.26373	2.370012
15618	-2133.71	-2287.743	154.0336	1.451331	0.3942087	0.523895	0.476105	3.312536
15624	-2137.154	-2292.68	155.526	1.423549	0.5102961	0.672921	0.327079	2.29318
15630	-2141.818	-2297.073	155.2543	1.443129	0.6822504	0.553227	0.446773	2.29318
15636	-2145.14	-2298.94	153.7998	1.371176	0.5088538	0.613114	0.386886	3.377158
15642	-2140.388	-2294.624	154.2361	1.199134	0.3234308	0.613114	0.386886	3.427989
15648	-2126.949	-2281.164	154.2147	1.261971	0.595409	0.717962	0.282038	3.117535
15654	-2133.971	-2286.794	152.8232	1.162369	0.5060044	0.552442	0.447558	4.064889
15660	-2128.454	-2281.447	152.9929	1.047014	0.4736001	0.693559	0.306441	4.064889
15666	-2138.43	-2291.691	153.2609	1.051561	0.2898758	0.604914	0.395086	4.119859
15672	-2144.958	-2296.691	151.7337	0.7846281	0.3429205	0.585844	0.414156	5.059947
15678	-2152.704	-2304.882	152.1777	1.07871	0.2920246	0.596476	0.403524	4.712529
15684	-2153.437	-2308.026	154.5884	1.151357	0.4314046	0.820513	0.179487	3.120127
15690	-2153.182	-2306.981	153.7994	1.215195	0.3879347	0.695015	0.304985	3.59473
15696	-2153.499	-2308.77	155.2705	1.263229	0.3442792	0.684609	0.315391	2.745027
15702	-2135.142	-2290.723	155.5806	1.260124	0.4171731	0.700324	0.299676	2.464959
15708	-2141.936	-2295.941	154.0053	1.230623	0.4171731	0.695573	0.304427	3.433017
15714	-2134.41	-2285.125	150.7154	0.9074372	0.2707631	0.646792	0.353208	5.645464
15720	-2147.354	-2300.229	152.8746	0.8726979	0.4171731	0.547071	0.452929	4.288588
15726	-2155.181	-2308.386	153.2052	0.9797211	0.3985127	0.539044	0.460956	4.06013
15732	-2141.302	-2294.505	153.2025	1.099009	0.3811991	0.485297	0.514703	4.012982
15738	-2154.093	-2308.148	154.0546	1.080771	0.3811991	0.485297	0.514703	3.532271
15744	-2136.363	-2290.213	153.8499	1.108015	0.4775565	0.564436	0.435564	3.532271
15750	-2133.358	-2287.336	153.9776	1.187753	0.3662977	0.579047	0.420953	3.532271
15756	-2133.767	-2288.228	154.4615	0.9804418	0.4129135	0.61273	0.38727	3.316789
15762	-2143.487	-2298.813	155.3259	1.077331	0.2955374	0.61273	0.38727	2.890643
15768	-2140.569	-2295.827	155.2583	1.219533	0.2648782	0.597565	0.402435	2.890643
15774	-2129.705	-2283.585	153.8798	1.151866	0.3800559	0.599251	0.400749	3.593901
15780	-2131.182	-2286	154.8187	1.169826	0.410011	0.692126	0.307874	2.99526
15786	-2118.707	-2273.458	154.7512	1.118097	0.410011	0.643521	0.356479	3.066652
15792	-2125.297	-2279.278	153.9811	1.118097	0.3382256	0.516699	0.483301	3.605016
15798	-2134.451	-2286.614	152.1634	1.053436	0.3705462	0.516699	0.483301	4.638455
15804	-2134.121	-2286.313	152.1914	0.9061785	0.3448806	0.729857	0.270143	4.735013
15810	-2165.387	-2316.964	151.5768	0.939963	0.4232455	0.714674	0.285326	4.972137
15816	-2147.178	-2298.926	151.7479	1.012495	0.3050506	0.683881	0.316119	4.972137
15822	-2145.204	-2298.544	153.3396	1.281354	0.6934492	0.607838	0.392162	3.541306
15828	-2147.135	-2302.093	154.9588	1.282296	0.3942348	0.607838	0.392162	2.861227
15834	-2145.409	-2297.653	152.2439	0.874858	0.2801048	0.498312	0.501688	4.805431
15840	-2141.542	-2295.769	154.2272	1.090042	0.4891945	0.625602	0.374398	3.31035
15846	-2137.018	-2290.016	152.9979	1.090042	0.4663182	0.606563	0.393437	4.04466
15852	-2130.267	-2283.443	153.1759	1.08307	0.3804948	0.606563	0.393437	4.038038
15858	-2140.14	-2294.105	153.9659	1.158806	0.2548944	0.680844	0.319156	3.703897
15864	-2133.517	-2287.371	153.8535	1.003123	0.3193522	0.709075	0.290925	3.769296
15870	-2137.233	-2289.67	152.4367	1.003123	0.4111597	0.709075	0.290925	4.468542
15876	-2128.622	-2280.56	151.9385	0.8981768	0.4111597	0.509487	0.490513	4.806536
15882	-2126.938	-2279.208	152.2703	0.8368623	0.3476478	0.604143	0.395857	4.726368
15888	-2136.364	-2288.244	151.8804	0.9507134	0.4952952	0.614125	0.385875	4.726368
15894	-2146.091	-2298.73	152.6385	0.8091471	0.475369	0.614125	0.385875	4.39903
15900	-2144.625	-2297.693	153.0683	1.067969	0.5309897	0.614125	0.385875	3.9558
15906	-2144.604	-2297.986	153.382	1.030517	0.227345	0.639079	0.360921	4.154213
15912	-2128.461	-2281.655	153.1938	1.157209	0.2501853	0.559771	0.440229	4.154213
15918	-2150.471	-2302.542	152.0712	0.9000643	0.3224652	0.609978	0.390022	4.832789
15924	-2148.564	-2302.233	153.6691	1.092981	0.3009128	0.408901	0.591099	3.847927
15930	-2136.073	-2289.859	153.7862	1.152107	0.2310347	0.582604	0.417396	3.847927
15936	-2140.494	-2295.355	154.861	1.125134	0.3330049	0.538866	0.461134	3.090151
15942	-2137.056	-2291.78	154.7236	1.210577	0.3356914	0.450371	0.549629	3.117633
15948	-2139.502	-2293.601	154.0997	1.20015	0.5337555	0.699352	0.300648	3.277835
15954	-2126.48	-2281.228	154.7486	1.277833	0.2894386	0.641442	0.358558	3.125239
15960	-2130.128	-2284.908	154.7803	1.348162	0.5857748	0.418001	0.581999	2.732872
15966	-2126.039	-2279.224	153.1849	1.209699	0.3755756	0.584947	0.415053	3.966209
15972	-2167.89	-2320.571	152.6816	1.095313	0.2815811	0.722642	0.277358	4.434404
15978	-2145.819	-2298.035	152.2161	1.062511	0.2407847	0.722642	0.277358	4.77217
15984	-2152.476	-2307.394	154.9178	1.278075	0.4893815	0.549789	0.450211	2.784326
15990	-2153.043	-2305.004	151.9606	1.017314	0.274918	0.542765	0.457235	4.891056
15996	-2144.578	-2295.849	151.2712	1.030561	0.1958776	0.608149	0.391851	5.384843
16002	-2134.934	-2287.109	152.1749	1.204817	0.3390976	0.490333	0.509667	4.583942
16008	-2133.315	-2286.945	153.6295	1.105757	0.2474636	0.561304	0.438696	3.939093
16014	-2133.651	-2286.324	152.6725	1.061063	0.2926003	0.55354	0.44646	4.443942
16020	-2140.585	-2295.022	154.4372	1.23069	0.2926003	0.666847	0.333153	3.332929
16026	-2142.018	-2297.003	154.985	1.366929	0.5156875	0.648303	0.351697	2.662184
16032	-2140.914	-2293.642	152.7283	1.197739	0.2611962	0.574414	0.425586	4.378848
16038	-2137.216	-2289.894	152.6776	0.9570788	0.361934	0.591768	0.408232	4.41345
16044	-2146.056	-2298.488	152.4319	1.30708	0.3136562	0.581582	0.418418	4.41345
16050	-2135.852	-2291.804	155.9525	1.33127	0.3396661	0.585025	0.414975	2.282673
16056	-2141.094	-2293.664	152.57	0.8579228	0.385648	0.587229	0.412771	4.502935
16062	-2122.702	-2275.794	153.0912	1.098855	0.4127355	0.601672	0.398328	4.0417
16068	-2126.875	-2281.302	154.4274	1.157291	0.4127355	0.579555	0.420445	3.232703
16074	-2131.729	-2286.313	154.5839	1.157291	0.4749744	0.556435	0.443565	3.073263
16080	-2151.053	-2304.234	153.1808	1.120467	0.4769267	0.687698	0.312302	3.912219
16086	-2149.19	-2302.253	153.0624	0.9814589	0.3269141	0.592552	0.407448	4.224299
16092	-2132.953	-2287.633	154.6793	1.17028	0.3269141	0.670034	0.329966	3.179306
16098	-2130.849	-2284.688	153.8391	1.135275	0.3269141	0.651021	0.348979	3.691629
16104	-2135.815	-2291.184	155.3692	1.383001	0.4978067	0.586425	0.413575	2.431349
16110	-2141.706	-2296.246	154.5392	1.250821	0.4388044	0.603388	0.396612	3.082126
16116	-2141.455	-2296.304	154.8493	1.243697	0.3049026	0.678784	0.321216	3.063932
16122	-2142.187	-2297.216	155.0287	1.40314	0.6104817	0.707002	0.292998	2.523243
16128	-2142.177	-2297.107	154.9303	1.11328	0.3915306	0.722985	0.277015	2.983558
16134	-2142.436	-2296.513	154.0764	1.189891	0.3915306	0.621466	0.378534	3.443938
16140	-2158.905	-2314.146	155.2407	1.460969	0.5687443	0.623587	0.376413	2.392444
16146	-2136.988	-2291.22	154.2319	1.35707	0.2782572	0.623587	0.376413	3.399532
16152	-2137.42	-2290.983	153.5631	1.320479	0.4096495	0.671559	0.328441	3.646428
16158	-2129.091	-2283.362	154.2713	1.442947	0.4957248	0.606108	0.393892	3.068458
16164	-2137.335	-2291.587	154.252	1.401126	0.5333895	0.686073	0.313927	3.068458
16170	-2122.249	-2276.3	154.0516	1.275009	0.4583554	0.638654	0.361346	3.335995
16176	-2121.483	-2275.689	154.2054	1.275009	0.3212453	0.64162	0.35838	3.404399
16182	-2118.675	-2271.034	152.3582	1.194529	0.29167	0.64162	0.35838	4.546908
16188	-2124.325	-2278.599	154.2734	1.16598	0.3828336	0.65748	0.34252	3.352501
16194	-2132.642	-2286.364	153.7222	1.331993	0.2543058	0.498522	0.501478	3.745518
16200	-2127.576	-2281.162	153.5865	1.3715	0.3871207	0.642987	0.357013	3.628521
16206	-2122.393	-2276.612	154.219	1.230051	0.3871207	0.508508	0.491492	3.341829
16212	-2128.018	-2283.056	155.0379	1.209887	0.436063	0.508508	0.491492	2.809406
16218	-2128.913	-2283.178	154.265	1.219283	0.436063	0.53651	0.46349	3.266532
16224	-2129.634	-2281.892	152.2574	1.061961	0.2872534	0.519704	0.480296	4.683689
16230	-2127.527	-2279.821	152.2932	1.03066	0.3450835	0.572707	0.427293	4.608065
16236	-2126.328	-2280.438	154.1098	1.170821	0.4342263	0.538149	0.461851	3.388358
16242	-2128.058	-2280.835	152.7771	1.127501	0.6084637	0.661699	0.338301	4.021356
16248	-2134.995	-2288.465	153.4699	1.122579	0.331856	0.592477	0.407523	3.90529
16254	-2128.263	-2283.8	155.5371	1.332634	0.3026327	0.63378	0.36622	2.595176
16260	-2128.638	-2283.438	154.7996	1.250353	0.3817168	0.381969	0.618031	2.991344
16266	-2139.907	-2294.541	154.6338	1.045184	0.3817168	0.429486	0.570514	3.212484
16272	-2144.391	-2298.913	154.522	1.382495	0.8048851	0.575159	0.424841	2.693682
16278	-2138.738	-2293.583	154.8451	1.554991	0.6209161	0.692992	0.307008	2.533756
16284	-2137.546	-2293.788	156.2416	1.671897	0.4930825	0.692992	0.307008	1.665459
16290	-2121.687	-2277.94	156.2527	1.598445	0.5314674	0.62725	0.37275	1.665459
16296	-2120.337	-2275.943	155.6056	1.401018	0.3803483	0.669897	0.330103	2.405359
16302	-2128.407	-2283.678	155.2712	1.338647	0.4529618	0.669897	0.330103	2.5684
16308	-2132.368	-2287.553	155.1855	1.338647	0.6202121	0.622234	0.377766	2.456807
16314	-2130.482	-2285.831	155.3493	1.441851	0.3733281	0.3958	0.6042	2.549152
16320	-2130.54	-2285.411	154.8712	1.441851	0.2655088	0.358706	0.641294	2.988966
16326	-2126.854	-2281.418	154.5641	1.311877	0.478471	0.603349	0.396651	2.988966
16332	-2126.054	-2279.973	153.9183	1.080077	0.3107608	0.529544	0.470456	3.69865
16338	-2129.578	-2283.873	154.2955	1.18453	0.2791049	0.571169	0.428831	3.462121
16344	-2138.553	-2292.212	153.6587	1.104489	0.2463257	0.571169	0.428831	3.924781
16350	-2140.743	-2294.713	153.971	1.149773	0.2679494	0.629178	0.370822	3.687002
16356	-2138.897	-2292.327	153.4296	1.140047	0.3364428	0.693075	0.306925	3.912686
16362	-2128.191	-2282.143	153.9519	1.140047	0.5724308	0.693075	0.306925	3.365108
16368	-2123.248	-2276.329	153.0811	1.075329	0.4553384	0.574508	0.425492	4.016528
16374	-2139.203	-2292.233	153.0305	1.066808	0.4191686	0.574508	0.425492	4.087704
16380	-2132.594	-2283.959	151.3656	0.9686445	0.2358716	0.642395	0.357605	5.303807
16386	-2142.206	-2296.153	153.9462	1.171605	0.4645136	0.642395	0.357605	3.452104
16392	-2132.051	-2286.125	154.0739	1.162573	0.3193905	0.68981	0.31019	3.549263
16398	-2139.508	-2294.132	154.6243	1.162573	0.4504759	0.640712	0.359288	3.071529
16404	-2157.435	-2311.555	154.1194	1.100036	0.2260736	0.561696	0.438304	3.693748
16410	-2137.528	-2291.335	153.8068	1.110948	0.5541579	0.555241	0.444759	3.48337
16416	-2141.994	-2295.963	153.9697	1.158752	0.5112764	0.528949	0.471051	3.399792
16422	-2132.471	-2286.339	153.8678	1.169633	0.390015	0.578554	0.421446	3.579107
16428	-2138.46	-2292.305	153.8456	1.156495	0.4082919	0.491206	0.508794	3.579107
16434	-2146.028	-2300.704	154.6758	1.287411	0.4849119	0.477458	0.522542	2.929932
16440	-2130.753	-2284.915	154.1627	1.135715	0.2285161	0.527353	0.472647	3.644141
16446	-2128.732	-2280.135	151.4037	0.9598052	0.2354868	0.545228	0.454772	5.288248
16452	-2119.836	-2273.208	153.3715	1.008153	0.3483259	0.576231	0.423769	4.006853
16458	-2133.786	-2286.712	152.9266	1.067894	0.4665015	0.574778	0.425222	4.097772
16464	-2129.344	-2282.47	153.126	1.173428	0.3101825	0.600616	0.399384	4.100338
16470	-2136.889	-2289.701	152.8124	1.078329	0.5261684	0.583115	0.416885	4.100338
16476	-2153.489	-2306.199	152.7107	1.207482	0.4805824	0.6048	0.3952	4.127439
16482	-2137.92	-2291.407	153.4873	1.109906	0.4805824	0.661507	0.338493	3.738419
16488	-2135.049	-2287.201	152.1525	0.9870741	0.3946221	0.661703	0.338297	4.654956
16494	-2144.545	-2298.651	154.1061	1.108415	0.4332477	0.590397	0.409603	3.428139
16500	-2136.39	-2288.978	152.5879	1.099101	0.2540928	0.504872	0.495128	4.523769
16506	-2131.436	-2286.356	154.9204	1.268366	0.3063208	0.694494	0.305506	3.004634
16512	-2121.664	-2274.494	152.8302	1.171396	0.3187733	0.583368	0.416632	4.258466
16518	-2118.38	-2271.798	153.4184	1.260008	0.2837253	0.612214	0.387786	3.919301
16524	-2121.827	-2276.653	154.8257	1.2761	0.3419157	0.504214	0.495786	3.009456
16530	-2127.171	-2279.99	152.8194	1.133645	0.4274	0.676917	0.323083	4.161084
16536	-2117.541	-2271.198	153.6572	1.128017	0.4540842	0.661643	0.338357	3.656287
16542	-2120.705	-2274.794	154.0886	1.161164	0.3343547	0.555513	0.444487	3.522349
16548	-2126.356	-2280.981	154.6254	1.256488	0.2394183	0.633404	0.366596	3.285776
16554	-2121.764	-2275.362	153.5978	1.253977	0.3910337	0.692517	0.307483	3.685578
16560	-2137.27	-2289.747	152.4764	1.062018	0.4636216	0.692517	0.307483	4.359238
16566	-2143.201	-2296.115	152.9133	1.062018	0.3824549	0.776196	0.223804	4.19725
16572	-2143.072	-2294.083	151.0109	0.9647484	0.3267785	0.665993	0.334007	5.379373
16578	-2136.372	-2289.419	153.0477	0.8975112	0.3691212	0.494683	0.505317	4.229571
16584	-2135.838	-2290.381	154.5429	1.389017	0.8365656	0.612939	0.387061	2.654227
16590	-2128.32	-2284.207	155.8876	1.389017	0.2454075	0.612939	0.387061	2.429484
16596	-2133.273	-2289.022	155.7492	1.287649	0.3650015	0.491083	0.508917	2.405848
16602	-2132.855	-2288.2	155.3456	1.354094	0.4509896	0.584246	0.415754	2.514612
16608	-2136.681	-2291.954	155.2734	1.29787	0.4727206	0.584246	0.415754	2.570929
16614	-2126.889	-2281.999	155.1106	1.29787	0.5109498	0.594465	0.405535	2.632081
16620	-2129.158	-2284.054	154.8959	1.219138	0.2914	0.58348	0.41652	3.069631
16626	-2141.297	-2295.072	153.7747	1.155717	0.7199079	0.58348	0.41652	3.340253
16632	-2126.514	-2282.174	155.6596	1.378325	0.4374053	0.58348	0.41652	2.316684
16638	-2140.982	-2296.889	155.9067	1.487358	0.4558916	0.534076	0.465924	2.064494
16644	-2138.35	-2292.142	153.7918	1.224087	0.2793949	0.665022	0.334978	3.731238
16650	-2143.789	-2297.931	154.1428	1.225433	0.3259638	0.734309	0.265691	3.463894
16656	-2126.157	-2280.677	154.5199	1.336782	0.1986056	0.628537	0.371463	3.368751
16662	-2134.044	-2288.811	154.7678	1.264648	0.2606343	0.628537	0.371463	3.163846
16668	-2147.083	-2301.03	153.9464	1.264648	0.4217635	0.722231	0.277769	3.442557
16674	-2148.004	-2302.355	154.3512	1.215954	0.307088	0.705357	0.294643	3.372276
16680	-2145.454	-2299.069	153.6145	1.314203	0.2629275	0.6585	0.3415	3.805087
16686	-2125.718	-2279.339	153.6209	1.164429	0.360753	0.604225	0.395775	3.759122
16692	-2131.019	-2286.171	155.1514	1.363233	0.3036749	0.666951	0.333049	2.811567
16698	-2131.484	-2286.472	154.9879	1.403385	0.3036749	0.606492	0.393508	2.886335
16704	-2126.675	-2279.959	153.2838	1.277255	0.4001445	0.606492	0.393508	3.843014
16710	-2130.983	-2284.834	153.8516	1.246925	0.551209	0.618532	0.381468	3.380244
16716	-2139.886	-2295.183	155.2967	1.428196	0.3158623	0.692376	0.307624	2.665955
16722	-2152.066	-2307.778	155.7117	1.350085	0.5896824	0.639888	0.360112	2.141359
16728	-2141.282	-2296.913	155.6305	1.350085	0.6467543	0.639888	0.360112	2.141359
16734	-2139.493	-2295.906	156.4131	1.310846	0.2825367	0.485603	0.514397	2.081605
16740	-2128.646	-2283.712	155.066	1.167037	0.430571	0.716298	0.283702	2.824487
16746	-2122.53	-2277.288	154.7583	1.148712	0.2621994	0.497076	0.502924	3.235845
16752	-2131.649	-2286.081	154.4324	1.146208	0.4748532	0.650886	0.349114	3.170162
16758	-2138.859	-2293.841	154.982	1.145985	0.2210002	0.710795	0.289205	3.170162
16764	-2136.677	-2290.999	154.3223	1.276778	0.4630426	0.555256	0.444744	3.170162
16770	-2129.178	-2283.828	154.6504	1.276778	0.299506	0.555256	0.444744	3.170162
16776	-2135.711	-2291.011	155.3002	1.488166	0.4183044	0.494088	0.505912	2.496423
16782	-2136.995	-2292.416	155.4208	1.388989	0.4183044	0.684109	0.315891	2.483007
16788	-2148.096	-2303.159	155.0629	1.401561	0.6203942	0.600928	0.399072	2.494083
16794	-2142.132	-2297.041	154.9086	1.250137	0.2633786	0.649032	0.350968	3.084562
16800	-2148.49	-2303.863	155.3723	1.325666	0.1732549	0.597629	0.402371	2.915308
16806	-2141.818	-2296.711	154.8939	1.357434	0.2583436	0.631779	0.368221	3.036849
16812	-2132.578	-2285.865	153.2867	1.083973	0.2926491	0.660514	0.339486	4.082956
16818	-2136.492	-2288.172	151.68	0.953367	0.5686148	0.735417	0.264583	4.771932
16824	-2151.497	-2303.763	152.2659	1.039138	0.3751046	0.735417	0.264583	4.583784
16830	-2129.691	-2282.157	152.4655	0.9702581	0.313843	0.564901	0.435099	4.583784
16836	-2129.77	-2282.372	152.6027	1.072193	0.3016026	0.600396	0.399604	4.465124
16842	-2142.526	-2295.893	153.3672	1.072193	0.3170515	0.683368	0.316632	4.011655
16848	-2135.848	-2289.775	153.9265	1.289695	0.2051918	0.48508	0.51492	3.73016
16854	-2137.274	-2291.248	153.9736	1.524778	0.2008229	0.701836	0.298164	3.574176
16860	-2135.161	-2287.935	152.7737	1.285825	0.3302687	0.701836	0.298164	4.211186
16866	-2129.499	-2283.665	154.166	1.285825	0.2895015	0.545348	0.454652	3.463958
16872	-2128.088	-2282.25	154.1623	1.207743	0.3251329	0.659155	0.340845	3.463958
16878	-2130.075	-2283.827	153.752	0.9985029	0.4393163	0.605611	0.394389	3.691675
16884	-2129.794	-2281.946	152.152	0.9985029	0.4232486	0.64167	0.35833	4.618368
16890	-2132.597	-2285.027	152.4298	1.059467	0.2655287	0.514041	0.485959	4.618368
16896	-2139.599	-2292.05	152.4507	1.037326	0.266048	0.525565	0.474435	4.618368
16902	-2132.806	-2286.65	153.8438	1.249554	0.257128	0.561165	0.438835	3.718697
16908	-2131.827	-2286.721	154.8935	1.451125	0.4299552	0.656915	0.343085	2.757178
16914	-2148.111	-2303.745	155.6336	1.379505	0.5307998	0.595709	0.404291	2.23123
16920	-2147.721	-2303.428	155.7071	1.546696	0.6059071	0.604233	0.395767	1.999201
16926	-2135.064	-2290.882	155.8184	1.560114	0.5225242	0.629752	0.370248	2.000538
16932	-2135.683	-2291.502	155.8191	1.560114	0.4849442	0.62768	0.37232	2.041187
16938	-2128.277	-2283.998	155.7215	1.462954	0.5542385	0.60724	0.39276	2.095967
16944	-2120.084	-2275.507	155.4232	1.459192	0.5969707	0.658366	0.341634	2.250598
16950	-2128.412	-2283.421	155.0086	1.459192	0.7295881	0.697424	0.302576	2.400169
16956	-2112.122	-2267.424	155.302	1.380124	0.5615708	0.666573	0.333427	2.411652
16962	-2123.025	-2279.374	156.3486	1.380124	0.2970618	0.65848	0.34152	2.055623
16968	-2125.147	-2280.533	155.3862	1.470371	0.5194659	0.541642	0.458358	2.342973
16974	-2133.369	-2287.637	154.2673	1.250736	0.4793187	0.518364	0.481636	3.201579
16980	-2131.407	-2287.068	155.6607	1.369511	0.2689124	0.634277	0.365723	2.5459
16986	-2143.43	-2299.196	155.7668	1.450659	0.302451	0.634277	0.365723	2.377764
16992	-2134.935	-2289.07	154.1344	1.389947	0.3079848	0.624536	0.375464	3.396189
16998	-2136.293	-2290.667	154.3739	1.315512	0.2411857	0.72404	0.27596	3.396189
17004	-2137.837	-2292.421	154.5845	1.369493	0.4255497	0.510364	0.489636	2.998497
17010	-2132.113	-2285.676	153.5625	1.369493	0.6749695	0.622729	0.377271	3.373765
17016	-2141.035	-2294.729	153.6932	1.271893	0.6505482	0.622729	0.377271	3.373765
17022	-2148.634	-2302.985	154.3512	1.453411	0.3622373	0.681836	0.318164	3.161355
17028	-2139.165	-2293.578	154.4129	1.307159	0.404854	0.44737	0.55263	3.161355
17034	-2131.95	-2285.884	153.9342	1.060424	0.3739415	0.593019	0.406981	3.622532
17040	-2139.715	-2292.839	153.124	1.228216	0.6863544	0.626072	0.373928	3.702623
17046	-2135.343	-2290.215	154.8724	1.227686	0.2170024	0.62898	0.37102	3.193408
17052	-2142.277	-2297.05	154.7732	1.266677	0.4551879	0.59665	0.40335	2.91462
17058	-2140.815	-2295.678	154.8637	1.193884	0.445249	0.59665	0.40335	2.91462
17064	-2130.252	-2285.333	155.0809	1.258165	0.2806812	0.65695	0.34305	2.950765
17070	-2133.055	-2287.705	154.6501	1.258165	0.4970331	0.500275	0.499725	2.950765
17076	-2124.109	-2278.883	154.7739	1.1943	0.3448821	0.62931	0.37069	3.085589
17082	-2122.511	-2276.747	154.236	1.191912	0.3368339	0.625328	0.374672	3.41508
17088	-2135.616	-2289.496	153.8808	1.397702	0.4951869	0.686817	0.313183	3.327267
17094	-2129.273	-2284.113	154.84	1.291689	0.4552722	0.522185	0.477815	2.859012
17100	-2121.819	-2276.79	154.9711	1.291689	0.3850147	0.569934	0.430066	2.859012
17106	-2140.042	-2293.867	153.825	1.232594	0.4832347	0.770657	0.229343	3.468531
17112	-2138.499	-2292.282	153.7835	1.292598	0.4080105	0.529032	0.470968	3.536409
17118	-2123.897	-2276.658	152.7609	1.081912	0.731654	0.564283	0.435717	3.961985
17124	-2126.628	-2277.77	151.1421	1.008966	0.4740463	0.542223	0.457777	5.124799
17130	-2126.8	-2280.252	153.4523	0.9483518	0.3535247	0.641977	0.358023	3.988628
17136	-2131.788	-2285.028	153.2395	0.9958933	0.4385074	0.688232	0.311768	3.988628
17142	-2124.366	-2278.85	154.4839	1.145411	0.3457681	0.696387	0.303613	3.285516
17148	-2138.789	-2292.515	153.7257	1.089868	0.3569329	0.720602	0.279398	3.746239
17154	-2138.456	-2292.772	154.3161	1.301097	0.4791476	0.626129	0.373871	3.142923
17160	-2128.284	-2284.005	155.721	1.462503	0.4678847	0.664562	0.335438	2.188436
17166	-2142.265	-2297.691	155.4257	1.578734	0.6657207	0.644524	0.355476	2.108818
17172	-2132.312	-2287.149	154.8374	1.245577	0.4491742	0.588429	0.411571	2.895059
17178	-2124.017	-2278.962	154.945	1.232349	0.398275	0.676344	0.323656	2.895059
17184	-2122.575	-2277.915	155.3398	1.199699	0.3516258	0.632954	0.367046	2.731966
17190	-2124.657	-2279.422	154.7647	1.071476	0.4496052	0.525247	0.474753	3.042964
17196	-2130.999	-2284.7	153.7003	1.216464	0.3242849	0.684067	0.315933	3.728263
17202	-2136.242	-2290.302	154.0596	1.100496	0.4924764	0.564158	0.435842	3.399434
17208	-2141.603	-2294.521	152.9186	1.143563	0.4183074	0.559652	0.440348	4.108646
17214	-2133.704	-2287.47	153.7655	1.102419	0.5260345	0.622959	0.377041	3.53813
17220	-2128.008	-2280.838	152.8302	0.9977224	0.2607438	0.685318	0.314682	4.43485
17226	-2134.947	-2288.223	153.2765	0.8933871	0.332202	0.54237	0.45763	4.146153
17232	-2123.999	-2277.138	153.139	1.030827	0.332202	0.55059	0.44941	4.146153
17238	-2148.351	-2302.252	153.9014	1.027962	0.350115	0.582503	0.417497	3.688775
17244	-2139.077	-2292.223	153.1466	1.059082	0.3962244	0.582503	0.417497	4.050825
17250	-2129.722	-2282.799	153.0765	0.980597	0.4763566	0.73157	0.26843	4.05239
17256	-2134.128	-2287.268	153.1401	1.115259	0.3673271	0.617418	0.382582	4.055259
17262	-2142.917	-2296.165	153.248	1.275029	0.3022165	0.666538	0.333462	3.9832
17268	-2139.5	-2292.555	153.0554	1.202004	0.4316141	0.537974	0.462026	3.9832
17274	-2135.134	-2288.315	153.181	1.205172	0.3650693	0.656046	0.343954	3.9832
17280	-2124.931	-2279.436	154.5046	1.206797	0.3650693	0.53996	0.46004	3.21318
17286	-2126.722	-2281.187	154.4648	1.407033	0.4809294	0.638784	0.361216	2.98898
17292	-2127.018	-2281.478	154.46	1.313904	0.364824	0.584755	0.415245	3.17641
17298	-2130.8	-2285.103	154.3032	1.167291	0.4086065	0.613685	0.386315	3.30473
17304	-2140.384	-2293.844	153.4595	1.123676	0.4086065	0.613685	0.386315	3.820999
17310	-2142.817	-2295.099	152.2823	1.123676	0.2923152	0.539524	0.460476	4.628442
17316	-2135.774	-2289.236	153.4622	1.153147	0.6898227	0.704325	0.295675	3.547377
17322	-2131.759	-2285.8	154.0404	1.217584	0.4019829	0.630636	0.369364	3.436935
17328	-2138.337	-2293.525	155.1886	1.256859	0.2553625	0.596888	0.403112	2.924839
17334	-2123.93	-2277.038	153.1082	1.077161	0.4960431	0.596888	0.403112	3.960186
17340	-2128.367	-2280.371	152.0043	1.077161	0.330864	0.581369	0.418631	4.760957
17346	-2121.327	-2274.743	153.4159	1.073884	0.3709968	0.547476	0.452524	3.916974
17352	-2125.88	-2278.225	152.3449	1.073884	0.3709968	0.586382	0.413618	4.524579
17358	-2130.506	-2282.718	152.2121	1.062779	0.3053912	0.586382	0.413618	4.684723
17364	-2128.08	-2281.793	153.7137	0.9827385	0.3139737	0.557354	0.442646	3.868449
17370	-2119.467	-2273.346	153.879	1.078541	0.3139737	0.497574	0.502426	3.718051
17376	-2125.2	-2278.974	153.7733	1.15574	0.4418407	0.655054	0.344946	3.585496
17382	-2141.142	-2295.112	153.9698	1.221429	0.3118401	0.664015	0.335985	3.585496
17388	-2129.312	-2283.78	154.4678	1.153871	0.2836864	0.721213	0.278787	3.372636
17394	-2142.07	-2295.302	153.2313	1.171495	0.2844984	0.653416	0.346584	4.075781
17400	-2139.51	-2293.183	153.673	1.254683	0.2335626	0.711095	0.288905	3.850038
17406	-2136.639	-2290.169	153.5305	1.243712	0.2941681	0.767831	0.232169	3.850038
17412	-2138.537	-2291.722	153.1851	1.245199	0.3197098	0.593879	0.406121	4.01346
17418	-2139.672	-2293.277	153.6053	1.085574	0.2371607	0.632338	0.367662	3.980205
17424	-2141.369	-2296.671	155.3021	1.285354	0.4852767	0.597215	0.402785	2.547557
17430	-2142.385	-2296.366	153.9814	1.259544	0.4564396	0.685041	0.314959	3.388279
17436	-2137.408	-2291.57	154.1615	1.205463	0.4725697	0.60679	0.39321	3.297684
17442	-2130.698	-2285.062	154.3646	1.271931	0.3131404	0.576881	0.423119	3.323432
17448	-2135.637	-2289.8	154.1631	1.189907	0.455454	0.586755	0.413245	3.323432
17454	-2135.462	-2291.107	155.6453	1.557433	0.4127276	0.663076	0.336924	2.240374
17460	-2141.654	-2297.24	155.5859	1.32432	0.3746685	0.667934	0.332066	2.473112
17466	-2134.153	-2289.414	155.261	1.514926	0.5985812	0.486795	0.513205	2.317229
17472	-2131.75	-2287.17	155.4196	1.326191	0.3951532	0.656516	0.343484	2.550511
17478	-2140.68	-2293.328	152.6475	1.170477	0.3474269	0.597367	0.402633	4.327098
17484	-2142.889	-2295.497	152.6085	1.0575	0.4641896	0.592274	0.407726	4.286543
17490	-2131.842	-2284.353	152.5102	1.096228	0.4993003	0.600162	0.399838	4.286543
17496	-2129.798	-2284.661	154.8634	1.15712	0.4717516	0.640534	0.359466	2.908896
17502	-2144.554	-2298.421	153.8671	1.245065	0.4717516	0.64624	0.35376	3.448093
17508	-2146.122	-2301.332	155.2103	1.433926	0.3765129	0.430505	0.569495	2.636189
17514	-2136.513	-2290.335	153.8223	1.288934	0.5914039	0.592826	0.407174	3.337243
17520	-2158.737	-2314.391	155.6535	1.687223	0.6121051	0.658918	0.341082	1.934911
17526	-2144.445	-2298.378	153.9337	1.419237	0.4938714	0.584658	0.415342	3.284683
17532	-2135.567	-2290.739	155.172	1.419237	0.5254399	0.55195	0.44805	2.504129
17538	-2131.098	-2285.555	154.4565	1.287534	0.3440882	0.585323	0.414677	3.219833
17544	-2135.274	-2289.068	153.7934	1.363465	0.7025509	0.541341	0.458659	3.219833
17550	-2126.165	-2280.857	154.6924	1.204764	0.2770189	0.541341	0.458659	3.219833
17556	-2130.953	-2285.949	154.9957	1.365634	0.2709537	0.632932	0.367068	2.951739
17562	-2139.112	-2293.993	154.8809	1.407004	0.1935329	0.445194	0.554806	3.122894
17568	-2139.494	-2295.512	156.0181	1.500116	0.2481798	0.671178	0.328822	2.271356
17574	-2138.832	-2294.03	155.1987	1.225991	0.3730847	0.632278	0.367722	2.775094
17580	-2140.372	-2295.645	155.2731	1.452283	0.2427837	0.675987	0.324013	2.775094
17586	-2139.53	-2294.499	154.9696	1.578199	0.6248185	0.644955	0.355045	2.437838
17592	-2140.64	-2296.455	155.8146	1.578199	0.5379107	0.6557	0.3443	1.974682
17598	-2124.704	-2280.428	155.7234	1.48745	0.5533553	0.601612	0.398388	2.079519
17604	-2143.143	-2297.292	154.149	1.48745	0.6516355	0.603325	0.396675	2.974346
17610	-2118.74	-2274.708	155.9675	1.506285	0.4211689	0.603325	0.396675	2.05336
17616	-2132.257	-2288.41	156.1523	1.463231	0.3495258	0.607122	0.392878	2.05336
17622	-2125.645	-2279.944	154.2985	1.09836	0.4163164	0.607122	0.392878	3.339504
17628	-2131.546	-2283.258	151.7112	1.023658	0.4163164	0.467315	0.532685	4.857933
17634	-2120.994	-2275.952	154.9576	1.307228	0.4163164	0.540389	0.459611	2.821211
17640	-2121.49	-2275.867	154.3779	1.131634	0.3119806	0.540389	0.459611	3.399557
17646	-2130.712	-2283.528	152.8158	1.081821	0.3119806	0.644926	0.355074	4.326007
17652	-2128.139	-2281.564	153.4251	1.07814	0.3562512	0.673968	0.326032	3.926627
17658	-2131.184	-2285.522	154.3385	1.093228	0.3562512	0.616391	0.383609	3.388752
17664	-2145.861	-2300.945	155.084	1.248961	0.4124293	0.616391	0.383609	2.78422
17670	-2131.097	-2284.501	153.404	1.037457	0.3912631	0.641639	0.358361	3.921565
17676	-2125.525	-2278.381	152.8561	1.037457	0.3520366	0.641639	0.358361	4.278853
17682	-2137.832	-2291.309	153.4769	0.9448396	0.304293	0.661965	0.338035	4.038348
17688	-2136.978	-2290.09	153.1124	0.9540929	0.3477089	0.514329	0.485671	4.185969
17694	-2144.101	-2295.451	151.3503	1.010081	0.3628153	0.671098	0.328902	5.124375
17700	-2141.66	-2295.116	153.4564	1.064519	0.2433689	0.742934	0.257066	4.067734
17706	-2145.718	-2297.992	152.274	1.064519	0.3359555	0.637286	0.362714	4.610829
17712	-2128.258	-2281.894	153.6359	1.064519	0.2717399	0.576728	0.423272	3.923498
17718	-2130.683	-2284.336	153.6531	1.0494	0.3566831	0.651213	0.348787	3.811718
17724	-2135.665	-2289.095	153.4296	1.208091	0.3764682	0.648162	0.351838	3.825704
17730	-2144.594	-2297.899	153.305	0.9651537	0.4553964	0.648162	0.351838	3.951474
17736	-2138.888	-2292.544	153.6568	1.017519	0.4553964	0.498099	0.501901	3.719093
17742	-2130.266	-2283.578	153.3123	1.11933	0.3370431	0.681837	0.318163	3.990937
17748	-2139.619	-2292.594	152.9752	1.11933	0.5095529	0.609484	0.390516	3.999402
17754	-2133.084	-2287.707	154.623	1.11678	0.2803995	0.609484	0.390516	3.307882
17760	-2141.749	-2296.226	154.4776	1.172382	0.3350899	0.673992	0.326008	3.286837
17766	-2134.655	-2288.705	154.0499	1.179092	0.2579715	0.598251	0.401749	3.638963
17772	-2139.676	-2294.189	154.5132	1.179092	0.3075701	0.691924	0.308076	3.298038
17778	-2142.677	-2296.902	154.2243	1.248801	0.3928265	0.665727	0.334273	3.321099
17784	-2140.672	-2295.306	154.6346	1.248801	0.3743275	0.669281	0.330719	3.099803
17790	-2142.064	-2296.275	154.2106	1.149349	0.4074572	0.613188	0.386812	3.371077
17796	-2140.452	-2291.609	151.1577	0.9042782	0.3050705	0.460611	0.539389	5.358786
17802	-2146.76	-2297.917	151.1567	0.7766075	0.3642759	0.56038	0.43962	5.358786
17808	-2156.201	-2307.565	151.3638	0.8829066	0.2314074	0.635983	0.364017	5.358786
17814	-2136.658	-2288.812	152.1544	0.9896304	0.3730008	0.577751	0.422249	4.676417
17820	-2127.783	-2279.897	152.1142	0.8513233	0.4686735	0.612195	0.387805	4.676417
17826	-2125.213	-2277.125	151.9118	1.053676	0.4686735	0.701533	0.298467	4.676417
17832	-2129.907	-2281.864	151.9569	0.9456499	0.344811	0.529315	0.470685	4.844028
17838	-2136.765	-2289.836	153.0713	1.035666	0.3575979	0.615419	0.384581	4.151201
17844	-2139.79	-2293.297	153.5066	1.035666	0.5209638	0.615949	0.384051	3.731657
17850	-2143.029	-2295.444	152.415	1.187056	0.3691428	0.508596	0.491404	4.423551
17856	-2149.243	-2301.933	152.6902	0.9635471	0.2446844	0.508596	0.491404	4.556269
17862	-2154.484	-2307.267	152.7837	0.9418878	0.3345527	0.595331	0.404669	4.394851
17868	-2145.524	-2297.318	151.7941	0.9342939	0.3891418	0.645045	0.354955	4.890592
17874	-2142.202	-2294.05	151.8487	1.024342	0.320016	0.619196	0.380804	4.890592
17880	-2139.885	-2293.521	153.6364	1.108315	0.320016	0.619196	0.380804	3.832896
17886	-2151.669	-2305.026	153.3571	1.108315	0.320016	0.653411	0.346589	3.993014
17892	-2147.147	-2300.778	153.6312	1.014899	0.2455396	0.717169	0.282831	3.993014
17898	-2141.046	-2294.482	153.4361	0.9424806	0.3890744	0.563267	0.436733	3.960023
17904	-2130.637	-2284.059	153.4219	1.049819	0.3435642	0.557462	0.442538	3.960023
17910	-2137.014	-2289.815	152.8011	1.049819	0.4399131	0.683482	0.316518	4.206129
17916	-2131.662	-2284.654	152.9921	1.049819	0.2406805	0.59758	0.40242	4.343606
17922	-2139.215	-2293.73	154.5146	1.162339	0.3668345	0.603081	0.396919	3.231442
17928	-2133.216	-2288.06	154.8445	1.221553	0.3977731	0.719393	0.280607	2.962719
17934	-2138.904	-2291.848	152.944	1.208314	0.2355605	0.501394	0.498606	4.289028
17940	-2138.242	-2292.492	154.25	1.235187	0.4830282	0.610177	0.389823	3.21729
17946	-2140.684	-2294.665	153.9811	1.20813	0.4270752	0.700887	0.299113	3.449539
17952	-2129.328	-2283.483	154.1549	1.131549	0.3765005	0.650073	0.349927	3.449539
17958	-2136.644	-2290.827	154.183	1.155161	0.3765005	0.724111	0.275889	3.419311
17964	-2135.672	-2289.728	154.0567	1.39049	0.4013588	0.617426	0.382574	3.32666
17970	-2159.418	-2314.464	155.0464	1.425925	0.4241419	0.666692	0.333308	2.685515
17976	-2148.077	-2303.828	155.7511	1.24319	0.295198	0.690678	0.309322	2.52858
17982	-2137.48	-2291.247	153.7664	1.136702	0.2941918	0.59183	0.40817	3.775857
17988	-2132.889	-2286.619	153.7297	1.230413	0.2207954	0.6857	0.3143	3.851727
17994	-2132.444	-2286.443	153.9996	1.244956	0.4863204	0.624198	0.375802	3.355916
18000	-2123.136	-2276.593	153.4569	1.157565	0.3118453	0.56254	0.43746	3.918222
18006	-2125.388	-2277.921	152.5332	1.053101	0.3204608	0.612927	0.387073	4.490782
18012	-2126.568	-2279.148	152.5796	0.9334513	0.3543961	0.644506	0.355494	4.490782
18018	-2129.695	-2281.914	152.219	1.124803	0.272434	0.637086	0.362914	4.690209
18024	-2135.248	-2287.753	152.5049	1.043656	0.2733785	0.653218	0.346782	4.574158
18030	-2133.384	-2286.082	152.6987	1.002022	0.2935853	0.551906	0.448094	4.461135
18036	-2145.649	-2298.626	152.9772	1.033963	0.2760237	0.582836	0.417164	4.309843
18042	-2133.945	-2287.806	153.8605	1.132324	0.2760237	0.539481	0.460519	3.749355
18048	-2137.696	-2290.477	152.7802	1.132324	0.4304067	0.564712	0.435288	4.181009
18054	-2125.286	-2278.94	153.6538	1.172789	0.4888327	0.585327	0.414673	3.597582
18060	-2134.969	-2289.004	154.0346	1.031398	0.3244199	0.63611	0.36389	3.641802
18066	-2121.231	-2274.477	153.2464	1.146778	0.3745804	0.570681	0.429319	3.968139
18072	-2126.574	-2281.12	154.5456	1.32309	0.2821951	0.642895	0.357105	3.229168
18078	-2134.54	-2289.922	155.3814	1.429148	0.2480706	0.676067	0.323933	2.714472
18084	-2124.754	-2278.976	154.2224	1.275785	0.28708	0.676067	0.323933	3.440235
18090	-2138.825	-2292.576	153.7515	1.147421	0.3563144	0.583804	0.416196	3.698823
18096	-2150.464	-2305.453	154.989	1.213422	0.4775377	0.583804	0.416196	2.792588
18102	-2136.583	-2289.773	153.1897	1.137575	0.2332868	0.590561	0.409439	4.193349
18108	-2142.654	-2295.591	152.9364	1.041607	0.2417657	0.562506	0.437494	4.378075
18114	-2143.19	-2296.155	152.9656	1.012412	0.2417657	0.677369	0.322631	4.378075
18120	-2135.646	-2288.45	152.8046	1.012412	0.3069197	0.667153	0.332847	4.378075
18126	-2135.563	-2287.583	152.0198	0.9660204	0.4933308	0.667153	0.332847	4.641568
18132	-2126.785	-2279.016	152.2312	0.9332949	0.3940771	0.646265	0.353735	4.641568
18138	-2134.975	-2287.342	152.3674	0.8921703	0.347241	0.692307	0.307693	4.641568
18144	-2133.184	-2284.542	151.3577	0.9185326	0.3288708	0.571148	0.428852	5.2109
18150	-2134.174	-2285.386	151.2118	1.017511	0.3161684	0.571148	0.428852	5.252445
18156	-2129.385	-2281.291	151.9066	0.9070475	0.4406575	0.509757	0.490243	4.789001
18162	-2130.753	-2283.142	152.3894	0.9437681	0.3979671	0.603034	0.396966	4.542665
18168	-2130.706	-2282.951	152.2452	0.9609049	0.4674328	0.683138	0.316862	4.542665
18174	-2131.574	-2284.813	153.2384	0.9021612	0.4674328	0.5578	0.4422	4.013528
18180	-2124.238	-2277.468	153.2299	1.054159	0.4674328	0.630627	0.369373	3.931437
18186	-2130.69	-2284.239	153.5491	1.135669	0.2724803	0.617247	0.382753	3.931437
18192	-2126.761	-2280.274	153.5136	1.095677	0.30405	0.617247	0.382753	3.931437
18198	-2123.632	-2276.577	152.9448	0.9801067	0.2974956	0.701841	0.298159	4.329475
18204	-2140.593	-2293.456	152.8628	1.004887	0.2876822	0.629942	0.370058	4.374906
18210	-2135.676	-2288.56	152.8838	1.056905	0.2876822	0.566015	0.433985	4.333658
18216	-2154.005	-2305.473	151.4681	0.971507	0.3099515	0.639971	0.360029	5.143922
18222	-2148.921	-2302.799	153.8775	1.074509	0.3563438	0.70549	0.29451	3.668089
18228	-2153.408	-2307.563	154.1549	1.091081	0.3812466	0.60574	0.39426	3.467652
18234	-2145.914	-2300.213	154.2987	1.325586	0.5773229	0.600627	0.399373	3.045345
18240	-2136.316	-2289.138	152.8219	1.201534	0.6484796	0.58051	0.41949	3.921211
18246	-2141.182	-2293.982	152.7998	1.201534	0.4992414	0.575729	0.424271	4.062284
18252	-2142.629	-2295.431	152.8017	1.192315	0.4749809	0.584554	0.415446	4.089725
18258	-2137.859	-2291.32	153.4615	0.993363	0.3764432	0.659208	0.340792	3.930707
18264	-2143.663	-2297.953	154.2901	1.191802	0.392194	0.659208	0.340792	3.316629
18270	-2145.688	-2300.595	154.9065	1.486649	0.278948	0.668775	0.331225	2.920684
18276	-2136.33	-2289.805	153.4745	1.300819	0.43494	0.611054	0.388946	3.681898
18282	-2140.697	-2293.657	152.9604	0.902583	0.4824139	0.66867	0.33133	4.157059
18288	-2140.807	-2293.796	152.9888	1.107282	0.3578423	0.610464	0.389536	4.157059
18294	-2148.427	-2300.654	152.2271	1.083225	0.3519978	0.591058	0.408942	4.60751
18300	-2138.116	-2292.753	154.637	1.400759	0.6526176	0.66813	0.33187	2.730177
18306	-2148.512	-2303.856	155.3438	1.173072	0.4526282	0.652397	0.347603	2.626332
18312	-2130.277	-2285.86	155.5825	1.21473	0.372948	0.565148	0.434852	2.545874
18318	-2132.335	-2286.362	154.0267	1.21473	0.2789442	0.446707	0.553293	3.601331
18324	-2132.036	-2285.476	153.4396	1.088477	0.2907636	0.648147	0.351853	3.995711
18330	-2123.056	-2277.064	154.0076	1.204308	0.2837337	0.657856	0.342144	3.611722
18336	-2122.583	-2276.518	153.9345	1.204308	0.3150332	0.536362	0.463638	3.611722
18342	-2129.043	-2283.179	154.1361	1.163417	0.3222947	0.639968	0.360032	3.508764
18348	-2134.913	-2289.156	154.2435	1.297676	0.3729834	0.45778	0.54222	3.304216
18354	-2134.892	-2287.306	152.4136	1.06071	0.4634622	0.737388	0.262612	4.395597
18360	-2128.881	-2282.126	153.245	0.9844656	0.3118165	0.598581	0.401419	4.138056
18366	-2124.594	-2277.902	153.3075	1.050465	0.2584956	0.565587	0.434413	4.138056
18372	-2125.903	-2278.645	152.7417	1.050465	0.576112	0.565587	0.434413	4.112537
18378	-2130.168	-2282.232	152.0641	1.098609	0.3843327	0.646491	0.353509	4.653289
18384	-2140.943	-2294.383	153.4394	1.292571	0.3962519	0.462399	0.537601	3.748932
18390	-2134.596	-2288.547	153.9504	1.124004	0.3406584	0.693704	0.306296	3.616404
18396	-2143.344	-2297.394	154.0501	1.315624	0.5214874	0.620196	0.379804	3.250442
18402	-2148.602	-2302.061	153.4587	1.421286	0.7908482	0.599157	0.400843	3.318511
18408	-2133.537	-2289.52	155.9833	1.487185	0.2747409	0.599157	0.400843	2.25866
18414	-2147.366	-2302.307	154.9404	1.479066	0.4032553	0.534072	0.465928	2.742054
18420	-2158.619	-2315.474	156.8546	1.82958	0.3667464	0.740335	0.259665	1.255037
18426	-2144.842	-2300.537	155.695	1.463469	0.5296562	0.526324	0.473676	2.138126
18432	-2146.875	-2302.23	155.3556	1.5503	0.5296562	0.560313	0.439687	2.301179
18438	-2141.957	-2297.798	155.8406	1.5503	0.4045621	0.61189	0.38811	2.128394
18444	-2142.017	-2298.32	156.3032	1.536537	0.4045621	0.461903	0.538097	1.827882
18450	-2140.254	-2296.516	156.262	1.577767	0.4045621	0.529427	0.470573	1.827882
18456	-2146.122	-2302.411	156.2886	1.553003	0.4045621	0.559411	0.440589	1.826586
18462	-2134.684	-2290.967	156.2825	1.560198	0.5233512	0.594529	0.405471	1.680694
18468	-2141.392	-2297.55	156.1583	1.58489	0.5881343	0.683629	0.316371	1.680694
18474	-2130.954	-2284.811	153.8568	1.044267	0.3428289	0.652323	0.347677	3.714074
18480	-2129.709	-2283.385	153.6758	1.068812	0.4213835	0.637226	0.362774	3.714074
18486	-2143.094	-2295.868	152.7744	1.189054	0.2275075	0.603361	0.396639	4.408144
18492	-2134.1	-2287.458	153.3582	1.187861	0.235077	0.603361	0.396639	4.066085
18498	-2126.719	-2281.714	154.9959	1.236271	0.4786405	0.715548	0.284452	2.773275
18504	-2134.495	-2290.406	155.9109	1.30488	0.3959762	0.705177	0.294823	2.252614
18510	-2143.635	-2299.517	155.8818	1.498654	0.3170394	0.498255	0.501745	2.252614
18516	-2147.634	-2303.382	155.7481	1.532587	0.5376141	0.625013	0.374987	2.049566
18522	-2138.521	-2293.738	155.2175	1.615275	0.8811788	0.625013	0.374987	2.049566
18528	-2125.098	-2281.231	156.1331	1.399657	0.4833508	0.642781	0.357219	1.9404
18534	-2126.887	-2283.197	156.3101	1.50947	0.5089529	0.639039	0.360961	1.713545
18540	-2127.92	-2283.564	155.6441	1.446967	0.4175378	0.666768	0.333232	2.306174
18546	-2123.144	-2278.537	155.3934	1.397738	0.6452107	0.602277	0.397723	2.265223
18552	-2135.79	-2291.034	155.2445	1.360874	0.5036438	0.642006	0.357994	2.51734
18558	-2130.745	-2285.164	154.419	1.208155	0.5407677	0.642006	0.357994	3.077073
18564	-2143.687	-2296.556	152.8685	1.208155	0.8726409	0.549622	0.450378	3.731999
18570	-2127.605	-2281.188	153.5835	1.191955	0.3889854	0.62646	0.37354	3.731999
18576	-2126.055	-2279.746	153.6915	1.151643	0.3397651	0.62646	0.37354	3.751288
18582	-2144.085	-2296.41	152.3256	1.072023	0.3566348	0.699483	0.300517	4.553063
18588	-2135.955	-2289.137	153.1817	0.8291826	0.4282602	0.575577	0.424423	4.127296
18594	-2123.514	-2276.231	152.7172	0.91918	0.4282602	0.609296	0.390704	4.33963
18600	-2136.744	-2291.108	154.3642	1.189559	0.4129647	0.595632	0.404368	3.250768
18606	-2142.321	-2297.082	154.7607	1.081884	0.3802042	0.606665	0.393335	3.117138
18612	-2138.559	-2292.488	153.929	1.081884	0.2903703	0.552451	0.447549	3.718882
18618	-2153.821	-2306.406	152.5845	0.8516154	0.2946257	0.681459	0.318541	4.60846
18624	-2135.872	-2288.141	152.2689	0.8920849	0.4270966	0.657054	0.342946	4.60846
18630	-2138.607	-2291.75	153.1431	0.9420137	0.2420111	0.615339	0.384661	4.317198
18636	-2129.645	-2281.156	151.5108	0.9237491	0.3414402	0.615339	0.384661	5.108138
18642	-2128.472	-2281.49	153.0177	1.060564	0.4173195	0.615339	0.384661	4.100506
18648	-2126.776	-2279.667	152.8917	1.013491	0.3899715	0.583036	0.416964	4.228622
18654	-2133.712	-2286.656	152.9441	1.109856	0.3994719	0.65195	0.34805	4.13365
18660	-2145.205	-2299.838	154.633	1.225051	0.4656761	0.68359	0.31641	3.012942
18666	-2150.198	-2305.585	155.3869	1.225051	0.4282641	0.519801	0.480199	2.594727
18672	-2142.034	-2297.182	155.1472	1.309929	0.5840876	0.644775	0.355225	2.531534
18678	-2142.415	-2297.464	155.0497	1.329444	0.6384018	0.69644	0.30356	2.531534
18684	-2129.78	-2283.368	153.5875	1.325097	1.186856	0.611573	0.388427	3.060357
18690	-2134.179	-2286.191	152.0117	1.164938	1.186856	0.638312	0.361688	4.071011
18696	-2127.179	-2282.501	155.3216	1.200979	0.3661614	0.636007	0.363993	2.723887
18702	-2117.535	-2271.3	153.7651	1.143605	0.4119897	0.547282	0.452718	3.629261
18708	-2122.537	-2276.449	153.9116	1.054567	0.3439976	0.47654	0.52346	3.674937
18714	-2116.973	-2269.65	152.677	0.997349	0.2993708	0.7253	0.2747	4.468358
18720	-2118.083	-2271.702	153.6191	0.9042168	0.4744336	0.673964	0.326036	3.787114
18726	-2114.54	-2267.276	152.7359	1.014748	0.3770032	0.567603	0.432397	4.330712
18732	-2128.359	-2282.049	153.6901	1.138787	0.3727692	0.585459	0.414541	3.719824
18738	-2132.251	-2285.942	153.6911	1.210153	0.3331978	0.518403	0.481597	3.725906
18744	-2134.535	-2289.54	155.005	1.163586	0.2751826	0.537724	0.462276	3.061049
18750	-2144.245	-2300.462	156.2174	1.527228	0.3316177	0.429826	0.570174	1.993164
18756	-2139.312	-2296.222	156.9105	1.527228	0.364376	0.515004	0.484996	1.45443
18762	-2148.19	-2304.13	155.9406	1.565941	0.3008912	0.696374	0.303626	2.195069
18768	-2153.851	-2309.153	155.3022	1.160246	0.3564777	0.568107	0.431893	2.772864
18774	-2149.078	-2305.118	156.0408	1.445125	0.4528817	0.665472	0.334528	2.007146
18780	-2151.29	-2307.361	156.0711	1.445125	0.4528817	0.59113	0.40887	1.986901
18786	-2140.285	-2296.319	156.0335	1.388002	0.4593314	0.706475	0.293525	2.042336
18792	-2136.802	-2294.028	157.2262	1.592082	0.2579174	0.544434	0.455566	1.347724
18798	-2146.167	-2302.665	156.4978	1.505147	0.3640058	0.47178	0.52822	1.770489
18804	-2138.78	-2292.302	153.522	1.03819	0.3704516	0.520812	0.479188	3.877229
18810	-2136.471	-2289.033	152.5615	1.303485	0.4045078	0.551469	0.448531	4.235466
18816	-2140.151	-2292.844	152.6926	1.105241	0.4406755	0.455809	0.544191	4.235466
18822	-2152.553	-2308.317	155.7643	1.67449	0.625066	0.604069	0.395931	1.855825
18828	-2142.063	-2298.863	156.7996	1.6413	0.3574833	0.63373	0.36627	1.462817
18834	-2133.646	-2287.878	154.2314	1.149123	0.3170591	0.622386	0.377614	3.468307
18840	-2134.375	-2289.458	155.0833	1.237113	0.3550784	0.657553	0.342447	2.86095
18846	-2143.265	-2297.991	154.7255	1.245453	0.3550784	0.618728	0.381272	3.071128
18852	-2143.099	-2295.556	152.457	1.082013	0.3529096	0.583141	0.416859	4.477936
18858	-2152.858	-2303.344	150.4858	0.9159533	0.2175838	0.583141	0.416859	5.843884
18864	-2138.128	-2290.464	152.3363	1.092137	0.2713507	0.605817	0.394183	4.644306
18870	-2131.211	-2285.734	154.5232	1.084433	0.3455668	0.632772	0.367228	3.298509
18876	-2146.838	-2301.023	154.1854	1.341174	0.2704086	0.724627	0.275373	3.44743
18882	-2169.061	-2320.302	151.2405	1.219258	0.2457714	0.550416	0.449584	5.219824
18888	-2148.349	-2299.409	151.0602	1.029771	0.4125651	0.64772	0.35228	5.219824
18894	-2145.502	-2299.581	154.0792	1.138197	0.3770479	0.510233	0.489767	3.489257
18900	-2123.229	-2276.81	153.5813	1.092255	0.3749119	0.55262	0.44738	3.806882
18906	-2118.903	-2272.472	153.5696	1.092255	0.3749119	0.55262	0.44738	3.813598
18912	-2130.1	-2283.756	153.6563	1.312918	0.5742996	0.55262	0.44738	3.435415
18918	-2129.542	-2284.88	155.3376	1.30188	0.3776516	0.584912	0.415088	2.637735
18924	-2122.605	-2278.077	155.472	1.53992	0.4400195	0.660971	0.339029	2.330261
18930	-2133.562	-2289.036	155.4748	1.53992	0.3334138	0.635959	0.364041	2.461712
18936	-2127.583	-2282.673	155.0901	1.477687	0.5847157	0.644705	0.355295	2.461712
18942	-2142.507	-2296.711	154.2039	1.462644	0.2549046	0.62874	0.37126	3.388444
18948	-2141.612	-2295.503	153.8906	1.298355	0.2786191	0.569612	0.430388	3.632205
18954	-2143.772	-2297.07	153.2977	0.9862339	0.3179628	0.5303	0.4697	4.099167
18960	-2129.475	-2282.632	153.1576	0.9256905	0.4084078	0.545713	0.454287	4.107221
18966	-2136.075	-2290.638	154.5634	1.192314	0.6421248	0.545713	0.454287	2.910393
18972	-2129.421	-2283.48	154.0592	1.175981	0.3368307	0.722938	0.277062	3.527705
18978	-2128.659	-2282.651	153.992	1.175981	0.3368307	0.700524	0.299476	3.566825
18984	-2140.188	-2293.313	153.1249	1.141523	0.319482	0.626387	0.373613	4.107172
18990	-2130.079	-2285.767	155.6878	1.398532	0.319482	0.57263	0.42737	2.436071
18996	-2125.358	-2280	154.642	1.327514	0.4185461	0.691036	0.308964	2.997006
19002	-2133.414	-2286.979	153.5652	1.178596	0.2745116	0.680938	0.319062	3.894745
19008	-2161.891	-2315.211	153.3201	1.247354	0.3254113	0.716069	0.283931	3.927776
19014	-2144.517	-2299.131	154.6138	1.231626	0.3998248	0.525075	0.474925	3.092512
19020	-2153.268	-2307.452	154.1839	1.07712	0.3424049	0.617344	0.382656	3.505665
19026	-2145.353	-2299.491	154.1383	1.07712	0.3606039	0.53011	0.46989	3.509964
19032	-2133.099	-2287.245	154.1459	1.07712	0.3569213	0.538054	0.461946	3.509964
19038	-2148.689	-2302.921	154.2323	1.01217	0.3467153	0.670952	0.329048	3.509964
19044	-2138.661	-2293.834	155.1728	1.090441	0.5158899	0.585038	0.414962	2.716466
19050	-2133.916	-2288.283	154.3662	1.257974	0.4951913	0.516513	0.483487	3.122689
19056	-2137.492	-2291.038	153.5456	1.15771	0.4059498	0.700591	0.299409	3.754678
19062	-2138.668	-2292.187	153.5191	1.184202	0.4059498	0.555089	0.444911	3.754678
19068	-2137.676	-2291.537	153.8609	1.175103	0.3162783	0.625797	0.374203	3.669701
19074	-2144.528	-2297.025	152.4971	0.937073	0.4250325	0.642496	0.357504	4.457114
19080	-2145.952	-2298.978	153.0263	1.086842	0.4007385	0.638704	0.361296	4.098585
19086	-2139.356	-2292.684	153.3286	1.052461	0.3752914	0.587989	0.412011	3.974258
19092	-2127.358	-2280.885	153.5269	1.234383	0.2155361	0.692802	0.307198	3.974258
19098	-2132.214	-2286.477	154.2628	1.171129	0.2656108	0.692802	0.307198	3.508543
19104	-2128.546	-2282.939	154.3935	1.27368	0.2902279	0.649596	0.350404	3.336669
19110	-2133.804	-2289.242	155.4378	1.373745	0.3285956	0.649577	0.350423	2.594919
19116	-2147.017	-2302.57	155.5532	1.373745	0.2948474	0.568775	0.431225	2.570982
19122	-2141.777	-2297.53	155.753	1.394893	0.344562	0.651877	0.348123	2.362581
19128	-2149.296	-2304.559	155.2625	1.394893	0.5669179	0.651877	0.348123	2.422146
19134	-2145.512	-2300.988	155.4754	1.394893	0.5326281	0.594924	0.405076	2.320883
19140	-2139.078	-2294.492	155.4138	1.357726	0.4170232	0.594924	0.405076	2.508444
19146	-2135.521	-2290.084	154.5635	1.239401	0.3490249	0.572711	0.427289	3.178742
19152	-2143.673	-2296.286	152.6132	0.89163	0.4558773	0.632713	0.367287	4.385886
19158	-2130.354	-2281.978	151.6239	0.9320384	0.3722114	0.632713	0.367287	5.005277
19164	-2127.745	-2280.127	152.3815	0.958546	0.2989272	0.622438	0.377562	4.65664
19170	-2128.413	-2280.552	152.1383	0.9562396	0.2381228	0.665563	0.334437	4.878855
19176	-2137.864	-2290.081	152.2169	1.059372	0.2909419	0.579586	0.420414	4.702866
19182	-2132.976	-2285.406	152.4308	1.045339	0.2142638	0.60194	0.39806	4.702866
19188	-2138.04	-2291.11	153.0699	0.9924155	0.3618828	0.689951	0.310049	4.171511
19194	-2140.302	-2294.803	154.501	1.305827	0.3480808	0.718496	0.281504	3.177592
19200	-2135.219	-2289.447	154.2277	1.229353	0.3657853	0.575409	0.424591	3.362299
19206	-2143.994	-2298.549	154.5542	1.19491	0.375273	0.779777	0.220223	3.178528
19212	-2153.64	-2307.234	153.5944	1.250728	0.3702956	0.627772	0.372228	3.713325
19218	-2154.871	-2308.752	153.8805	1.2532	0.3555554	0.628738	0.371262	3.563622
19224	-2138.489	-2292.976	154.4867	1.218849	0.3555554	0.68691	0.31309	3.228263
19230	-2137.523	-2292.606	155.083	1.19644	0.316928	0.558778	0.441222	2.935659
19236	-2123.477	-2278.386	154.9092	1.181062	0.2387897	0.680055	0.319945	3.163495
19242	-2132.308	-2287.237	154.9291	1.246382	0.2387897	0.655855	0.344145	3.112806
19248	-2144.105	-2298.869	154.7638	1.264895	0.4818745	0.637092	0.362908	2.893483
19254	-2155.302	-2309.833	154.5306	1.324318	0.3987215	0.745457	0.254543	3.088081
19260	-2154.346	-2309.805	155.4589	1.336325	0.3515599	0.649548	0.350452	2.574452
19266	-2143.759	-2299.589	155.8298	1.399093	0.3951757	0.571918	0.428082	2.245135
19272	-2141.763	-2296.506	154.7433	1.222111	0.449841	0.650711	0.349289	2.965192
19278	-2145.022	-2300.136	155.1145	1.213631	0.2753399	0.559445	0.440555	2.965192
19284	-2131.573	-2286.628	155.0549	1.266844	0.5800354	0.493786	0.506214	2.619218
19290	-2130.765	-2286.478	155.7134	1.431416	0.4817604	0.509233	0.490767	2.1981
19296	-2127.462	-2282.761	155.2984	1.451437	0.6682226	0.494057	0.505943	2.271594
19302	-2126.98	-2279.28	152.3006	1.080022	0.2118669	0.574136	0.425864	4.760078
19308	-2123.111	-2276.503	153.3929	1.082766	0.3980935	0.605995	0.394005	3.894331
19314	-2124.897	-2278.588	153.6912	1.138149	0.2858996	0.625726	0.374274	3.829646
19320	-2131.855	-2285.206	153.3511	1.064462	0.376071	0.603151	0.396849	3.953625
19326	-2137.375	-2290.951	153.5758	1.073518	0.2711517	0.50481	0.49519	3.953625
19332	-2145.787	-2300.974	155.1865	1.369444	0.4436626	0.50481	0.49519	2.612043
19338	-2148.438	-2303.593	155.1548	1.396101	0.4436626	0.721326	0.278674	2.615132
19344	-2128.101	-2283.878	155.7776	1.311026	0.3937134	0.632088	0.367912	2.336697
19350	-2130.583	-2286.189	155.6063	1.448485	0.3514125	0.632088	0.367912	2.412344
19356	-2145.123	-2300.811	155.6884	1.305045	0.381383	0.451353	0.548647	2.412344
19362	-2141.156	-2295.678	154.5222	1.447413	0.2651062	0.527135	0.472865	3.19442
19368	-2139.344	-2295.472	156.1275	1.447413	0.2651062	0.65212	0.34788	2.206831
19374	-2138.312	-2294.264	155.9523	1.350726	0.2730435	0.57233	0.42767	2.368162
19380	-2135.211	-2290.414	155.2025	1.427973	0.2982338	0.550261	0.449739	2.748646
19386	-2134.433	-2289.659	155.2254	1.351043	0.4666178	0.673911	0.326089	2.574246
19392	-2135.461	-2290.095	154.6346	1.257178	0.4338707	0.627064	0.372936	3.026655
19398	-2148.346	-2300.924	152.5785	1.036343	0.5074824	0.594905	0.405095	4.274146
19404	-2141.833	-2293.506	151.6738	1.036343	0.3912016	0.548579	0.451421	4.898487
19410	-2139.207	-2295.234	156.0267	1.328844	0.3275935	0.535246	0.464754	2.253483
19416	-2134.052	-2289.541	155.4888	1.353128	0.2800595	0.573075	0.426925	2.645454
19422	-2151.178	-2304.606	153.4281	1.175199	0.3278148	0.61191	0.38809	3.904152
19428	-2144.222	-2298.586	154.3637	1.253331	0.3170796	0.634001	0.365999	3.329627
19434	-2141.027	-2295.682	154.6548	1.2253	0.2132682	0.506337	0.493663	3.329627
19440	-2128.432	-2281.86	153.4283	1.067909	0.3968787	0.62533	0.37467	3.883898
19446	-2130.626	-2283.561	152.9343	1.142293	0.3504344	0.658697	0.341303	4.176952
19452	-2126.744	-2280.897	154.1528	1.365354	0.3425763	0.594661	0.405339	3.354921
19458	-2136.624	-2292.063	155.4386	1.468545	0.3425763	0.538481	0.461519	2.516676
19464	-2128.112	-2282.392	154.2801	1.137357	0.3404983	0.59143	0.40857	3.416616
19470	-2129.162	-2283.456	154.294	1.191903	0.3095615	0.59143	0.40857	3.416616
19476	-2137.2	-2289.319	152.119	1.082107	0.4548773	0.662971	0.337029	4.557835
19482	-2143.973	-2297.464	153.491	1.051924	0.3099018	0.602834	0.397166	3.961752
19488	-2147.237	-2300.781	153.5446	1.156532	0.4163426	0.567733	0.432267	3.744619
19494	-2125.445	-2278.744	153.299	0.9860347	0.3434628	0.672684	0.327316	4.066755
19500	-2128.3	-2279.741	151.4411	1.134696	0.6164743	0.541752	0.458248	4.764881
19506	-2130.233	-2283.78	153.5467	0.9399406	0.3266999	0.648746	0.351254	3.972408
19512	-2131.853	-2286.198	154.3454	1.429412	0.39904	0.648746	0.351254	3.135461
19518	-2138.883	-2293.327	154.4446	1.283107	0.4323601	0.55922	0.44078	3.126248
19524	-2134.608	-2289.181	154.5735	1.123406	0.2641976	0.571645	0.428355	3.356723
19530	-2137.617	-2291.582	153.965	1.123406	0.3849199	0.535832	0.464168	3.555304
19536	-2143.515	-2297.172	153.6564	1.139215	0.4041363	0.569207	0.430793	3.703394
19542	-2128.701	-2282.459	153.7586	1.143071	0.3512295	0.647931	0.352069	3.703394
19548	-2130.859	-2285.522	154.6634	1.035487	0.3512295	0.686311	0.313689	3.237592
19554	-2126.595	-2280.262	153.6666	1.043872	0.3512295	0.616665	0.383335	3.813665
19560	-2133.457	-2289.014	155.5571	1.288302	0.3141619	0.624776	0.375224	2.593913
19566	-2148.417	-2302.946	154.5292	1.183488	0.3141619	0.64659	0.35341	3.277143
19572	-2130.534	-2285.447	154.9137	1.213839	0.4126598	0.658785	0.341215	2.908517
19578	-2136.966	-2292.217	155.2511	1.317033	0.4158518	0.538117	0.461883	2.636032
19584	-2133.031	-2288.105	155.0736	1.323845	0.5314154	0.688513	0.311487	2.618589
19590	-2138.332	-2292.194	153.8613	1.107575	0.5539244	0.507016	0.492984	3.453705
19596	-2139.41	-2292.397	152.9863	0.9538196	0.3029223	0.516519	0.483481	4.313725
19602	-2141.333	-2296.968	155.6346	1.239027	0.2587331	0.653412	0.346588	2.658753
19608	-2143.262	-2298.239	154.9766	1.239027	0.4703604	0.645233	0.354767	2.792001
19614	-2133.073	-2287.235	154.1612	1.128983	0.4180484	0.657641	0.342359	3.400275
19620	-2139.393	-2291.839	152.4462	0.893931	0.3503669	0.66091	0.33909	4.592684
19626	-2139.819	-2292.256	152.4368	0.9033184	0.3503669	0.490315	0.509685	4.592684
19632	-2138.903	-2291.279	152.3762	0.9639251	0.3503669	0.504063	0.495937	4.592684
19638	-2134.544	-2286.727	152.1832	0.9542811	0.4557284	0.563089	0.436911	4.592684
19644	-2129.5	-2282.103	152.6033	1.046346	0.3257568	0.672877	0.327123	4.448545
19650	-2126.568	-2279.569	153.0015	1.028679	0.3677392	0.586556	0.413444	4.182928
19656	-2129.514	-2282.515	153.0009	0.9280144	0.4196998	0.567741	0.432259	4.182928
19662	-2129.939	-2284.09	154.1509	1.080974	0.4280493	0.567741	0.432259	3.423545
19668	-2147.11	-2300.581	153.471	1.078933	0.3415249	0.599478	0.400522	3.917675
19674	-2144.064	-2297.541	153.477	0.975594	0.3890506	0.612907	0.387093	3.917675
19680	-2137.408	-2289.972	152.5634	0.9045817	0.3496604	0.612907	0.387093	4.5217
19686	-2138.527	-2291.088	152.5604	1.013605	0.2635798	0.589878	0.410122	4.573628
19692	-2125.505	-2277.837	152.3313	1.049674	0.4933256	0.589878	0.410122	4.419497
19698	-2129.661	-2283.308	153.6469	1.281592	0.2942054	0.561821	0.438179	3.761198
19704	-2133.035	-2285.775	152.7401	1.060724	0.4705545	0.560591	0.439409	4.203885
19710	-2130.89	-2283.704	152.8148	0.9826559	0.4724859	0.631082	0.368918	4.203885
19716	-2131.659	-2284.687	153.0281	1.080262	0.3774212	0.713834	0.286166	4.127378
19722	-2126.664	-2279.737	153.0729	1.035487	0.3774212	0.686153	0.313847	4.127378
19728	-2125.46	-2278.708	153.248	1.022543	0.3021168	0.686153	0.313847	4.127378
19734	-2121.001	-2274.69	153.6888	1.079485	0.3681613	0.576054	0.423946	3.760178
19740	-2118.035	-2272.366	154.3317	1.079485	0.3735075	0.452938	0.547062	3.380021
19746	-2120.355	-2273.712	153.3567	1.079485	0.3625517	0.703648	0.296352	3.957585
19752	-2136.764	-2289.892	153.1278	1.118111	0.6274879	0.652053	0.347947	3.810216
19758	-2128.847	-2282.527	153.6802	1.130143	0.5674122	0.578513	0.421487	3.534242
19764	-2134.708	-2288.612	153.9037	1.328746	0.3328902	0.697447	0.302553	3.534242
19770	-2136.802	-2292.589	155.7869	1.705623	0.5456303	0.609031	0.390969	1.899354
19776	-2135.708	-2291.634	155.9266	1.505741	0.4029711	0.619753	0.380247	2.103248
19782	-2136.374	-2290.724	154.3499	1.296897	0.2380115	0.737559	0.262441	3.426146
19788	-2136.844	-2291.271	154.4266	1.119373	0.277295	0.508775	0.491225	3.426146
19794	-2129.507	-2283.396	153.8886	1.07711	0.3778386	0.589504	0.410496	3.634754
19800	-2143.735	-2299.097	155.3621	1.173758	0.3073176	0.453945	0.546055	2.793564
19806	-2143.584	-2297.44	153.8566	1.060855	0.2980695	0.630108	0.369892	3.762341
19812	-2144.784	-2298.693	153.9091	1.18163	0.2296524	0.531625	0.468375	3.762341
19818	-2131.376	-2284.194	152.8181	1.239737	0.520213	0.683477	0.316523	4.010464
19824	-2123.15	-2276.309	153.159	1.076862	0.5143572	0.590505	0.409495	3.914041
19830	-2147.623	-2300.606	152.9824	1.318459	0.354794	0.590505	0.409495	4.044102
19836	-2143.503	-2297.74	154.2361	1.226609	0.4925322	0.459628	0.540372	3.221148
19842	-2138.222	-2291.437	153.2148	1.320334	0.3862813	0.572355	0.427645	3.873423
19848	-2145.75	-2298.856	153.106	1.104011	0.2246396	0.685279	0.314721	4.273322
19854	-2128.212	-2281.25	153.0376	1.164171	0.2276058	0.678727	0.321273	4.273322
19860	-2133.92	-2289.06	155.1403	1.252224	0.3164745	0.445584	0.554416	2.867966
19866	-2137.128	-2292.562	155.4339	1.359273	0.2891587	0.524829	0.475171	2.662019
19872	-2136.173	-2290.97	154.7967	1.369608	0.3802197	0.628502	0.371498	2.923142
19878	-2145.946	-2300.066	154.1208	1.245839	0.4126554	0.59956	0.40044	3.361358
19884	-2160.749	-2316.131	155.3815	1.351337	0.6302625	0.625929	0.374071	2.315868
19890	-2142.461	-2296.982	154.521	1.264686	0.2697858	0.625929	0.374071	3.296235
19896	-2145.394	-2300.76	155.3659	1.163554	0.3614745	0.616671	0.383329	2.725549
19902	-2141.253	-2295.586	154.3332	1.188404	0.3659253	0.647407	0.352593	3.324168
19908	-2141.353	-2295.36	154.0072	1.131287	0.3659253	0.640739	0.359261	3.548394
19914	-2132.228	-2285.978	153.7502	1.097125	0.2989793	0.62304	0.37696	3.801511
19920	-2130.247	-2282.532	152.2855	1.103324	0.5404319	0.62304	0.37696	4.372127
19926	-2136.191	-2290.603	154.4119	1.102708	0.2848226	0.62304	0.37696	3.433794
19932	-2143.736	-2297.864	154.1276	0.9572119	0.3297438	0.612337	0.387663	3.624041
19938	-2130.421	-2283.955	153.5339	1.006843	0.5471951	0.588556	0.411444	3.708591
19944	-2131.565	-2285.255	153.69	1.258169	0.3255002	0.602593	0.397407	3.708591
19950	-2127.929	-2282.92	154.9912	1.107076	0.3775355	0.591414	0.408586	2.967308
19956	-2151.419	-2303.364	151.9451	0.9861926	0.466111	0.653096	0.346904	4.698079
19962	-2129.965	-2282.988	153.0232	0.9918512	0.3239781	0.565563	0.434437	4.244293
19968	-2127.501	-2281.81	154.3091	1.172125	0.3622694	0.565563	0.434437	3.352345
19974	-2136.022	-2289.45	153.4276	1.142063	0.4514988	0.655231	0.344769	3.783415
19980	-2139.752	-2294.648	154.8954	1.193172	0.3353592	0.627387	0.372613	3.025838
19986	-2140.964	-2294.829	153.8644	1.224813	0.3603481	0.616922	0.383078	3.583687
19992	-2133.866	-2288.517	154.6511	1.248955	0.3368659	0.616922	0.383078	3.136468
19998	-2132.528	-2288.353	155.8249	1.337388	0.4252964	0.632425	0.367575	2.25129
20004	-2150.631	-2304.514	153.8829	1.278371	0.5647675	0.606606	0.393394	3.331189
20010	-2142.954	-2296.976	154.022	1.152505	0.34058	0.563218	0.436782	3.558306
20016	-2142.387	-2293.902	151.5144	1.009393	0.3980213	0.563218	0.436782	4.994788
20022	-2136.635	-2289.73	153.0953	0.979486	0.2839582	0.563218	0.436782	4.262881
20028	-2129.398	-2282.29	152.8919	1.1348	0.3043387	0.609305	0.390695	4.262881
20034	-2143.731	-2298.49	154.759	1.3713	0.3956831	0.728416	0.271584	2.926474
20040	-2145.673	-2298.653	152.9798	0.9850573	0.3622141	0.536952	0.463048	4.22643
20046	-2138.38	-2291.844	153.4641	1.034733	0.2657814	0.536952	0.463048	4.047266
20052	-2151.786	-2307.199	155.4138	1.19493	0.2944042	0.577712	0.422288	2.767409
20058	-2149.882	-2305.519	155.6372	1.305777	0.4451626	0.71797	0.28203	2.368188
20064	-2135.031	-2291.077	156.0465	1.32277	0.4315031	0.516575	0.483425	2.109557
20070	-2133.16	-2289.174	156.0135	1.597473	0.4319997	0.618436	0.381564	1.948554
20076	-2139.54	-2295.283	155.7428	1.578665	0.5888816	0.692752	0.307248	1.970556
20082	-2139.696	-2293.647	153.9515	1.12784	0.4561401	0.624397	0.375603	3.48314
20088	-2146.565	-2299.824	153.2586	1.000369	0.4723814	0.503518	0.496482	3.940925
20094	-2139.242	-2292.865	153.6232	1.000369	0.288128	0.725986	0.274014	3.944668
20100	-2149.22	-2304	154.7804	1.055465	0.3379541	0.64922	0.35078	3.17319
20106	-2137.58	-2290.751	153.1706	1.03035	0.2811868	0.548982	0.451018	4.195145
20112	-2121.876	-2274.971	153.0951	0.9558848	0.349793	0.679153	0.320847	4.19224
20118	-2126.326	-2280.239	153.9134	1.064399	0.3589418	0.578507	0.421493	3.650054
20124	-2134.267	-2289.84	155.573	1.181262	0.3493041	0.557163	0.442837	2.60281
20130	-2135.544	-2290.909	155.3647	1.248644	0.4204523	0.604019	0.395981	2.60281
20136	-2141.757	-2296.046	154.289	1.280041	0.3977735	0.535206	0.464794	3.258856
20142	-2145.981	-2299.817	153.8357	1.195764	0.3977735	0.605787	0.394213	3.573811
20148	-2150.38	-2304.952	154.5715	1.042873	0.363051	0.700704	0.299296	3.273008
20154	-2136.363	-2290.761	154.3977	1.128148	0.2580166	0.607039	0.392961	3.466135
20160	-2126.03	-2279.648	153.6185	1.128148	0.3404625	0.500902	0.499098	3.806001
20166	-2121.016	-2276.025	155.0092	1.343074	0.3298113	0.533999	0.466001	2.874359
20172	-2139.292	-2294.045	154.7529	1.343074	0.4611725	0.666882	0.333118	2.874359
20178	-2153.263	-2308.082	154.8186	1.343074	0.492771	0.666882	0.333118	2.801719
20184	-2131.332	-2285.264	153.932	1.168962	0.4616236	0.666882	0.333118	3.464922
20190	-2129.995	-2283.308	153.3133	1.086707	0.3969628	0.519185	0.480815	3.938947
20196	-2141.797	-2294.62	152.8229	1.001162	0.4187338	0.562143	0.437857	4.243413
20202	-2133.024	-2287.074	154.0505	1.004639	0.4104276	0.616694	0.383306	3.545934
20208	-2132.755	-2286.868	154.1133	1.005401	0.3129972	0.661639	0.338361	3.626088
20214	-2134.196	-2287.829	153.633	1.216133	0.2893039	0.701862	0.298138	3.813619
20220	-2135.009	-2289.426	154.4172	1.053184	0.4713903	0.458656	0.541344	3.237852
20226	-2131.869	-2285.685	153.8166	1.117334	0.3092374	0.458656	0.541344	3.737929
20232	-2131.967	-2287.059	155.0912	1.215275	0.3092374	0.718921	0.281079	2.929873
20238	-2137.633	-2292.327	154.6941	1.476561	0.4948665	0.68604	0.31396	2.794136
20244	-2127.953	-2284.042	156.0885	1.476561	0.3453923	0.573047	0.426953	2.092396
20250	-2138.481	-2292.968	154.4862	1.268855	0.3203361	0.589038	0.410962	3.243958
20256	-2145.363	-2299.998	154.6345	1.308712	0.3779533	0.695612	0.304388	3.059758
20262	-2148.384	-2303.233	154.8493	1.33769	0.3495345	0.654029	0.345971	2.948542
20268	-2130.827	-2285.298	154.4713	1.33769	0.392126	0.615108	0.384892	3.123106
20274	-2135.3	-2289.473	154.1732	1.503671	0.3682115	0.599497	0.400503	3.229835
20280	-2142.073	-2295.633	153.5597	1.325303	0.5745112	0.699287	0.300713	3.484432
20286	-2143.857	-2297.544	153.6867	1.194235	0.2571794	0.657251	0.342749	3.841037
20292	-2143.256	-2297.39	154.1344	1.336297	0.3071408	0.631229	0.368771	3.428739
20298	-2135.508	-2289.174	153.6665	1.332946	0.5618292	0.613306	0.386694	3.428739
20304	-2129.043	-2283.827	154.7846	1.369197	0.3850849	0.662853	0.337147	2.92485
20310	-2132.901	-2287.158	154.2579	1.310826	0.3203365	0.559374	0.440626	3.353749
20316	-2132.955	-2284.862	151.9064	1.103264	0.2658364	0.700413	0.299587	4.885975
20322	-2138.745	-2291.751	153.0054	1.218498	0.4157453	0.690555	0.309445	4.019156
20328	-2123.597	-2278.486	154.8885	1.215442	0.4309671	0.645079	0.354921	2.902228
20334	-2127.821	-2282.107	154.2865	1.152637	0.4774179	0.511827	0.488173	3.250188
20340	-2136.399	-2290.575	154.1763	1.198797	0.4774179	0.431483	0.568517	3.287981
20346	-2133.404	-2287.775	154.371	1.122122	0.5130993	0.595089	0.404911	3.183067
20352	-2144.332	-2299.819	155.4871	1.293194	0.4229038	0.748707	0.251293	2.496123
20358	-2143.978	-2298.739	154.7605	1.042906	0.3509121	0.63538	0.36462	3.176093
20364	-2134.785	-2288.112	153.3269	1.208126	0.300361	0.633615	0.366385	3.978843
20370	-2140.69	-2293.966	153.2755	1.305642	0.450469	0.677508	0.322492	3.777866
20376	-2146.258	-2298.745	152.4873	1.058133	0.3053107	0.588483	0.411517	4.533097
20382	-2155.18	-2308.394	153.2139	1.129817	0.3374034	0.588071	0.411929	4.040709
20388	-2139.994	-2293.508	153.5142	1.087875	0.2082095	0.588071	0.411929	4.077272
20394	-2138.332	-2291.106	152.7742	1.020632	0.4476319	0.644704	0.355296	4.230092
20400	-2128.358	-2281.236	152.8782	1.069372	0.3675102	0.609386	0.390614	4.230092
20406	-2117.588	-2271.053	153.4647	1.278875	0.2689383	0.682781	0.317219	3.902757
20412	-2120.706	-2275.789	155.0823	1.466624	0.3660918	0.640651	0.359349	2.707817
20418	-2129.397	-2283.87	154.4737	1.390332	0.3893034	0.790039	0.209961	3.093589
20424	-2124.675	-2280.172	155.4977	1.349563	0.4130857	0.658228	0.341772	2.465698
20430	-2129.603	-2283.95	154.3465	1.289084	0.4755683	0.683203	0.316797	3.135579
20436	-2130.143	-2284.662	154.5185	1.252748	0.4007998	0.760661	0.239339	3.135579
20442	-2135.553	-2289.379	153.826	1.178995	0.4299073	0.590521	0.409479	3.553985
20448	-2141.978	-2295.204	153.2259	1.050308	0.3913466	0.616682	0.383318	4.016012
20454	-2138.325	-2293.837	155.5121	1.267157	0.214566	0.765898	0.234102	2.789766
20460	-2139.799	-2293.635	153.836	1.182574	0.3912961	0.630348	0.369652	3.588613
20466	-2137.365	-2289.584	152.2196	1.136075	0.2846951	0.720781	0.279219	4.666823
20472	-2127.785	-2280.695	152.91	1.069197	0.3824801	0.569798	0.430202	4.195072
20478	-2138.782	-2292.324	153.542	1.14425	0.2659321	0.550979	0.449021	3.939931
20484	-2127.525	-2281.258	153.7335	1.011584	0.3725568	0.600803	0.399197	3.768437
20490	-2129.542	-2283.581	154.0388	1.067321	0.3715486	0.56734	0.43266	3.560575
20496	-2125.611	-2279.128	153.5169	1.067321	0.3879883	0.635215	0.364785	3.843301
20502	-2139.748	-2293.601	153.8534	0.9447032	0.2890329	0.635215	0.364785	3.843301
20508	-2144.725	-2297.487	152.7618	0.9189766	0.3462577	0.635215	0.364785	4.405933
20514	-2141.223	-2293.889	152.6662	0.9265856	0.4314469	0.635215	0.364785	4.361005
20520	-2131.059	-2283.754	152.6951	0.9886344	0.3836819	0.648638	0.351362	4.361005
20526	-2136.459	-2289.451	152.992	1.056295	0.3836819	0.701808	0.298192	4.154426
20532	-2139.231	-2293.297	154.0661	1.187291	0.3549333	0.543098	0.456902	3.494658
20538	-2137.586	-2291.822	154.2364	1.187291	0.2793501	0.572035	0.427965	3.494658
20544	-2124.883	-2279.461	154.5782	1.187291	0.4531402	0.53184	0.46816	3.081444
20550	-2129.031	-2284.099	155.0677	1.592638	0.6522458	0.667638	0.332362	2.342612
20556	-2124.812	-2280.633	155.821	1.465614	0.2215377	0.632386	0.367614	2.464094
20562	-2125.552	-2281.808	156.2553	1.779876	0.519126	0.628324	0.371676	1.546086
20568	-2129.805	-2286.776	156.9707	1.702367	0.2085488	0.658539	0.341461	1.561357
20574	-2125.393	-2279.706	154.3127	1.454466	0.2248087	0.584962	0.415038	3.3768
20580	-2120.685	-2274.417	153.7312	0.9741605	0.4214694	0.645621	0.354379	3.736637
20586	-2128.686	-2280.978	152.2915	0.948229	0.2809917	0.596187	0.403813	4.73667
20592	-2121.219	-2273.053	151.8346	0.9027828	0.2359673	0.596187	0.403813	5.080589
20598	-2123.462	-2275.09	151.6279	0.9258931	0.3457981	0.596187	0.403813	5.036831
20604	-2134.385	-2288.867	154.482	1.16629	0.3636389	0.596187	0.403813	3.252263
20610	-2135.165	-2290.098	154.9325	1.247892	0.5172923	0.602523	0.397477	2.76576
20616	-2135.676	-2291.082	155.4055	1.247892	0.3403813	0.583268	0.416732	2.676754
20622	-2134.856	-2289.909	155.0534	1.193038	0.4470618	0.583268	0.416732	2.798152
20628	-2142.734	-2296.813	154.0784	1.144664	0.3482529	0.58809	0.41191	3.520528
20634	-2129.732	-2284.047	154.3153	1.016378	0.2648362	0.690564	0.309436	3.569202
20640	-2133.498	-2286.432	152.9335	0.9583258	0.3771543	0.632974	0.367026	4.250621
20646	-2131.968	-2285.568	153.6008	1.13376	0.4979954	0.633361	0.366639	3.642076
20652	-2133.483	-2286.029	152.5468	0.9626929	0.4275773	0.532341	0.467659	4.412012
20658	-2125.796	-2276.633	150.8368	0.7806888	0.3562241	0.631442	0.368558	5.54179
20664	-2134.206	-2285.115	150.9088	0.8429943	0.2243205	0.70186	0.29814	5.64179
20670	-2139.651	-2292.134	152.4824	0.8429943	0.333653	0.660659	0.339341	4.621019
20676	-2141.265	-2295.417	154.1517	1.053109	0.2679044	0.660659	0.339341	3.638398
20682	-2127.762	-2281.686	153.9239	1.16422	0.3560179	0.639608	0.360392	3.589546
20688	-2132.429	-2287.153	154.7244	1.16387	0.2097353	0.608674	0.391326	3.330858
20694	-2136.859	-2290.291	153.4314	0.9081815	0.3186858	0.62942	0.37058	4.066551
20700	-2146.603	-2299.539	152.9363	1.120088	0.8234171	0.75538	0.24462	3.775756
20706	-2135.465	-2290.031	154.5661	1.265115	0.32984	0.621942	0.378058	3.186404
20712	-2134.334	-2289.01	154.6765	1.134715	0.3390639	0.641728	0.358272	3.186404
20718	-2134.926	-2289.012	154.0859	1.32208	0.3718154	0.635516	0.364484	3.383894
20724	-2142.549	-2294.997	152.448	1.032501	0.3307946	0.577225	0.422775	4.537475
20730	-2134.85	-2288.486	153.6364	1.206992	0.4517964	0.68237	0.31763	3.624898
20736	-2134.556	-2288.153	153.5976	1.174448	0.3427512	0.563549	0.436451	3.788545
20742	-2134.656	-2288.368	153.7123	1.158158	0.4731222	0.563549	0.436451	3.587614
20748	-2135.927	-2288.963	153.036	1.468643	0.1647821	0.563549	0.436451	4.209634
20754	-2117.788	-2272.219	154.4312	1.407653	0.3124735	0.511494	0.488506	3.204824
20760	-2121.789	-2276.997	155.2084	1.598366	0.5220291	0.597248	0.402752	2.371947
20766	-2150.607	-2305.869	155.2612	1.516443	0.5159325	0.719911	0.280089	2.396633
20772	-2131.358	-2286.624	155.2655	1.517758	0.5121259	0.675824	0.324176	2.39694
20778	-2112.211	-2266.143	153.9313	1.332135	0.4104723	0.660178	0.339822	3.424288
20784	-2126.964	-2281.019	154.0557	1.430078	0.3621779	0.660178	0.339822	3.349777
20790	-2126.924	-2281.909	154.9849	1.430078	0.4539903	0.437102	0.562898	2.687576
20796	-2125.854	-2281.005	155.1503	1.42347	0.3965261	0.680577	0.319423	2.6553
20802	-2129.708	-2286.278	156.5699	1.37007	0.2261744	0.654291	0.345709	2.035368
20808	-2128.116	-2284.004	155.8883	1.358592	0.2991481	0.611082	0.388918	2.364005
20814	-2131.195	-2284.827	153.6323	1.070416	0.39882	0.549732	0.450268	3.762959
20820	-2150.237	-2303.333	153.0957	1.118238	0.4007443	0.562432	0.437568	4.041127
20826	-2140.895	-2292.467	151.5724	0.9948454	0.3368687	0.734971	0.265029	5.039984
20832	-2148.115	-2299.669	151.5545	1.107871	0.2946971	0.469138	0.530862	5.039984
20838	-2138.912	-2292.357	153.4451	1.240389	0.2671982	0.525797	0.474203	3.938546
20844	-2136.482	-2291.096	154.614	1.466669	0.5595568	0.505159	0.494841	2.78613
20850	-2141.645	-2296.416	154.7709	1.293105	0.5987736	0.552592	0.447408	2.76063
20856	-2130.023	-2284.613	154.5902	1.137969	0.282954	0.614496	0.385504	3.311055
20862	-2123.16	-2276.319	153.1591	0.9890129	0.2724239	0.625375	0.374625	4.237302
20868	-2131.923	-2286.159	154.2359	1.209874	0.2336232	0.553964	0.446036	3.550388
20874	-2130.013	-2284.167	154.1534	1.163811	0.3339123	0.638421	0.361579	3.483527
20880	-2137.578	-2290.875	153.2966	1.313156	0.2599121	0.696842	0.303158	3.992433
20886	-2145.242	-2298.503	153.2611	1.273784	0.490877	0.672445	0.327555	3.76434
20892	-2130.67	-2285.063	154.3924	1.245935	0.3149235	0.57167	0.42833	3.319991
20898	-2127.412	-2281.888	154.476	1.18644	0.3043317	0.633796	0.366204	3.319991
20904	-2126.234	-2281.656	155.4222	1.287132	0.2336759	0.52183	0.47817	2.79983
20910	-2136.821	-2292.364	155.5425	1.287132	0.2711343	0.677639	0.322361	2.666582
20916	-2141.845	-2296.51	154.6647	1.527671	0.2623465	0.684964	0.315036	3.066052
20922	-2148.581	-2302.778	154.1971	1.236228	0.3407166	0.586536	0.413464	3.40704
20928	-2140.702	-2295.041	154.3385	1.183632	0.3270824	0.595788	0.404212	3.372324
20934	-2144.077	-2297.723	153.6459	1.234539	0.4937124	0.572281	0.427719	3.56152
20940	-2147.248	-2302.456	155.2075	1.247719	0.3040717	0.701046	0.298954	2.847076
20946	-2137.359	-2293.137	155.7786	1.407341	0.4163087	0.706499	0.293501	2.24687
20952	-2127.865	-2282.405	154.5396	1.1626	0.335259	0.646364	0.353636	3.25579
20958	-2138.953	-2293.068	154.1156	1.214978	0.335259	0.54892	0.45108	3.474047
20964	-2126.715	-2281.422	154.7075	1.191218	0.3775554	0.640829	0.359171	3.086842
20970	-2132.149	-2287.057	154.9088	1.336007	0.2492254	0.608036	0.391964	3.054907
20976	-2134.293	-2288.698	154.4054	1.336007	0.535609	0.608036	0.391964	3.013553
20982	-2128.09	-2282.926	154.8354	1.390744	0.2980722	0.608036	0.391964	2.993723
20988	-2128.115	-2282.453	154.3376	1.421118	0.545673	0.589856	0.410144	2.993723
20994	-2137.965	-2293.787	155.8221	1.414988	0.4820102	0.589856	0.410144	2.137858
21000	-2131.57	-2287.126	155.5562	1.414988	0.3605264	0.542993	0.457007	2.453011
21006	-2139.403	-2294.898	155.4949	1.319958	0.3305825	0.69054	0.30946	2.590207
21012	-2131.346	-2286.637	155.2901	1.366771	0.4254592	0.587554	0.412446	2.57003
21018	-2133.343	-2287.772	154.4294	1.165452	0.2868273	0.587554	0.412446	3.383921
21024	-2137.531	-2291.642	154.1111	1.266323	0.3870969	0.550508	0.449492	3.383921
21030	-2127.894	-2281.936	154.0416	1.290449	0.3870969	0.550508	0.449492	3.41051
21036	-2130.588	-2285.975	155.3867	1.290449	0.3621776	0.498072	0.501928	2.633855
21042	-2141.322	-2296.39	155.0679	1.646277	0.3866424	0.753131	0.246869	2.580474
21048	-2139.756	-2295.299	155.5432	1.406801	0.4585454	0.529714	0.470286	2.348677
21054	-2140.845	-2297.209	156.3643	1.615919	0.4171138	0.501778	0.498222	1.713465
21060	-2134.753	-2291.398	156.6453	1.615919	0.3967952	0.597835	0.402165	1.53839
21066	-2156.527	-2312.635	156.1082	1.553135	0.2899362	0.575011	0.424989	2.111019
21072	-2146.98	-2301.447	154.467	1.340774	0.5277737	0.721843	0.278157	2.981144
21078	-2147.536	-2302.241	154.7047	1.340774	0.5446721	0.721843	0.278157	2.821504
21084	-2145.322	-2299.635	154.3138	1.236201	0.4612954	0.636937	0.363063	3.201059
21090	-2130.202	-2284.979	154.7764	1.40339	0.6179313	0.736499	0.263501	2.672733
21096	-2134.499	-2289.651	155.152	1.354268	0.3029969	0.484087	0.515913	2.817589
21102	-2121.98	-2275.292	153.3125	1.077135	0.3475641	0.624497	0.375503	4.00206
21108	-2129.442	-2284.026	154.5835	1.185359	0.4522587	0.625015	0.374985	3.080364
21114	-2128.481	-2282.386	153.9051	1.191161	0.2967204	0.658877	0.341123	3.66083
21120	-2141.561	-2294.617	153.0557	1.229576	0.1891715	0.672758	0.327242	4.28962
21126	-2143.022	-2295.52	152.4986	1.191219	0.4086161	0.636386	0.363614	4.330191
21132	-2136.464	-2290.655	154.1908	1.194994	0.499163	0.580414	0.419586	3.260099
21138	-2137.705	-2292.117	154.4116	1.194994	0.4074358	0.663965	0.336035	3.225713
21144	-2132.025	-2285.101	153.0758	1.114946	0.4009123	0.556739	0.443261	4.054168
21150	-2139.438	-2293.042	153.6041	1.183613	0.3244768	0.629938	0.370062	3.802422
21156	-2145.168	-2298.273	153.1052	1.135371	0.3238083	0.509128	0.490872	4.11642
21162	-2142.864	-2296.695	153.831	0.9467407	0.2874937	0.62639	0.37361	3.857105
21168	-2134.552	-2286.202	151.6495	0.8699587	0.3638776	0.689463	0.310537	5.03496
21174	-2129.793	-2282.004	152.2116	0.8189959	0.3064721	0.649269	0.350731	4.819882
21180	-2139.423	-2291.867	152.4437	1.101125	0.3235307	0.797873	0.202127	4.510272
21186	-2137.562	-2292.475	154.913	1.058193	0.4460791	0.443267	0.556733	2.965777
21192	-2138.528	-2290.661	152.1339	0.8855351	0.3353678	0.745393	0.254607	4.790127
21198	-2136.925	-2288.266	151.3412	0.8633904	0.5460796	0.62649	0.37351	5.029898
21204	-2136.988	-2287.918	150.9301	0.8176476	0.5460796	0.612424	0.387576	5.282843
21210	-2143.471	-2294.353	150.882	0.8928193	0.5288617	0.623836	0.376164	5.282843
21216	-2132.839	-2285.747	152.9075	0.8217741	0.2790478	0.495425	0.504575	4.46471
21222	-2131.453	-2283.836	152.3827	0.9882151	0.3576916	0.654377	0.345623	4.566792
21228	-2132.143	-2286.69	154.5469	1.188779	0.3678755	0.492371	0.507629	3.1954
21234	-2134.078	-2288.279	154.2014	1.191353	0.4466414	0.584249	0.415751	3.309252
21240	-2132.281	-2286.081	153.7999	1.191353	0.4329706	0.582288	0.417712	3.55872
21246	-2151.852	-2306.352	154.5	1.282054	0.4792339	0.59311	0.40689	3.044517
21252	-2140.65	-2294.848	154.1979	1.083474	0.2816653	0.442737	0.557263	3.574256
21258	-2128.722	-2282.018	153.2959	1.083474	0.3740086	0.454092	0.545908	3.976704
21264	-2133.724	-2289.381	155.6562	1.248658	0.2421352	0.590643	0.409357	2.666208
21270	-2134.944	-2290.473	155.5299	1.361644	0.2421352	0.606901	0.393099	2.674382
21276	-2138.126	-2291.633	153.5075	1.189718	0.3600968	0.523278	0.476722	3.810662
21282	-2142.654	-2297.127	154.4731	1.081038	0.359377	0.663794	0.336206	3.312988
21288	-2145.89	-2300.423	154.5339	1.144127	0.3666852	0.476076	0.523924	3.231001
21294	-2129.638	-2282.771	153.1326	1.011174	0.3912811	0.526435	0.473565	4.091581
21300	-2127.392	-2280.428	153.0357	0.93348	0.3493654	0.62149	0.37851	4.239161
21306	-2131.073	-2283.986	152.9125	1.062961	0.346402	0.672204	0.327796	4.239161
21312	-2138.581	-2291.671	153.0899	1.004103	0.2934292	0.57821	0.42179	4.239161
21318	-2131.33	-2284.135	152.804	0.9888675	0.5134989	0.644169	0.355831	4.167589
21324	-2141.506	-2294.178	152.6716	1.06069	0.5517987	0.712846	0.287154	4.167589
21330	-2157.996	-2312.964	154.9683	1.235589	0.2643471	0.64628	0.35372	3.056136
21336	-2126.08	-2281.904	155.8233	1.275704	0.2835806	0.600691	0.399309	2.480442
21342	-2135.532	-2287.041	151.5099	0.9618245	0.3090424	0.673887	0.326113	5.127276
21348	-2147.128	-2301.515	154.3873	1.372923	0.2292299	0.593421	0.406579	3.373694
21354	-2145.651	-2300.081	154.43	1.155089	0.5987602	0.551784	0.448216	3.049886
21360	-2136.815	-2291.399	154.584	1.23069	0.4872007	0.551784	0.448216	3.016848
21366	-2140.633	-2295.702	155.0691	1.431446	0.3290126	0.612258	0.387742	2.785419
21372	-2137.859	-2294.186	156.3275	1.438033	0.387415	0.608347	0.391653	1.90133
21378	-2127.394	-2283.594	156.2003	1.496313	0.4234688	0.63954	0.36046	1.90133
21384	-2134.769	-2291.231	156.4615	1.613981	0.354456	0.614152	0.385848	1.733616
21390	-2136.098	-2292.312	156.2148	1.448748	0.360471	0.689373	0.310627	2.00635
21396	-2129.281	-2285.099	155.8185	1.327284	0.360471	0.532993	0.467007	2.342744
21402	-2140.069	-2295.135	155.066	1.307489	0.4283197	0.51509	0.48491	2.741357
21408	-2156.011	-2310.021	154.0099	1.272273	0.294319	0.683559	0.316441	3.556165
21414	-2145.95	-2300.942	154.9925	1.272273	0.365674	0.683559	0.316441	2.881413
21420	-2136.65	-2292.724	156.0748	1.2584	0.323094	0.582566	0.417434	2.274211
21426	-2131.018	-2285.464	154.4463	1.304155	0.4199886	0.715144	0.284856	3.126301
21432	-2128.738	-2282.803	154.065	1.304155	0.665313	0.637933	0.362067	3.123059
21438	-2131.237	-2284.975	153.7384	1.304155	0.4095997	0.639691	0.360309	3.55417
21444	-2136.841	-2289.669	152.8288	1.048374	0.4032763	0.67867	0.32133	4.229893
21450	-2133.107	-2285.332	152.2251	0.9582719	0.4032763	0.675437	0.324563	4.621037
21456	-2136.454	-2289.628	153.1733	1.122286	0.3026595	0.643888	0.356112	4.112378
21462	-2133.025	-2286.414	153.3889	1.115478	0.4571851	0.636768	0.363232	3.815264
21468	-2118.485	-2272.297	153.8114	1.013783	0.2982179	0.509073	0.490927	3.815264
21474	-2132.993	-2286.04	153.0467	1.133287	0.3566839	0.533532	0.466468	4.110738
21480	-2133.099	-2287.978	154.8789	1.178556	0.3606714	0.630955	0.369045	3.01242
21486	-2122.327	-2276.599	154.2723	1.083769	0.3606714	0.610359	0.389641	3.427714
21492	-2128.346	-2282.677	154.3316	1.127715	0.312941	0.612895	0.387105	3.427714
21498	-2131.581	-2285.292	153.7118	1.171767	0.4149959	0.656582	0.343418	3.640579
21504	-2121.986	-2275.244	153.258	1.302154	0.3142101	0.656582	0.343418	3.946295
21510	-2124.721	-2278.244	153.5224	0.9397153	0.3595414	0.614502	0.385498	3.946295
21516	-2132.636	-2286.876	154.2398	1.151251	0.3763939	0.614502	0.385498	3.388406
21522	-2125.163	-2279.003	153.8403	1.151251	0.2404586	0.677225	0.322775	3.802603
21528	-2120.529	-2273.466	152.9373	1.124712	0.2366012	0.67264	0.32736	4.338482
21534	-2132.552	-2286.255	153.7022	1.052135	0.248279	0.630759	0.369241	3.926907
21540	-2135.59	-2289.391	153.8015	1.269007	0.3579928	0.621411	0.378589	3.597379
21546	-2138.098	-2289.766	151.6683	1.074162	0.3929436	0.601913	0.398087	4.878573
21552	-2132.533	-2284.89	152.3566	0.9018927	0.3929436	0.712873	0.287127	4.590084
21558	-2132.937	-2286.737	153.8002	1.01866	0.555449	0.614505	0.385495	3.539862
21564	-2136.147	-2288.825	152.6779	0.8449258	0.4209044	0.492405	0.507595	4.411438
21570	-2145.117	-2297.274	152.1573	0.9758831	0.3982761	0.61027	0.38973	4.654553
21576	-2139.844	-2294.107	154.2633	1.070336	0.28452	0.487444	0.512556	3.539848
21582	-2137.356	-2290.789	153.4327	1.205024	0.3618257	0.549861	0.450139	3.842856
21588	-2133.78	-2287.403	153.6228	1.041973	0.2506239	0.576677	0.423323	3.974691
21594	-2142.006	-2294.565	152.559	0.960414	0.3523634	0.576677	0.423323	4.489586
21600	-2131.325	-2285.693	154.3678	1.14975	0.214982	0.641653	0.358347	3.538917
21606	-2129.398	-2284.495	155.0974	1.249724	0.2867982	0.675932	0.324068	2.937035
21612	-2130.233	-2285.473	155.2409	1.328467	0.3395399	0.647165	0.352835	2.729414
21618	-2126.258	-2281.126	154.8674	1.399658	0.4452047	0.665063	0.334937	2.787604
21624	-2128.714	-2283.944	155.2301	1.408847	0.4452047	0.714061	0.285939	2.558856
21630	-2137.542	-2292.378	154.8358	1.252394	0.415884	0.689681	0.310319	2.928633
21636	-2125.743	-2281.025	155.2827	1.240865	0.395814	0.664111	0.335889	2.687024
21642	-2119.932	-2276.003	156.0711	1.278286	0.3208104	0.612717	0.387283	2.267079
21648	-2138.853	-2295.529	156.6758	1.492518	0.5029536	0.733969	0.266031	1.466179
21654	-2125.823	-2282.62	156.7963	1.747451	0.4691387	0.715001	0.284999	1.211581
21660	-2132.533	-2287.64	155.1067	1.486487	0.434104	0.566281	0.433719	2.599696
21666	-2133.982	-2289.615	155.6327	1.476242	0.4360431	0.566281	0.433719	2.272859
21672	-2149.127	-2304.602	155.4743	1.41724	0.4518323	0.615802	0.384198	2.3932
21678	-2153.413	-2309.582	156.1697	1.41724	0.374863	0.640848	0.359152	2.037747
21684	-2139.422	-2295.43	156.007	1.447365	0.2444448	0.726722	0.273278	2.318477
21690	-2129.911	-2285.627	155.7163	1.397122	0.4492525	0.595781	0.404219	2.254743
21696	-2146.346	-2300.281	153.9348	1.404499	0.348865	0.61545	0.38455	3.451945
21702	-2131.458	-2287.485	156.0272	1.489512	0.4155334	0.613175	0.386825	2.031895
21708	-2135.317	-2291.266	155.9489	1.388125	0.5828997	0.624044	0.375956	1.966019
21714	-2133.113	-2288.235	155.1223	1.327919	0.5354353	0.639739	0.360261	2.58198
21720	-2152.326	-2308.228	155.9019	1.413079	0.3806982	0.52135	0.47865	2.208006
21726	-2133.517	-2287.308	153.7909	1.428847	0.4352061	0.52135	0.47865	3.423001
21732	-2137.139	-2291.675	154.5358	1.167387	0.4506569	0.566915	0.433085	3.121247
21738	-2141.923	-2297.234	155.3106	1.465695	0.4114068	0.716896	0.283104	2.512056
21744	-2129.903	-2284.52	154.617	1.418376	0.4496327	0.631514	0.368486	2.923291
21750	-2140.383	-2296.759	156.3756	1.616229	0.4091936	0.560519	0.439481	1.715779
21756	-2131.93	-2287.634	155.7043	1.616229	0.7162802	0.560519	0.439481	1.852896
21762	-2130.057	-2285.528	155.4715	1.578931	0.6493796	0.664892	0.335108	2.093224
21768	-2129.897	-2285.933	156.0364	1.578931	0.6072868	0.633004	0.366996	1.751181
21774	-2124.895	-2279.166	154.2712	1.213332	0.2714179	0.578374	0.421626	3.470528
21780	-2133.242	-2287.177	153.935	1.051854	0.3225339	0.645892	0.354108	3.690018
21786	-2131.617	-2284.58	152.9631	0.9221428	0.3225339	0.626154	0.373846	4.319566
21792	-2136.04	-2288.841	152.8017	0.9561289	0.316415	0.570217	0.429783	4.39929
21798	-2138.308	-2290.97	152.6625	0.9232702	0.316415	0.623981	0.376019	4.496236
21804	-2257.107	-2410.671	153.5645	1.142056	0.3752622	0.715009	0.284991	3.787474
21810	-2128.824	-2282.203	153.3789	1.102199	0.3830307	0.641668	0.358332	3.908117
21816	-2131.194	-2285.229	154.0343	1.176388	0.462722	0.505654	0.494346	3.39956
21822	-2130.671	-2285.258	154.5869	1.405658	0.5352735	0.585202	0.414798	2.862506
21828	-2125.559	-2280.284	154.7255	1.231317	0.3406339	0.597621	0.402379	3.097805
21834	-2138.139	-2293.552	155.4125	1.236564	0.3438379	0.597621	0.402379	2.674858
21840	-2133.029	-2288.648	155.6188	1.507512	0.4228934	0.661141	0.338859	2.277256
21846	-2127.568	-2282.976	155.4081	1.345041	0.2598838	0.741323	0.258677	2.7309
21852	-2118.802	-2272.523	153.7208	1.376115	0.3801695	0.59417	0.40583	3.555827
21858	-2117.447	-2273.116	155.6693	1.555847	0.4940649	0.59417	0.40583	2.132439
21864	-2132.383	-2288.932	156.549	1.555847	0.2745502	0.482219	0.517781	1.838909
21870	-2134.842	-2291.475	156.6332	1.492029	0.2663673	0.482219	0.517781	1.838909
21876	-2137.34	-2293.06	155.7197	1.487273	0.4771492	0.742271	0.257729	2.162835
21882	-2132.237	-2286.699	154.4615	1.427166	0.7006116	0.610817	0.389183	2.782138
21888	-2128.783	-2283.829	155.0457	1.270784	0.3987114	0.648489	0.351511	2.810191
21894	-2136.664	-2291.951	155.2871	1.421195	0.5705786	0.555611	0.444389	2.386554
21900	-2123.67	-2278.515	154.8446	1.421195	0.4088028	0.516949	0.483051	2.829256
21906	-2117.078	-2271.858	154.7808	1.381767	0.2336836	0.595522	0.404478	3.128717
21912	-2132.631	-2287.346	154.7147	1.306511	0.2841156	0.703372	0.296628	3.135968
21918	-2146.549	-2302.119	155.5695	1.253658	0.2841156	0.677998	0.322002	2.650994
21924	-2130.49	-2285.652	155.1618	1.289948	0.31741	0.648084	0.351916	2.830749
21930	-2136.59	-2292.827	156.2365	1.684823	0.3262405	0.645386	0.354614	1.882059
21936	-2141.253	-2296.391	155.1378	1.530537	0.4043664	0.682974	0.317026	2.587531
21942	-2130.547	-2286.981	156.4336	1.621961	0.4043664	0.620151	0.379849	1.677105
21948	-2134.76	-2291.364	156.6038	1.804822	0.5290692	0.610389	0.389611	1.241836
21954	-2136.126	-2292.975	156.8494	1.973932	0.4063448	0.647388	0.352612	1.063687
21960	-2137.198	-2293.77	156.572	1.973932	0.4498028	0.6327	0.3673	1.238379
21966	-2142.541	-2299.069	156.528	1.973932	0.5060989	0.6327	0.3673	1.194156
21972	-2135.115	-2291.585	156.4703	1.747172	0.4969931	0.6327	0.3673	1.436161
21978	-2139.967	-2295.835	155.8684	1.587226	0.3431111	0.573718	0.426282	2.167123
21984	-2131.071	-2287.294	156.2227	1.587226	0.2777855	0.599894	0.400106	2.032435
21990	-2135.795	-2291.006	155.2103	1.408189	0.379534	0.506553	0.493447	2.648356
21996	-2139.179	-2295.03	155.851	1.428043	0.4361574	0.58602	0.41398	2.162911
22002	-2140.524	-2295.407	154.8833	1.247944	0.3873536	0.592121	0.407879	2.935729
22008	-2134.725	-2288.887	154.1617	1.148159	0.4309713	0.643257	0.356743	3.374708
22014	-2123.374	-2277.092	153.7184	1.148159	0.2707754	0.592504	0.407496	3.829536
22020	-2129.622	-2284.144	154.5228	1.240057	0.3543347	0.700281	0.299719	3.195864
22026	-2135.801	-2291.058	155.257	1.240057	0.3543347	0.691753	0.308247	2.754466
22032	-2127.519	-2281.865	154.3466	1.186173	0.4046622	0.691753	0.308247	3.272467
22038	-2132.413	-2286.488	154.0751	1.017127	0.4540796	0.753731	0.246269	3.477748
22044	-2131.4	-2285.763	154.3628	1.252805	0.3492023	0.735715	0.264285	3.289288
22050	-2129.424	-2284.104	154.6797	1.226322	0.4242586	0.555357	0.444643	3.028721
22056	-2139.918	-2293.484	153.5652	1.052122	0.3368274	0.565982	0.434018	3.884853
22062	-2141.614	-2291.888	150.2736	0.9651329	0.2917649	0.655226	0.344774	5.827926
22068	-2138.208	-2289.778	151.5694	0.9384581	0.4340787	0.608526	0.391474	4.965987
22074	-2136.248	-2290.067	153.819	1.087766	0.4543281	0.579135	0.420865	3.585517
22080	-2125.691	-2279.522	153.8308	1.335086	0.2173004	0.591794	0.408206	3.738925
22086	-2129.448	-2284.66	155.2125	1.338641	0.494863	0.47421	0.52579	2.560154
22092	-2155.841	-2310.239	154.3982	1.303807	0.4976628	0.67362	0.32638	3.073821
22098	-2143.094	-2298.499	155.405	1.095519	0.3661585	0.712352	0.287648	2.737403
