Iteration	Posterior	Likelihood	Prior	rate_log_sd	rate_neo	root_freqs[1]	root_freqs[2]	tree_length
0	-2128.803	-2282.975	154.1721	1.173643	0.3117187	0.576053	0.423947	3.495699
6	-2138.59	-2290.736	152.1461	1.05954	0.4640348	0.526465	0.473535	4.546285
12	-2137.507	-2288.654	151.1467	1.047296	0.4057184	0.700738	0.299262	5.169448
18	-2154.071	-2306.473	152.4024	1.055735	0.3153346	0.519818	0.480182	4.5693
24	-2140.58	-2294.727	154.1466	1.199923	0.4234566	0.651115	0.348885	3.361271
30	-2145.741	-2299.181	153.4399	1.128137	0.490194	0.764193	0.235807	3.745918
36	-2138.588	-2293.736	155.1481	1.350615	0.4412224	0.574544	0.425456	2.650094
42	-2155.273	-2310.228	154.9552	1.350615	0.5214862	0.528036	0.471964	2.684831
48	-2146.697	-2301.208	154.5116	1.214334	0.3598682	0.528036	0.471964	3.210914
54	-2145.331	-2298.727	153.3964	1.045203	0.5501417	0.528036	0.471964	3.763194
60	-2143.34	-2297.178	153.8388	1.061601	0.2923699	0.676898	0.323102	3.779896
66	-2149.867	-2301.506	151.6389	0.7706511	0.2923699	0.689469	0.310531	5.183151
72	-2145.243	-2298.293	153.0501	1.002567	0.2686324	0.607453	0.392547	4.296684
78	-2144.442	-2296.161	151.7181	0.8538514	0.3359016	0.607453	0.392547	5.038544
84	-2140.295	-2293.212	152.9162	0.8484541	0.2786213	0.594253	0.405747	4.445355
90	-2137.611	-2289.934	152.3226	0.87839	0.4002371	0.52756	0.47244	4.614402
96	-2146.131	-2300.63	154.4984	1.196087	0.3323461	0.643452	0.356548	3.264057
102	-2148.468	-2302.345	153.8767	1.188807	0.365637	0.666545	0.333455	3.591158
108	-2138.953	-2294.231	155.2775	1.477996	0.3906627	0.618658	0.381342	2.549881
114	-2132.727	-2287.982	155.2542	1.380592	0.4556772	0.71926	0.28074	2.549881
120	-2122.228	-2278.205	155.9768	1.316757	0.4335924	0.64315	0.35685	2.15652
126	-2134.574	-2289.885	155.3116	1.298547	0.3099619	0.553905	0.446095	2.744511
132	-2131.929	-2286.522	154.5931	1.113915	0.3216159	0.66564	0.33436	3.27065
138	-2134.592	-2287.162	152.5695	0.9795877	0.286265	0.657889	0.342111	4.556201
144	-2136.037	-2288.481	152.4441	1.08733	0.2937083	0.657889	0.342111	4.556201
150	-2136.795	-2290.468	153.6732	1.068576	0.3611326	0.627365	0.372635	3.783778
156	-2130.838	-2284.061	153.2231	1.034148	0.3654821	0.65997	0.34003	4.056356
162	-2131.134	-2284.343	153.2093	1.14583	0.3917312	0.646317	0.353683	3.97048
168	-2134.36	-2286.719	152.3594	1.056303	0.3331056	0.595826	0.404174	4.571025
174	-2136.065	-2289.636	153.5708	1.056303	0.2632417	0.572099	0.427901	3.97768
180	-2129.185	-2283.387	154.2017	1.280219	0.2812391	0.64573	0.35427	3.457958
186	-2133.406	-2287.507	154.1005	1.214699	0.316903	0.652962	0.347038	3.50668
192	-2134.921	-2289.17	154.2497	1.214699	0.5408758	0.652962	0.347038	3.173834
198	-2126.646	-2282.113	155.4674	1.385381	0.3657757	0.635165	0.364835	2.520337
204	-2119.896	-2275.524	155.628	1.423913	0.3878777	0.557224	0.442776	2.367271
210	-2127.482	-2281.875	154.3926	1.198888	0.472371	0.666804	0.333196	3.165087
216	-2146.414	-2301.573	155.1594	1.31813	0.5231201	0.666804	0.333196	2.57723
222	-2124.686	-2278.167	153.481	1.094735	0.3450827	0.613584	0.386416	3.898541
228	-2147.38	-2301.353	153.973	1.132553	0.3392306	0.568537	0.431463	3.600062
234	-2134.706	-2288.92	154.2147	1.033078	0.3301347	0.542308	0.457692	3.528865
240	-2134.327	-2288.176	153.8483	1.013651	0.4456654	0.512185	0.487815	3.620509
246	-2125.781	-2279.766	153.9846	1.153704	0.3085769	0.595377	0.404623	3.620509
252	-2129.556	-2284.516	154.9598	1.210361	0.4055027	0.691904	0.308096	2.891022
258	-2134.896	-2288.952	154.0553	1.210361	0.4940373	0.624664	0.375336	3.335898
264	-2135.251	-2290.748	155.4972	1.374847	0.4230625	0.675394	0.324606	2.438379
270	-2135.983	-2291.61	155.6276	1.463653	0.3529141	0.666164	0.333836	2.387294
276	-2149.257	-2304.007	154.7491	1.410669	0.3091306	0.687005	0.312995	3.018163
282	-2141.304	-2296.452	155.1481	1.410669	0.6648479	0.665239	0.334761	2.396125
288	-2143.72	-2300.006	156.2862	1.491391	0.3365577	0.561783	0.438217	1.963908
294	-2134.604	-2290.49	155.8863	1.593326	0.4941709	0.554979	0.445021	1.963908
300	-2159.031	-2311.73	152.6988	1.022572	0.4591497	0.64622	0.35378	4.260185
306	-2149.756	-2302.902	153.146	1.131816	0.419122	0.671106	0.328894	3.984748
312	-2143.251	-2297.998	154.7466	1.363056	0.5535176	0.676733	0.323267	2.774052
318	-2146.816	-2302.167	155.3508	1.249834	0.1930532	0.733284	0.266716	2.936493
324	-2142.184	-2298.022	155.8384	1.308863	0.2998396	0.589965	0.410035	2.425945
330	-2154.594	-2309.297	154.7032	1.308863	0.6111075	0.690222	0.309778	2.781426
336	-2146.166	-2299.655	153.489	1.255564	0.2872433	0.50315	0.49685	3.876539
342	-2133.241	-2287.896	154.6547	1.233897	0.4077976	0.515691	0.484309	3.057617
348	-2141.425	-2296.023	154.5978	1.202538	0.3671246	0.540594	0.459406	3.157934
354	-2147.143	-2300.161	153.0184	1.180812	0.3671246	0.705788	0.294212	4.087499
360	-2140.601	-2294.508	153.9068	1.180812	0.4731441	0.705788	0.294212	3.461019
366	-2140.477	-2294.729	154.2521	1.200197	0.3494669	0.626449	0.373551	3.384973
372	-2147.268	-2300.019	152.751	1.000083	0.2332742	0.670009	0.329991	4.518849
378	-2142.075	-2294.703	152.6277	1.047135	0.3189608	0.685146	0.314854	4.442859
384	-2143.692	-2297.2	153.5082	0.8834802	0.3202586	0.667927	0.332073	4.034785
390	-2145.459	-2298.594	153.1351	0.9422228	0.2306254	0.640544	0.359456	4.339035
396	-2143.091	-2293.611	150.5203	0.9216026	0.3259469	0.696245	0.303755	5.673831
402	-2138.891	-2291.17	152.2792	1.005366	0.3658427	0.554158	0.445842	4.605869
408	-2136.109	-2290.1	153.9913	1.119881	0.2734689	0.640569	0.359431	3.68456
414	-2156.414	-2309.521	153.1075	1.277629	0.2718995	0.698683	0.301317	4.10337
420	-2140.78	-2292.941	152.1603	0.9838986	0.4473404	0.506656	0.493344	4.597277
426	-2142.892	-2293.893	151.0011	1.021106	0.2953766	0.569325	0.430675	5.393168
432	-2143.101	-2294.349	151.2484	1.016958	0.20877	0.617646	0.382354	5.383769
438	-2147.516	-2298.55	151.0348	1.01206	0.2388457	0.63825	0.36175	5.45777
444	-2145.882	-2299.464	153.5817	1.132874	0.4134717	0.627945	0.372055	3.739987
450	-2146.813	-2301.175	154.3628	1.226218	0.4182475	0.650849	0.349151	3.224047
456	-2144.774	-2298.425	153.6512	1.042521	0.294098	0.619461	0.380539	3.896335
462	-2142.615	-2297.525	154.9101	1.035989	0.4173483	0.492407	0.507593	3.012427
468	-2140.644	-2294.403	153.7585	1.035989	0.4173483	0.566071	0.433929	3.689595
474	-2134.794	-2288.651	153.8569	1.188016	0.4738029	0.747448	0.252552	3.485302
480	-2133.638	-2286.514	152.8761	1.004539	0.4422881	0.596327	0.403673	4.186866
486	-2136.418	-2290.186	153.768	1.06556	0.3024442	0.558284	0.441716	3.804784
492	-2150.472	-2306.666	156.1939	1.731239	0.5223015	0.612234	0.387766	1.622759
498	-2146.269	-2302.055	155.7859	1.505112	0.4094833	0.56663	0.43337	2.187317
504	-2139.826	-2292.647	152.8217	1.020122	0.2895591	0.644262	0.355738	4.386973
510	-2129.585	-2283.892	154.307	1.319205	0.5244519	0.731423	0.268577	3.093029
516	-2126.364	-2279.72	153.3564	1.319205	0.365004	0.675656	0.324344	3.817308
522	-2114.244	-2269.402	155.1586	1.478311	0.4010321	0.537709	0.462291	2.610947
528	-2117.526	-2273.427	155.9009	1.511426	0.324945	0.523845	0.476155	2.220719
534	-2127.049	-2282.162	155.1131	1.292079	0.3071847	0.523845	0.476155	2.873039
540	-2134.779	-2288.293	153.5134	1.162612	0.4752529	0.709035	0.290965	3.698142
546	-2144.192	-2298.868	154.6761	1.162612	0.4189372	0.595863	0.404137	3.074865
552	-2142.07	-2297.217	155.1471	1.137932	0.2163801	0.595863	0.404137	3.084447
558	-2142.401	-2296.294	153.8933	1.030061	0.3293039	0.638764	0.361236	3.718089
564	-2142.836	-2296.426	153.5905	1.13037	0.3548614	0.491645	0.508355	3.803309
570	-2144.76	-2298.386	153.626	0.9864689	0.3132483	0.470457	0.529543	3.917577
576	-2139.819	-2291.746	151.9266	1.033195	0.399901	0.588917	0.411083	4.749796
582	-2152.337	-2306.742	154.4053	1.262401	0.4624497	0.588917	0.411083	3.129961
588	-2130.826	-2285.257	154.4306	1.174791	0.4624497	0.550719	0.449281	3.167024
594	-2137.471	-2291.29	153.8192	1.060614	0.3651244	0.510422	0.489578	3.699346
600	-2143.948	-2295.69	151.742	0.9807254	0.2846548	0.707104	0.292896	5.019776
606	-2137.369	-2290.671	153.302	1.071918	0.3954945	0.707104	0.292896	3.955534
612	-2142.515	-2297.852	155.3369	1.151553	0.3971123	0.476027	0.523973	2.707034
618	-2142.991	-2297.703	154.7119	1.047675	0.346288	0.564277	0.435723	3.207828
624	-2139.626	-2294.084	154.4581	1.207934	0.3165507	0.608906	0.391094	3.30149
630	-2144.027	-2297.842	153.8147	1.251715	0.3585893	0.534954	0.465046	3.599048
636	-2140.538	-2292.894	152.3561	1.120289	0.2799946	0.768695	0.231305	4.605517
642	-2146.733	-2299.395	152.6623	0.9461194	0.2910187	0.491466	0.508534	4.516485
648	-2141.079	-2293.762	152.6826	0.9158964	0.3214395	0.671946	0.328054	4.48269
654	-2147.246	-2300.477	153.231	1.160356	0.388435	0.671946	0.328054	3.953432
660	-2151.234	-2305.226	153.9922	1.046285	0.4884143	0.542195	0.457805	3.4746
666	-2134.985	-2289.101	154.116	1.116129	0.382221	0.505148	0.494852	3.4746
672	-2136.568	-2289.372	152.8036	0.9844693	0.3282913	0.707037	0.292963	4.367322
678	-2138.123	-2291.318	153.1952	1.055727	0.457677	0.508349	0.491651	3.960151
684	-2137.559	-2290.766	153.2067	1.05414	0.3741702	0.628245	0.371755	4.044218
690	-2140.552	-2292.458	151.9053	0.885656	0.3767926	0.728691	0.271309	4.869357
696	-2135.689	-2288.148	152.4593	0.8682109	0.3121531	0.498275	0.501725	4.646621
702	-2146.857	-2298.894	152.037	0.9294192	0.3453607	0.55642	0.44358	4.807702
708	-2142.824	-2295.942	153.1181	0.9630041	0.3453607	0.619117	0.380883	4.180506
714	-2145.584	-2297.897	152.3132	1.206711	0.9111245	0.601903	0.398097	4.027494
720	-2138.46	-2292.375	153.9143	1.149934	0.310971	0.613914	0.386086	3.660309
726	-2137.652	-2291.705	154.0531	1.189224	0.405805	0.632993	0.367007	3.441834
732	-2133.169	-2288.412	155.243	1.387283	0.405805	0.779292	0.220708	2.609429
738	-2129.679	-2285.545	155.8655	1.559961	0.3461472	0.65841	0.34159	2.182472
744	-2126.57	-2281.894	155.3236	1.478491	0.6021785	0.551364	0.448636	2.297189
750	-2125.076	-2280.358	155.2818	1.492292	0.5701273	0.661036	0.338964	2.345273
756	-2127.17	-2281.468	154.2977	1.401053	0.5537879	0.581248	0.418752	3.022141
762	-2142.276	-2296.52	154.2446	1.302951	0.494421	0.569025	0.430975	3.168959
768	-2129.896	-2284.205	154.309	1.23986	0.215156	0.606584	0.393416	3.520411
774	-2144.319	-2297.922	153.6027	1.149276	0.2485947	0.594136	0.405864	3.927784
780	-2134.318	-2287.614	153.2959	1.090469	0.5066109	0.66937	0.33063	3.834865
786	-2140.24	-2291.719	151.4787	1.121151	0.4056624	0.690962	0.309038	4.944339
792	-2136.259	-2288.063	151.8045	0.8898748	0.3581478	0.607402	0.392598	4.944339
798	-2131.338	-2284.832	153.494	1.091308	0.3299565	0.635067	0.364933	3.9118
804	-2134.663	-2289.685	155.0217	1.157351	0.5160887	0.658926	0.341074	2.767799
810	-2122.668	-2276.213	153.5456	0.9546749	0.3131916	0.649706	0.350294	3.98184
816	-2132.456	-2285.145	152.6893	1.143775	0.324124	0.649706	0.350294	4.347063
822	-2134.942	-2288.546	153.6042	1.068526	0.3303059	0.616534	0.383466	3.86119
828	-2143.823	-2296.277	152.4539	1.146471	0.3303059	0.624861	0.375139	4.470664
834	-2148.262	-2300.479	152.2177	1.101852	0.4759313	0.585344	0.414656	4.470664
840	-2139.908	-2293.286	153.3783	1.06892	0.3951593	0.585344	0.414656	3.913879
846	-2148.594	-2300.805	152.2107	1.106324	0.2546111	0.599887	0.400113	4.730423
852	-2143.185	-2296.93	153.745	1.20115	0.292369	0.516242	0.483758	3.753495
858	-2133.692	-2287.483	153.7912	1.02695	0.3847223	0.608017	0.391983	3.712226
864	-2128.051	-2280.813	152.7618	1.02695	0.3847223	0.614126	0.385874	4.30043
870	-2139.246	-2291.433	152.187	1.016568	0.3490172	0.56438	0.43562	4.67086
876	-2131.933	-2284.802	152.8695	1.016568	0.5327421	0.725661	0.274339	4.097064
882	-2132.718	-2286.251	153.5331	1.125064	0.3084299	0.654332	0.345668	3.897626
888	-2133.185	-2284.724	151.5391	0.9551258	0.4769717	0.654332	0.345668	4.931513
894	-2126.901	-2278.907	152.0067	1.010557	0.3143228	0.705241	0.294759	4.817326
900	-2147.933	-2300.79	152.8574	0.9535204	0.4644191	0.624795	0.375205	4.204158
906	-2138.189	-2290.708	152.5188	1.202561	0.3412215	0.58762	0.41238	4.389122
912	-2144.979	-2297.603	152.6242	1.009041	0.4994734	0.56802	0.43198	4.271162
918	-2132.217	-2284.971	152.753	0.8052456	0.414974	0.612852	0.387148	4.397704
924	-2155.042	-2306.899	151.8566	0.8541517	0.5049284	0.576019	0.423981	4.784676
930	-2145.434	-2297.525	152.0905	0.9350595	0.4468319	0.567157	0.432843	4.664299
936	-2140.311	-2293.744	153.4332	0.9432399	0.4630984	0.751323	0.248677	3.882793
942	-2125.692	-2278.371	152.6792	0.9146377	0.4963072	0.598383	0.401617	4.296452
948	-2135.9	-2289.231	153.3309	0.9146377	0.2680213	0.602043	0.397957	4.188217
954	-2148.515	-2301.594	153.0794	1.134195	0.2687402	0.602043	0.397957	4.205336
960	-2144.888	-2296.934	152.0461	0.9699156	0.3745445	0.683868	0.316132	4.746303
966	-2141.144	-2293.455	152.3114	0.867227	0.2994482	0.608109	0.391891	4.746303
972	-2128.31	-2281.968	153.6574	1.106217	0.4597203	0.604043	0.395957	3.663037
978	-2135.923	-2290.144	154.2217	1.054984	0.366796	0.633686	0.366314	3.466767
984	-2127.622	-2279.769	152.1466	1.054984	0.4720718	0.585571	0.414429	4.54074
990	-2134.603	-2288.307	153.7039	1.146207	0.2307756	0.55949	0.44051	3.898969
996	-2134.467	-2288.166	153.6992	0.9637962	0.3091023	0.662074	0.337926	3.893994
1002	-2123.786	-2277.949	154.1629	1.126861	0.3544987	0.483509	0.516491	3.473944
1008	-2121.651	-2275.471	153.8204	1.214309	0.3174752	0.528283	0.471717	3.668877
1014	-2124.204	-2278.698	154.4935	1.188743	0.3358643	0.528085	0.471915	3.266817
1020	-2124.163	-2277.796	153.6336	1.069596	0.3284885	0.63765	0.36235	3.84595
1026	-2126.266	-2280.862	154.5961	1.126224	0.3284885	0.63765	0.36235	3.252649
1032	-2127.389	-2282.261	154.8713	1.262898	0.4471372	0.605259	0.394741	2.866225
1038	-2133.087	-2287.698	154.6102	1.461111	0.4185406	0.621248	0.378752	2.935789
1044	-2119.125	-2274.37	155.2454	1.262804	0.4603514	0.565567	0.434433	2.623277
1050	-2132.169	-2286.218	154.0488	1.111228	0.3803274	0.62231	0.37769	3.518915
1056	-2126.4	-2281.902	155.5018	1.205407	0.3088858	0.616762	0.383238	2.68657
1062	-2129.856	-2284.248	154.3926	1.109656	0.3426786	0.596696	0.403304	3.364135
1068	-2131.048	-2283.846	152.7972	0.9505863	0.3782245	0.617713	0.382287	4.330924
1074	-2119.14	-2272.856	153.7162	1.06726	0.41005	0.565456	0.434544	3.703944
1080	-2136.856	-2289.682	152.8261	1.06726	0.2666239	0.68507	0.31493	4.389548
1086	-2151.19	-2305.441	154.2511	1.192773	0.6485729	0.633811	0.366189	3.092159
1092	-2150.599	-2303.509	152.91	1.041623	0.7002473	0.555775	0.444225	3.922707
1098	-2140.378	-2293.829	153.4501	0.8657711	0.4579455	0.681992	0.318008	3.922707
1104	-2140.897	-2293.967	153.0698	0.9925198	0.3347965	0.681992	0.318008	4.204047
1110	-2139.614	-2295.4	155.7861	1.487457	0.6563454	0.566839	0.433161	1.938552
1116	-2137.699	-2293.394	155.6944	1.424733	0.6391684	0.498394	0.501606	2.057311
1122	-2124.327	-2279.664	155.3368	1.531983	0.5686338	0.686365	0.313635	2.286326
1128	-2127.578	-2284.036	156.458	1.318888	0.2378598	0.555601	0.444399	2.121676
1134	-2125.825	-2280.298	154.4733	1.23873	0.5404127	0.555601	0.444399	3.02661
1140	-2128.527	-2284.306	155.7788	1.235139	0.3228954	0.498052	0.501948	2.476735
1146	-2121.998	-2278.036	156.0378	1.248938	0.3275364	0.594728	0.405272	2.297699
1152	-2125.928	-2280.73	154.802	1.408109	0.2735881	0.656353	0.343647	3.038604
1158	-2135.426	-2290.056	154.63	1.321217	0.3378088	0.628412	0.371588	3.104758
1164	-2139.377	-2293.947	154.5705	1.384748	0.4020468	0.454767	0.545233	3.024307
1170	-2135.987	-2288.999	153.0119	1.116238	0.5934954	0.46282	0.53718	3.905932
1176	-2139.796	-2293.03	153.2337	0.8997842	0.2727682	0.608688	0.391312	4.245116
1182	-2133.405	-2286.13	152.7256	1.160102	0.3851042	0.675791	0.324209	4.245116
1188	-2138.713	-2291.579	152.8657	1.033237	0.2579729	0.698119	0.301881	4.39881
1194	-2134.036	-2288.286	154.2502	1.150543	0.2579729	0.573834	0.426166	3.539157
1200	-2130.769	-2284.794	154.0245	1.183169	0.3404741	0.58849	0.41151	3.539157
1206	-2136.977	-2291.087	154.1097	1.04399	0.3662506	0.642922	0.357078	3.539157
1212	-2134.69	-2287.53	152.8401	0.9903812	0.3595093	0.520847	0.479153	4.305693
1218	-2139.411	-2292.263	152.8518	0.9629889	0.3671708	0.571455	0.428545	4.305693
1224	-2145.864	-2299.758	153.8939	1.253317	0.3650026	0.656821	0.343179	3.544424
1230	-2132.942	-2287.961	155.0193	1.246832	0.3650026	0.624876	0.375124	2.881424
1236	-2138.137	-2290.697	152.5591	1.098076	0.3007843	0.624876	0.375124	4.476162
1242	-2134.322	-2286.903	152.5807	0.965208	0.2979128	0.794433	0.205567	4.542493
1248	-2138.413	-2291.289	152.8763	0.9151579	0.277616	0.640778	0.359222	4.431632
1254	-2138.348	-2292.972	154.624	1.497459	0.3089334	0.595704	0.404296	3.041364
1260	-2130.633	-2285.298	154.6653	1.220242	0.2835031	0.567042	0.432958	3.217339
1266	-2139.86	-2293.436	153.576	1.000642	0.3721068	0.567042	0.432958	3.86586
1272	-2136.746	-2290.19	153.4439	1.135122	0.3709397	0.597196	0.402804	3.86586
1278	-2137.712	-2292.289	154.5774	1.182737	0.5490649	0.519965	0.480035	2.989712
1284	-2138.993	-2292.426	153.4335	1.245605	0.3415342	0.573166	0.426834	3.843524
1290	-2133.904	-2289.297	155.3932	1.245605	0.3561939	0.636424	0.363576	2.665148
1296	-2128.184	-2283.051	154.8669	1.166103	0.4766376	0.675963	0.324037	2.896246
1302	-2137.771	-2290.609	152.8379	0.9454895	0.380914	0.675963	0.324037	4.307764
1308	-2140.156	-2292.84	152.6841	0.9602358	0.4316778	0.675963	0.324037	4.331599
1314	-2135.398	-2291.761	156.3628	2.035863	0.7478683	0.734538	0.265462	0.9706548
1320	-2148.011	-2304.688	156.6772	2.035863	0.5398413	0.696913	0.303087	0.9440067
1326	-2140.351	-2296.55	156.1995	2.101321	0.8522395	0.589537	0.410463	0.9440067
1332	-2139.849	-2291.595	151.7458	0.8934332	0.3772772	0.612165	0.387835	4.953279
1338	-2141.926	-2294.816	152.8897	0.9780465	0.403421	0.612165	0.387835	4.235099
1344	-2138.052	-2291.559	153.5073	1.188545	0.2960428	0.648894	0.351106	3.89249
1350	-2135.815	-2291.937	156.1213	1.553016	0.3802508	0.683338	0.316662	1.972392
1356	-2128.962	-2285.469	156.5063	1.59871	0.4146662	0.515717	0.484283	1.627671
1362	-2143.149	-2299.261	156.1114	1.521614	0.4485197	0.612959	0.387041	1.913592
1368	-2145.591	-2301.759	156.1681	1.521614	0.4174643	0.559203	0.440797	1.913592
1374	-2142.283	-2297.888	155.6055	1.472757	0.6642994	0.63893	0.36107	2.061519
1380	-2132.015	-2286.967	154.952	1.149924	0.40628	0.63893	0.36107	2.931308
1386	-2150	-2302.49	152.49	1.149924	0.3264819	0.649544	0.350456	4.453105
1392	-2132.386	-2285.455	153.0686	0.9987931	0.3059914	0.668647	0.331353	4.237659
1398	-2131.282	-2284.194	152.9116	1.081412	0.3394323	0.667021	0.332979	4.237659
1404	-2138.764	-2292.553	153.7888	1.069944	0.2982806	0.499331	0.500669	3.795861
1410	-2125.506	-2279.166	153.6598	1.159447	0.3443904	0.534656	0.465344	3.75937
1416	-2138.701	-2290.106	151.4051	1.040372	0.679208	0.658362	0.341638	4.789408
1422	-2134.291	-2286.67	152.3797	0.9929335	0.5163524	0.649322	0.350678	4.402871
1428	-2130.19	-2284.438	154.2482	1.102115	0.4192966	0.587138	0.412862	3.363582
1434	-2130.796	-2285.133	154.3377	1.241451	0.4955515	0.571345	0.428655	3.149102
1440	-2135.174	-2289.596	154.4212	1.192948	0.4341944	0.625028	0.374972	3.191696
1446	-2128.449	-2283.826	155.3771	1.352419	0.3508449	0.635151	0.364849	2.616135
1452	-2144.364	-2299.732	155.3679	1.217528	0.4577214	0.659906	0.340094	2.578294
1458	-2128.055	-2282.713	154.6584	1.152357	0.3104902	0.702223	0.297777	3.224122
1464	-2127.159	-2280.496	153.3376	1.021199	0.4369426	0.721587	0.278413	3.919586
1470	-2126.637	-2281.883	155.2455	1.192849	0.3434123	0.695772	0.304228	2.804289
1476	-2142.879	-2296.841	153.9626	1.235263	0.6396947	0.615807	0.384193	3.245476
1482	-2131.727	-2285.468	153.741	1.070082	0.4371167	0.662969	0.337031	3.658869
1488	-2134.178	-2286.6	152.4214	1.027554	0.3352017	0.605367	0.394633	4.549791
1494	-2149.554	-2300.872	151.3184	0.9385628	0.5804922	0.605367	0.394633	4.971751
1500	-2139.736	-2296.034	156.2971	1.468818	0.1938202	0.676445	0.323555	2.210748
1506	-2144.684	-2301.598	156.9138	1.662668	0.2297993	0.560264	0.439736	1.587979
1512	-2146.539	-2303.212	156.6732	1.421405	0.3536061	0.554706	0.445294	1.72139
1518	-2133.171	-2288.956	155.784	1.251412	0.3682352	0.59538	0.40462	2.402558
1524	-2136.208	-2291.737	155.5289	1.363704	0.3087595	0.559457	0.440543	2.572244
1530	-2132.077	-2288.415	156.3372	1.491873	0.5219462	0.484903	0.515097	1.691967
1536	-2141.007	-2297.104	156.0976	1.563076	0.5511583	0.681767	0.318233	1.777987
1542	-2142.393	-2298.519	156.1263	1.593796	0.7520827	0.722361	0.277639	1.537222
1548	-2143.558	-2299.522	155.964	1.765226	0.757578	0.560352	0.439648	1.525372
1554	-2147.615	-2303.35	155.735	1.765226	0.7751848	0.631451	0.368549	1.67638
1560	-2138.957	-2295.582	156.6249	1.755001	0.4810359	0.621366	0.378634	1.329965
1566	-2140.969	-2296.747	155.7786	1.753696	0.5741365	0.584272	0.415728	1.842502
1572	-2124.672	-2281.176	156.5043	1.798709	0.4867585	0.584272	0.415728	1.383122
1578	-2128.937	-2285.588	156.651	1.810634	0.3685536	0.629709	0.370291	1.429569
1584	-2121.596	-2276.183	154.5873	1.231401	0.4261985	0.661163	0.338837	3.078781
1590	-2128.76	-2282.835	154.0748	1.177021	0.2999774	0.567377	0.432623	3.566117
1596	-2131.398	-2286.306	154.9083	1.341669	0.2999774	0.641327	0.358673	2.976752
1602	-2120.667	-2275.326	154.6583	1.289333	0.3516386	0.628496	0.371504	3.089323
1608	-2125.91	-2280.935	155.0249	1.321689	0.2853187	0.593299	0.406701	2.939463
1614	-2141.917	-2298.654	156.7368	1.555606	0.2019159	0.628346	0.371654	1.844831
1620	-2126.098	-2279.659	153.5609	1.252049	0.3822973	0.5532	0.4468	3.718004
1626	-2128.746	-2284.551	155.8049	1.416373	0.2670947	0.664638	0.335362	2.429157
1632	-2126.33	-2279.536	153.2062	1.26305	0.3547688	0.584527	0.415473	3.94789
1638	-2126.146	-2279.891	153.7447	1.239254	0.3261953	0.492178	0.507822	3.687008
1644	-2129.742	-2282.741	152.9991	1.075073	0.3055212	0.619769	0.380231	4.234396
1650	-2124.901	-2277.791	152.8908	1.23185	0.3178158	0.619769	0.380231	4.191076
1656	-2119.101	-2272.602	153.5017	1.126654	0.3485586	0.687048	0.312952	3.864118
1662	-2122.474	-2275.57	153.0952	1.126654	0.579346	0.633078	0.366922	3.864118
1668	-2130.075	-2282.238	152.1631	1.098389	0.4252431	0.631072	0.368928	4.553978
1674	-2125.309	-2278.121	152.8119	1.209227	0.2942817	0.725463	0.274537	4.279293
1680	-2127.892	-2281.317	153.4252	1.102034	0.2942817	0.613923	0.386077	3.991421
1686	-2133.879	-2287.434	153.5551	1.214156	0.3596262	0.622998	0.377002	3.76973
1692	-2134.984	-2288.284	153.3003	1.214156	0.4975325	0.587585	0.412415	3.76973
1698	-2130.712	-2284.488	153.7763	1.220826	0.2829316	0.69438	0.30562	3.737103
1704	-2126.012	-2279.454	153.4419	1.203675	0.3058964	0.645919	0.354081	3.908171
1710	-2130.752	-2284.076	153.3245	0.9922622	0.4720197	0.592939	0.407061	3.908171
1716	-2139.194	-2292.07	152.8759	0.8818654	0.3391841	0.666477	0.333523	4.371032
1722	-2135.339	-2288.449	153.11	0.9407286	0.3028095	0.666477	0.333523	4.251271
1728	-2134.335	-2287.495	153.1598	0.8753172	0.5237046	0.644233	0.355767	4.020267
1734	-2146.345	-2298.894	152.5493	0.9847443	0.5015363	0.685993	0.314007	4.325387
1740	-2131.677	-2283.332	151.6555	0.9594408	0.336575	0.508393	0.491607	5.013847
1746	-2136.321	-2288.743	152.4221	0.9594408	0.3610134	0.457949	0.542051	4.556993
1752	-2136.411	-2288.209	151.7977	0.7769487	0.3610134	0.663976	0.336024	5.007569
1758	-2134.717	-2287.495	152.7773	0.8864301	0.3610134	0.504709	0.495291	4.398143
1764	-2146.091	-2299.689	153.5975	1.143988	0.3607038	0.677135	0.322865	3.784429
1770	-2144.239	-2298.428	154.1892	1.236999	0.4359942	0.512455	0.487545	3.300859
1776	-2153.636	-2306.053	152.4165	1.018058	0.4063425	0.654556	0.345444	4.47665
1782	-2151.017	-2304.341	153.3243	1.018058	0.3466519	0.674615	0.325385	4.030197
1788	-2138.636	-2291.487	152.8508	0.9754929	0.4778261	0.638916	0.361084	4.182339
1794	-2139.03	-2291.749	152.719	1.000637	0.2976934	0.589538	0.410462	4.445059
1800	-2127.087	-2279.93	152.8434	0.9593974	0.4207231	0.516649	0.483351	4.253387
1806	-2135.728	-2288.239	152.5109	0.8759874	0.2571314	0.569979	0.430021	4.687678
1812	-2131.915	-2286.687	154.773	1.176498	0.3671335	0.598541	0.401459	3.069098
1818	-2139.039	-2294.094	155.0547	1.271637	0.3692775	0.556344	0.443656	2.839637
1824	-2139.498	-2290.784	151.2859	1.030844	0.3885271	0.672716	0.327284	5.119919
1830	-2133.716	-2287.3	153.5834	1.177403	0.3889171	0.570468	0.429532	3.740522
1836	-2136.735	-2288.972	152.2366	1.033036	0.4724691	0.570468	0.429532	4.502071
1842	-2129.685	-2282.383	152.6979	0.9572639	0.4915882	0.570468	0.429532	4.266185
1848	-2133.924	-2286.172	152.2478	1.054666	0.4799494	0.570468	0.429532	4.476397
1854	-2138.325	-2291.075	152.7496	0.8033232	0.3671144	0.551115	0.448885	4.453568
1860	-2122.43	-2272.94	150.5103	0.7351417	0.4388658	0.645989	0.354011	5.658109
1866	-2140.579	-2290.744	150.1654	0.6046454	0.348188	0.603116	0.396884	6.014904
1872	-2157.083	-2307.248	150.1654	0.6046454	0.348188	0.6064	0.3936	6.014904
1878	-2154.451	-2306.163	151.7122	0.7108256	0.2761104	0.64658	0.35342	5.197398
1884	-2146.151	-2296.935	150.7842	0.7294859	0.3943891	0.598462	0.401538	5.556663
1890	-2138.314	-2290.926	152.6118	0.9262463	0.3657509	0.623139	0.376861	4.463501
1896	-2147.203	-2300.424	153.2208	0.95454	0.2297232	0.716394	0.283606	4.284967
1902	-2144.487	-2299.265	154.7778	1.082755	0.405026	0.716394	0.283606	3.077541
1908	-2129.162	-2282.885	153.7233	1.225626	0.3648823	0.716394	0.283606	3.659674
1914	-2136.644	-2289.998	153.3542	0.9918375	0.3932619	0.781594	0.218406	3.973941
1920	-2132.582	-2288.026	155.4441	1.393604	0.3344393	0.490397	0.509603	2.570835
1926	-2133.378	-2287.903	154.5251	1.223883	0.3275554	0.526421	0.473579	3.238051
1932	-2131.269	-2284.025	152.7558	1.156342	0.4030654	0.614252	0.385748	4.210295
1938	-2139.257	-2292.331	153.074	0.9523227	0.2553194	0.614252	0.385748	4.330716
1944	-2130.997	-2282.512	151.5156	1.055586	0.2244683	0.614252	0.385748	5.190152
1950	-2127.081	-2279.456	152.3751	0.9474932	0.3423496	0.610788	0.389212	4.612093
1956	-2127.048	-2280.778	153.7305	1.058087	0.3225778	0.581686	0.418314	3.804389
1962	-2142.283	-2296.061	153.7777	1.346947	0.7889959	0.738917	0.261083	3.175253
1968	-2137.451	-2293.946	156.4948	1.725051	0.5394133	0.599955	0.400045	1.381268
1974	-2135.978	-2292.066	156.0884	1.72734	0.7202624	0.599955	0.400045	1.495592
1980	-2136.65	-2292.736	156.0862	1.677081	0.8126055	0.576684	0.423316	1.450168
1986	-2118.317	-2274.246	155.9296	1.729789	0.3963128	0.627343	0.372657	1.961205
1992	-2126.406	-2282.601	156.195	1.729789	0.6476895	0.627343	0.372657	1.485838
1998	-2131.986	-2287.95	155.9639	1.640933	0.6000886	0.580676	0.419324	1.76579
2004	-2132.652	-2288.153	155.501	1.532156	0.459344	0.492468	0.507532	2.294787
2010	-2118.17	-2274.104	155.934	1.477624	0.3705039	0.708518	0.291482	2.158631
2016	-2131.536	-2287.153	155.6166	1.455364	0.4669582	0.642618	0.357382	2.261434
2022	-2141.387	-2297.1	155.7127	1.649655	0.491458	0.588113	0.411887	2.045051
2028	-2119.544	-2275.616	156.0717	1.649655	0.5060585	0.671722	0.328278	1.785628
2034	-2128.305	-2284.837	156.5318	1.520349	0.3307148	0.671722	0.328278	1.785375
2040	-2134.104	-2289.644	155.5407	1.826731	0.7302583	0.548977	0.451023	1.808396
2046	-2135.946	-2291.654	155.7077	1.689146	0.6661818	0.541076	0.458924	1.845641
2052	-2137.748	-2289.651	151.9028	0.9456898	0.2433946	0.678409	0.321591	5.007886
2058	-2134.701	-2287.15	152.4486	0.9885192	0.3312336	0.546554	0.453446	4.561279
2064	-2130.592	-2283.539	152.947	0.8392577	0.3312336	0.7949	0.2051	4.364715
2070	-2127.57	-2281.03	153.4602	1.164101	0.4127504	0.634965	0.365035	3.792822
2076	-2133.037	-2286.867	153.8305	1.254839	0.3773425	0.694012	0.305988	3.56587
2082	-2137.206	-2290.01	152.8034	0.9175163	0.3782504	0.484133	0.515867	4.346075
2088	-2141.442	-2294.689	153.2466	0.8418421	0.3570775	0.621417	0.378583	4.162343
2094	-2142.172	-2295.282	153.1094	0.9792732	0.390711	0.467794	0.532206	4.123614
2100	-2140.559	-2294.635	154.0754	1.028103	0.3383846	0.65383	0.34617	3.602333
2106	-2142.746	-2297.024	154.2784	1.126497	0.3383846	0.65383	0.34617	3.426639
2112	-2138.016	-2292.45	154.4342	0.9432995	0.3355242	0.65383	0.34617	3.446283
2118	-2146.386	-2299.574	153.1883	1.143964	0.5476608	0.65383	0.34617	3.828341
2124	-2140.88	-2294.89	154.0098	1.080169	0.3785523	0.665728	0.334272	3.561751
2130	-2139.795	-2292.818	153.0231	1.080169	0.3730622	0.557139	0.442861	4.135294
2136	-2139.266	-2293.06	153.7939	0.9908172	0.3390983	0.619917	0.380083	3.785785
2142	-2142.455	-2294.432	151.9766	1.012158	0.4218862	0.531511	0.468489	4.71036
2148	-2137.932	-2291.726	153.7935	1.012158	0.471355	0.51335	0.48665	3.626958
2154	-2135.393	-2289.525	154.1321	1.02147	0.297201	0.549194	0.450806	3.626958
2160	-2143.821	-2296.532	152.7112	1.003989	0.3696705	0.495431	0.504569	4.359087
2166	-2129.309	-2284.45	155.1406	1.078248	0.3501741	0.56941	0.43059	2.928582
2172	-2135.37	-2289.048	153.6774	1.088832	0.2614575	0.678018	0.321982	3.900581
2178	-2137.988	-2291.34	153.3514	1.051948	0.4193397	0.664054	0.335946	3.912644
2184	-2128.48	-2283.24	154.7595	1.205111	0.4654552	0.565607	0.434393	2.949165
2190	-2138.811	-2292.857	154.0458	1.163676	0.2725351	0.583881	0.416119	3.62902
2196	-2143.828	-2297.526	153.6983	1.163676	0.437473	0.511429	0.488571	3.62902
2202	-2155.779	-2309.766	153.9864	1.163676	0.4503555	0.634999	0.365001	3.447794
2208	-2146.166	-2299.753	153.5869	1.213548	0.3075996	0.497221	0.502779	3.81701
2214	-2139.744	-2292.585	152.8413	1.062146	0.3878013	0.666511	0.333489	4.23208
2220	-2144.393	-2298.5	154.1072	1.133739	0.4555512	0.694691	0.305309	3.389209
2226	-2140.127	-2293.208	153.0808	1.133739	0.4513426	0.689279	0.310721	3.987366
2232	-2138.406	-2292.602	154.1966	1.245168	0.4365936	0.567311	0.432689	3.291024
2238	-2139.261	-2293.436	154.1747	1.059171	0.338109	0.592232	0.407768	3.526844
2244	-2135.957	-2289.197	153.2406	0.9775536	0.5151289	0.592232	0.407768	3.923435
2250	-2133.863	-2287.553	153.6894	1.040752	0.4961663	0.57832	0.42168	3.64639
2256	-2122.383	-2276.441	154.0582	1.176304	0.3595592	0.620511	0.379489	3.500043
2262	-2122.452	-2275.695	153.2426	1.024611	0.3449461	0.615537	0.384463	4.075104
2268	-2131.428	-2286.011	154.5829	1.100804	0.3931747	0.612857	0.387143	3.196309
2274	-2146.892	-2301.331	154.4394	1.189473	0.5009538	0.612857	0.387143	3.11418
2280	-2121.096	-2275.211	154.1155	1.396286	0.5009538	0.612857	0.387143	3.18377
2286	-2112.933	-2267.959	155.0266	1.349972	0.3981386	0.599491	0.400509	2.774246
2292	-2120.396	-2274.618	154.222	1.216541	0.2840804	0.587705	0.412295	3.479285
2298	-2117.167	-2269.717	152.5501	0.9949556	0.2618318	0.619581	0.380419	4.59234
2304	-2122.533	-2274.603	152.0699	1.199283	0.3854536	0.626004	0.373996	4.59234
2310	-2129.03	-2282.866	153.8361	1.390352	0.2693831	0.707886	0.292114	3.623699
2316	-2133.139	-2285.468	152.3291	1.20673	0.3095589	0.790905	0.209095	4.533028
2322	-2130.222	-2283.126	152.9044	1.20673	0.2192329	0.564004	0.435996	4.33786
2328	-2122.96	-2276.965	154.0046	1.103013	0.3954828	0.601996	0.398004	3.532057
2334	-2139.407	-2294.657	155.2502	1.334708	0.3865521	0.64829	0.35171	2.660483
2340	-2133.834	-2289.175	155.3402	1.5974	0.758552	0.680592	0.319408	2.074292
2346	-2128.211	-2284.295	156.084	1.576848	0.730745	0.562773	0.437227	1.600262
2352	-2122.061	-2278.261	156.2003	1.658204	0.5297941	0.534161	0.465839	1.662099
2358	-2125.734	-2281.906	156.1721	1.651497	0.5840143	0.54729	0.45271	1.627397
2364	-2134.387	-2290.619	156.2324	1.68023	0.5261141	0.646992	0.353008	1.627397
2370	-2129.407	-2282.042	152.6351	1.23081	0.2690685	0.624066	0.375934	4.401591
2376	-2129.452	-2281.785	152.3335	1.081606	0.4919117	0.600524	0.399476	4.401591
2382	-2128.89	-2282.836	153.9458	1.117487	0.4325735	0.595059	0.404941	3.51717
2388	-2130.331	-2282.807	152.4758	1.222265	0.4012944	0.578384	0.421616	4.333481
2394	-2136.179	-2289.983	153.8035	1.09982	0.536659	0.631333	0.368667	3.507661
2400	-2123.675	-2277.414	153.7383	1.128234	0.3387989	0.631333	0.368667	3.738996
2406	-2125.51	-2277.761	152.2512	0.9682281	0.3631994	0.670715	0.329285	4.645382
2412	-2119.45	-2274.041	154.5918	1.219752	0.3530469	0.675774	0.324226	3.168549
2418	-2127.799	-2282.501	154.7018	1.27455	0.4235707	0.62981	0.37019	2.987286
2424	-2139.296	-2295.032	155.7356	1.27455	0.2877876	0.633126	0.366874	2.529636
2430	-2125.543	-2279.003	153.4602	1.11214	0.3638376	0.713673	0.286327	3.877994
2436	-2131.56	-2285.061	153.5014	0.9723759	0.4139741	0.639281	0.360719	3.877994
2442	-2135.135	-2289.006	153.8706	0.9905669	0.3486164	0.664648	0.335352	3.729975
2448	-2122.806	-2276.276	153.4704	1.153308	0.4293431	0.606525	0.393475	3.775358
2454	-2132.579	-2285.591	153.012	1.126466	0.4248515	0.630042	0.369958	4.058207
2460	-2131.689	-2284.5	152.8104	1.063211	0.2630507	0.630042	0.369958	4.405808
2466	-2118.44	-2272.177	153.7369	0.8975092	0.3238837	0.659451	0.340549	3.891319
2472	-2126.516	-2278.061	151.5453	1.027239	0.378664	0.703776	0.296224	4.988831
2478	-2134.891	-2288.393	153.5025	1.296743	0.2606762	0.648936	0.351064	3.882807
2484	-2140.096	-2293.937	153.8403	1.056156	0.5638525	0.68086	0.31914	3.487152
2490	-2136.98	-2290.73	153.7496	1.089701	0.4366831	0.662538	0.337462	3.64298
2496	-2138.601	-2292.457	153.8555	1.025587	0.3875483	0.74158	0.25842	3.672567
2502	-2149.358	-2305.029	155.6705	1.422303	0.5370073	0.732389	0.267611	2.173346
2508	-2145.087	-2298.412	153.3249	1.080304	0.3443695	0.701676	0.298324	3.997079
2514	-2145.93	-2298.425	152.4949	1.126529	0.5876878	0.701676	0.298324	4.199806
2520	-2151.387	-2306.41	155.023	1.186936	0.3592525	0.497153	0.502847	2.922508
2526	-2136.799	-2289.811	153.0119	1.161539	0.4552274	0.715215	0.284785	4.006928
2532	-2149.751	-2302.459	152.7076	1.059206	0.3291541	0.584436	0.415564	4.37826
2538	-2149.805	-2301.601	151.7965	1.059206	0.3590298	0.687667	0.312333	4.853482
2544	-2145.859	-2300.213	154.3545	1.161923	0.4182435	0.520467	0.479533	3.266985
2550	-2160.236	-2312.926	152.6897	1.101683	0.3592901	0.534544	0.465456	4.328077
2556	-2156.031	-2309.83	153.7989	1.224408	0.4100348	0.634185	0.365815	3.564903
2562	-2153.673	-2309.024	155.3507	1.224408	0.2194433	0.67712	0.32288	2.905122
2568	-2147.753	-2301.509	153.7561	1.19756	0.5262443	0.646738	0.353262	3.487929
2574	-2152.527	-2307.456	154.9287	1.269314	0.5276097	0.584513	0.415487	2.744892
2580	-2146.596	-2300.968	154.3721	1.195725	0.1969387	0.575052	0.424948	3.54052
2586	-2134.028	-2288.265	154.2372	1.285326	0.4103888	0.544691	0.455309	3.272072
2592	-2152.102	-2305.405	153.303	1.295182	0.5749381	0.583138	0.416862	3.650901
2598	-2141.49	-2295.709	154.2182	1.193867	0.4552269	0.538588	0.461412	3.288902
2604	-2130.498	-2284.752	154.2539	1.193867	0.3468152	0.549675	0.450325	3.390925
2610	-2133.931	-2287.889	153.9576	1.219895	0.4307662	0.644725	0.355275	3.452427
2616	-2131.158	-2286.069	154.9119	1.171834	0.3437281	0.537748	0.462252	3.017958
2622	-2117.688	-2271.523	153.8349	1.037132	0.295384	0.506324	0.493676	3.792137
2628	-2121.765	-2274.289	152.5241	0.9833588	0.295384	0.506324	0.493676	4.567444
2634	-2120.465	-2273.18	152.7153	0.9833588	0.2586278	0.506324	0.493676	4.510632
2640	-2128.78	-2282.293	153.5137	1.189908	0.306215	0.590973	0.409027	3.874473
2646	-2112.322	-2267.052	154.7292	1.189908	0.5161527	0.590973	0.409027	2.925362
2652	-2130.89	-2286.149	155.2592	1.349279	0.3362192	0.590973	0.409027	2.709844
2658	-2120.641	-2276.472	155.8313	1.435793	0.398336	0.5999	0.4001	2.216591
2664	-2127.933	-2284.477	156.5439	1.481674	0.2976725	0.537032	0.462968	1.855215
2670	-2133.229	-2288.619	155.39	1.563031	0.3265256	0.645569	0.354431	2.509801
2676	-2136.327	-2291.95	155.6222	1.403151	0.2947787	0.640564	0.359436	2.509801
2682	-2129.327	-2284.608	155.2806	1.430379	0.6724808	0.586295	0.413705	2.292866
2688	-2127.082	-2282.358	155.2762	1.489692	0.6724808	0.652214	0.347786	2.257619
2694	-2134.323	-2290.179	155.8567	1.504882	0.57421	0.515871	0.484129	1.958241
2700	-2130.854	-2286.514	155.66	1.386335	0.4057744	0.661792	0.338208	2.348814
2706	-2129.951	-2284.345	154.3935	1.180757	0.549194	0.690614	0.309386	3.100767
2712	-2135.67	-2289.759	154.0885	1.151492	0.5814747	0.766595	0.233405	3.269983
2718	-2130.889	-2285.926	155.0366	1.151492	0.3777801	0.447886	0.552114	2.912891
2724	-2135.246	-2288.705	153.4592	1.284311	0.5857445	0.674184	0.325816	3.557141
2730	-2151.939	-2307.831	155.8912	1.249573	0.2409718	0.598442	0.401558	2.521957
2736	-2141.724	-2297.577	155.8534	1.51168	0.5001225	0.598442	0.401558	2.033723
2742	-2136.65	-2293.054	156.404	1.510821	0.3886962	0.545896	0.454104	1.797304
2748	-2137.262	-2293.682	156.4204	1.481321	0.3953926	0.545896	0.454104	1.797304
2754	-2134.939	-2287.767	152.8287	1.01938	0.4617441	0.647668	0.352332	4.185719
2760	-2154.503	-2309.076	154.5728	1.236065	0.4288335	0.547452	0.452548	3.081759
2766	-2143.692	-2299.404	155.712	1.41949	0.581487	0.48126	0.51874	2.103685
2772	-2135.852	-2291.293	155.4411	1.325821	0.2808823	0.635492	0.364508	2.690374
2778	-2143.463	-2298.944	155.4813	1.508859	0.6416925	0.61062	0.38938	2.139647
2784	-2133.797	-2290.015	156.2187	1.537632	0.4532986	0.61062	0.38938	1.823632
2790	-2140.534	-2295.715	155.1811	1.46378	0.3965384	0.548449	0.451551	2.611422
2796	-2133.931	-2288.484	154.5532	1.178154	0.3652205	0.548449	0.451551	3.201191
2802	-2138.644	-2292.214	153.5701	1.034253	0.3175609	0.561968	0.438032	3.91661
2808	-2135.821	-2289.926	154.1045	1.254899	0.5264607	0.561968	0.438032	3.249468
2814	-2124.069	-2278.254	154.1859	1.029687	0.4131238	0.584887	0.415113	3.449349
2820	-2123.291	-2277.125	153.8336	1.080558	0.4076629	0.601626	0.398374	3.630882
2826	-2138.2	-2293.201	155.0008	1.173547	0.3294686	0.670351	0.329649	2.982104
2832	-2121.287	-2276.943	155.656	1.208569	0.4207642	0.620752	0.379248	2.445781
2838	-2138.133	-2292.163	154.0296	1.270637	0.353214	0.620752	0.379248	3.46939
2844	-2133.319	-2288.097	154.7778	1.270637	0.3871379	0.596612	0.403388	2.985823
2850	-2139.024	-2294.561	155.5377	1.295521	0.4447224	0.663112	0.336888	2.437942
2856	-2137.766	-2292.254	154.4875	1.221101	0.4698613	0.604887	0.395113	3.097966
2862	-2146.77	-2302.307	155.5373	1.337614	0.4649574	0.668435	0.331565	2.389159
2868	-2139.383	-2292.739	153.356	1.079862	0.3708342	0.671914	0.328086	3.948081
2874	-2132.45	-2285.946	153.496	1.001473	0.3412622	0.665778	0.334222	3.948081
2880	-2128.866	-2280.342	151.4755	0.9189838	0.3466871	0.682493	0.317507	5.124164
2886	-2134.577	-2286.791	152.214	1.008961	0.3084202	0.682493	0.317507	4.709928
2892	-2129.393	-2281.937	152.5442	0.9670006	0.2922323	0.56632	0.43368	4.569487
2898	-2142.549	-2295.684	153.1346	1.019247	0.575917	0.65119	0.34881	3.906102
2904	-2134.36	-2288.969	154.6086	1.049265	0.3748255	0.641034	0.358966	3.233117
2910	-2126.73	-2281.072	154.3424	1.207931	0.4308382	0.585269	0.414731	3.233117
2916	-2127.863	-2281.996	154.1327	1.368054	0.4578987	0.559084	0.440916	3.233759
2922	-2144.351	-2299	154.6486	1.190971	0.3062747	0.494107	0.505893	3.212812
2928	-2138.519	-2292.738	154.2195	1.218191	0.4524863	0.620965	0.379035	3.276671
2934	-2142.393	-2297.124	154.7312	1.072106	0.2760568	0.685872	0.314128	3.276671
2940	-2141.423	-2295.984	154.5613	1.051414	0.360841	0.661042	0.338958	3.276671
2946	-2150.058	-2305.093	155.0356	1.236388	0.4632155	0.66417	0.33583	2.765237
2952	-2145.353	-2298.845	153.4917	1.160407	0.5220433	0.625199	0.374801	3.667116
2958	-2139.841	-2293.941	154.0993	1.04278	0.3318597	0.729597	0.270403	3.588117
2964	-2131.65	-2285.566	153.9159	1.080545	0.4031741	0.743354	0.256646	3.588117
2970	-2141.472	-2295.408	153.9358	0.9774924	0.4481049	0.737485	0.262515	3.588117
2976	-2129.212	-2283.055	153.8429	1.054457	0.4481049	0.633761	0.366239	3.597398
2982	-2121.46	-2275.289	153.8295	1.14429	0.4066263	0.649919	0.350081	3.597398
2988	-2117.145	-2270.723	153.5779	1.163415	0.5781014	0.615229	0.384771	3.565054
2994	-2132.7	-2286.735	154.0345	1.154688	0.3432549	0.665261	0.334739	3.546427
3000	-2140.816	-2294.28	153.4642	1.0406	0.3807027	0.525962	0.474038	3.897185
3006	-2134.09	-2286.414	152.324	0.9811585	0.4040733	0.589012	0.410988	4.551805
3012	-2136.423	-2288.665	152.2417	1.127799	0.3713886	0.70787	0.29213	4.551805
3018	-2137.784	-2290.269	152.4857	0.8838295	0.3713886	0.702653	0.297347	4.551805
3024	-2142.798	-2296.644	153.8456	1.102481	0.3166695	0.657463	0.342537	3.720027
3030	-2138.641	-2291.556	152.9145	0.9950777	0.3454819	0.68713	0.31287	4.277623
3036	-2119.286	-2273.636	154.3504	1.114464	0.2533344	0.626101	0.373899	3.508806
3042	-2118.95	-2271.994	153.044	1.140283	0.4554148	0.626101	0.373899	4.000575
3048	-2118.415	-2271.518	153.1035	1.079724	0.4554148	0.66947	0.33053	4.001176
3054	-2126.734	-2280.067	153.3332	1.057241	0.2739824	0.570389	0.429611	4.097407
3060	-2131.383	-2284.816	153.4329	1.023195	0.2287091	0.640996	0.359004	4.12728
3066	-2152.802	-2306.14	153.3375	1.536517	0.244643	0.667148	0.332852	3.86378
3072	-2135.985	-2292.205	156.2199	1.629362	0.3795146	0.699817	0.300183	1.854931
3078	-2143.354	-2300.358	157.0045	1.771453	0.4135624	0.626558	0.373442	1.095036
3084	-2135.323	-2292.167	156.8446	1.702128	0.4178077	0.727336	0.272664	1.286069
3090	-2135.85	-2292.478	156.6276	1.786152	0.4931286	0.701248	0.298752	1.286069
3096	-2141.482	-2298.079	156.597	1.860444	0.6676284	0.454022	0.545978	1.01583
3102	-2133.502	-2289.886	156.3845	1.869441	0.7065785	0.567906	0.432094	1.156873
3108	-2141.437	-2298.016	156.5793	1.869441	0.6003802	0.633943	0.366057	1.112749
3114	-2140.676	-2296.972	156.2957	1.744771	0.7011457	0.598406	0.401594	1.340968
3120	-2146.833	-2302.73	155.8969	1.744771	0.7347982	0.613083	0.386917	1.610476
3126	-2140.47	-2296.938	156.4672	1.677342	0.4353247	0.519373	0.480627	1.571119
3132	-2146.597	-2303.533	156.9361	1.677342	0.362148	0.715424	0.284576	1.320572
3138	-2131.993	-2288.324	156.331	1.536985	0.541681	0.546072	0.453928	1.64182
3144	-2139.885	-2295.599	155.7134	1.536985	0.541681	0.570827	0.429173	2.065391
3150	-2132.752	-2288.898	156.1454	1.515883	0.541681	0.504941	0.495059	1.787773
3156	-2137.097	-2292.735	155.6375	1.298835	0.4500727	0.748458	0.251542	2.366859
3162	-2132.829	-2288.114	155.2854	1.277108	0.3453912	0.622736	0.377264	2.725963
3168	-2129.793	-2284.786	154.9936	1.342534	0.3522704	0.632425	0.367575	2.855021
3174	-2135.475	-2290.069	154.5946	1.186322	0.3657553	0.620923	0.379077	3.171116
3180	-2131.937	-2286.013	154.0766	1.186322	0.463743	0.640262	0.359738	3.367856
3186	-2135.233	-2288.338	153.1054	1.027213	0.4121748	0.568167	0.431833	4.075057
3192	-2144.415	-2297.861	153.446	1.080693	0.423666	0.580277	0.419723	3.837221
3198	-2135.428	-2288.643	153.2157	1.080693	0.309437	0.635648	0.364352	4.103079
3204	-2151.593	-2306.117	154.5244	1.124765	0.3957552	0.640667	0.359333	3.213787
3210	-2141.878	-2295.94	154.0622	1.251105	0.4599384	0.511779	0.488221	3.342147
3216	-2138.014	-2291.868	153.8532	1.104378	0.3451553	0.627158	0.372842	3.678477
3222	-2151.616	-2305.258	153.6422	1.11697	0.4471925	0.558261	0.441739	3.678477
3228	-2145.082	-2298.598	153.5161	1.07874	0.5459226	0.53618	0.46382	3.678477
3234	-2134.064	-2287.812	153.7481	1.160858	0.3685459	0.669126	0.330874	3.678477
3240	-2144.59	-2297.427	152.8376	0.9826213	0.3883901	0.681686	0.318314	4.278563
3246	-2146.663	-2299.321	152.6578	0.9793573	0.3594402	0.633728	0.366272	4.414957
3252	-2145.22	-2299.741	154.5203	1.042752	0.3890789	0.471863	0.528137	3.272433
3258	-2136.06	-2290.391	154.3317	1.294404	0.3579431	0.604209	0.395791	3.272317
3264	-2118.894	-2273.493	154.5991	1.106339	0.4308554	0.618771	0.381229	3.141109
3270	-2127.699	-2282.864	155.1647	1.306149	0.3876057	0.653016	0.346984	2.729195
3276	-2136.065	-2290.863	154.7972	1.507702	0.4782826	0.551803	0.448197	2.729195
3282	-2140.959	-2297.207	156.2478	1.486117	0.4349527	0.663408	0.336592	1.86158
3288	-2140.21	-2294.95	154.74	1.472731	0.3469747	0.54344	0.45656	2.936324
3294	-2145.8	-2299.804	154.004	1.152603	0.4334876	0.653209	0.346791	3.461721
3300	-2152.005	-2307.449	155.4442	1.307445	0.390471	0.656424	0.343576	2.552515
3306	-2155.585	-2310.568	154.9824	1.214128	0.390471	0.656424	0.343576	2.89263
3312	-2136.051	-2290.687	154.6362	1.410251	0.4723408	0.696792	0.303208	2.89263
3318	-2126.146	-2280.945	154.7992	1.444424	0.5225217	0.525297	0.474703	2.721952
3324	-2130.746	-2285.917	155.1716	1.455556	0.3647378	0.580906	0.419094	2.661439
3330	-2132.868	-2287.457	154.5886	1.45867	0.73063	0.520261	0.479739	2.661439
3336	-2129.233	-2284.121	154.8883	1.240728	0.4199875	0.619862	0.380138	2.899308
3342	-2136.547	-2290.688	154.1409	1.13352	0.4103722	0.641847	0.358153	3.41795
3348	-2144.671	-2298.721	154.0507	1.290858	0.5749387	0.673719	0.326281	3.215729
3354	-2135.054	-2290.348	155.2937	1.355112	0.3610214	0.728889	0.271111	2.652839
3360	-2138.754	-2293.263	154.5093	1.143977	0.4157668	0.720387	0.279613	3.188703
3366	-2142.687	-2296.919	154.2326	1.04377	0.2612899	0.720387	0.279613	3.60657
3372	-2141.236	-2295.448	154.212	1.252384	0.3437573	0.58749	0.41251	3.385025
3378	-2140.522	-2294.601	154.0794	1.023814	0.2967189	0.628583	0.371417	3.656823
3384	-2132.916	-2286.497	153.5815	1.023814	0.372392	0.509788	0.490212	3.849046
3390	-2141.28	-2294.545	153.2653	1.008233	0.3352464	0.699543	0.300457	4.083375
3396	-2145.669	-2301.145	155.4753	1.204702	0.2761498	0.643293	0.356707	2.750718
3402	-2136.931	-2289.197	152.2661	1.053803	0.2950544	0.589318	0.410682	4.673019
3408	-2131.504	-2285.396	153.8926	1.079141	0.3585296	0.580303	0.419697	3.654022
3414	-2131.151	-2284.568	153.4172	1.320904	0.3002775	0.40996	0.59004	3.862584
3420	-2131.966	-2284.662	152.6953	1.109999	0.3412097	0.571821	0.428179	4.341757
3426	-2138.919	-2291.759	152.8401	0.9676575	0.3400409	0.63755	0.36245	4.341757
3432	-2139.466	-2292.189	152.7231	1.017141	0.3724488	0.663207	0.336793	4.341757
3438	-2136.394	-2290.007	153.6133	1.015786	0.4579807	0.60469	0.39531	3.742564
3444	-2137.48	-2291.674	154.1936	1.213163	0.3406565	0.604396	0.395604	3.422692
3450	-2122.902	-2275.33	152.4281	1.213183	0.3406565	0.668519	0.331481	4.434942
3456	-2122.262	-2276.161	153.8996	1.187445	0.2587033	0.705608	0.294392	3.720005
3462	-2120.211	-2274.552	154.3405	1.407988	0.4150671	0.54165	0.45835	3.132961
3468	-2111.227	-2265.472	154.2451	1.296406	0.4483344	0.653328	0.346672	3.219661
3474	-2107.461	-2262.013	154.5526	1.246419	0.4919764	0.721134	0.278866	3.021487
3480	-2112.798	-2266.765	153.9669	1.169452	0.451197	0.572327	0.427673	3.454971
3486	-2121.073	-2274.633	153.5602	1.244353	0.4378555	0.572699	0.427301	3.661892
3492	-2126.907	-2280.841	153.9345	1.243222	0.3443927	0.701455	0.298545	3.551718
3498	-2140.809	-2295.319	154.5104	1.243222	0.3969549	0.553515	0.446485	3.150473
3504	-2135.762	-2288.517	152.7549	1.026121	0.4431025	0.750967	0.249033	4.242519
3510	-2142.388	-2297.61	155.2222	1.222436	0.2127972	0.599931	0.400069	2.995106
3516	-2146.082	-2300.93	154.8476	1.222436	0.3685897	0.583056	0.416944	2.995106
3522	-2147.55	-2299.953	152.4033	1.022903	0.4716471	0.498384	0.501616	4.414688
3528	-2144.988	-2299.803	154.8147	1.204404	0.3920762	0.591868	0.408132	2.997614
3534	-2137.113	-2291.421	154.3071	1.282663	0.3011726	0.68191	0.31809	3.367058
3540	-2137.852	-2291.982	154.1298	1.054997	0.49615	0.741606	0.258394	3.381347
3546	-2136.993	-2290.533	153.5395	1.036165	0.4053146	0.469588	0.530412	3.828926
3552	-2129.053	-2282.842	153.789	1.164595	0.3695931	0.621867	0.378133	3.651381
3558	-2127.363	-2281.234	153.871	1.152107	0.3107841	0.603337	0.396663	3.684369
3564	-2126.004	-2279.508	153.504	1.173321	0.3757899	0.627185	0.372815	3.803707
3570	-2127.274	-2281.753	154.4785	1.214714	0.3090818	0.592741	0.407259	3.295474
3576	-2136.749	-2290.244	153.4945	1.090048	0.3632653	0.601919	0.398081	3.87168
3582	-2136.862	-2289.696	152.8339	1.110708	0.3043062	0.555156	0.444844	4.309393
3588	-2125.806	-2280.821	155.0145	1.307425	0.2186078	0.555156	0.444844	3.058661
3594	-2129.335	-2283.145	153.8096	1.307425	0.2209212	0.574166	0.425834	3.761232
3600	-2127.943	-2280.691	152.7478	1.388274	0.3069684	0.567081	0.432919	4.197414
3606	-2121.469	-2275.413	153.9443	1.202837	0.1772638	0.567081	0.432919	3.819322
3612	-2135.862	-2289.554	153.6917	1.033174	0.1924254	0.605191	0.394809	4.034121
3618	-2124.95	-2279.562	154.6121	1.277647	0.2982397	0.589584	0.410416	3.194129
3624	-2123.788	-2278.061	154.2725	1.191717	0.4961353	0.527001	0.472999	3.216696
3630	-2122.671	-2277.561	154.8894	1.29704	0.4694129	0.545753	0.454247	2.810804
3636	-2121.305	-2275.886	154.5807	1.176471	0.5123675	0.65081	0.34919	3.026384
3642	-2134.302	-2287.36	153.0585	1.176471	0.5560245	0.531613	0.468387	3.876865
3648	-2128.826	-2282.018	153.1927	1.188431	0.3664535	0.680916	0.319084	3.984469
3654	-2127.314	-2281.615	154.3019	1.398191	0.3664535	0.552501	0.447499	3.21822
3660	-2129.221	-2283.852	154.6315	1.254593	0.4336737	0.72216	0.27784	3.030268
3666	-2127.051	-2279.659	152.6088	1.234992	0.3516393	0.610685	0.389315	4.30749
3672	-2132.139	-2286.807	154.6683	1.250915	0.3744156	0.653691	0.346309	3.078346
3678	-2132.031	-2285.312	153.2809	1.187971	0.5449925	0.700376	0.299624	3.752041
3684	-2130.099	-2283.827	153.7283	1.09101	0.3503394	0.739577	0.260423	3.752041
3690	-2134.268	-2289.294	155.0253	1.329067	0.2591375	0.462927	0.537073	2.973878
3696	-2140.164	-2294.957	154.7933	1.341304	0.3005351	0.530203	0.469797	3.04512
3702	-2143.94	-2297.419	153.4786	1.051847	0.3523537	0.553647	0.446353	3.915692
3708	-2143.304	-2297.567	154.263	1.047536	0.2230229	0.622621	0.377379	3.645943
3714	-2141.307	-2295.957	154.6494	1.35432	0.4299698	0.609376	0.390624	2.963743
3720	-2138.465	-2291.467	153.002	0.9181245	0.4517783	0.642413	0.357587	4.154801
3726	-2131.009	-2285.942	154.9333	1.198131	0.3450498	0.661724	0.338276	2.987708
3732	-2144.15	-2298.349	154.1985	1.244395	0.4227547	0.638374	0.361626	3.30535
3738	-2139.78	-2293.756	153.976	1.235837	0.3547572	0.64393	0.35607	3.519109
3744	-2145.955	-2300.068	154.113	1.091901	0.3842615	0.64393	0.35607	3.488158
3750	-2141.837	-2296.561	154.724	1.157748	0.2591362	0.587018	0.412982	3.255409
3756	-2127.617	-2281.6	153.9835	1.074265	0.3983156	0.60528	0.39472	3.557908
3762	-2123.578	-2278.536	154.9579	1.363448	0.4800718	0.596904	0.403096	2.717271
3768	-2128.847	-2283.93	155.0835	1.499892	0.4293784	0.464765	0.535235	2.611121
3774	-2124.104	-2279.479	155.3746	1.438748	0.3781343	0.638485	0.361515	2.52931
3780	-2126.473	-2281.458	154.9851	1.323112	0.3439274	0.66044	0.33956	2.882612
3786	-2133.97	-2289.314	155.3445	1.317054	0.4409248	0.63035	0.36965	2.549597
3792	-2148.537	-2303.559	155.0216	1.330856	0.5836378	0.591662	0.408338	2.596921
3798	-2147.565	-2301.06	153.4948	1.221995	0.3646868	0.550565	0.449435	3.793955
3804	-2138.823	-2293.163	154.3407	1.221995	0.4136299	0.62893	0.37107	3.244725
3810	-2137.6	-2291.203	153.6025	1.194069	0.2628873	0.581203	0.418797	3.881115
3816	-2132.417	-2287.381	154.9636	1.391634	0.337919	0.718271	0.281729	2.861922
3822	-2123.741	-2278.401	154.6601	1.399943	0.4769207	0.631732	0.368268	2.879651
3828	-2112.982	-2267.12	154.1383	1.23135	0.5670785	0.627666	0.372334	3.206113
3834	-2135.694	-2288.813	153.1183	1.253643	0.3366547	0.627666	0.372334	4.025491
3840	-2152.298	-2306.619	154.3212	1.087147	0.3366547	0.627666	0.372334	3.426808
3846	-2140.243	-2295.56	155.3172	1.388629	0.3875718	0.627666	0.372334	2.584492
3852	-2140.903	-2296.602	155.6996	1.347867	0.3618149	0.729326	0.270674	2.403294
3858	-2144.092	-2298.945	154.8537	1.218481	0.3618149	0.679284	0.320716	3.002181
3864	-2137.053	-2291.482	154.4289	1.238356	0.3618149	0.554033	0.445967	3.243277
3870	-2137.144	-2291.681	154.5378	1.129419	0.3618149	0.659231	0.340769	3.243277
3876	-2128.655	-2283.629	154.974	1.110616	0.3618149	0.687779	0.312221	2.994743
3882	-2134.419	-2287.395	152.9762	1.294553	0.4213772	0.687779	0.312221	3.98641
3888	-2142.595	-2295.813	153.2183	1.025003	0.4362617	0.706248	0.293752	3.98641
3894	-2130.336	-2284.427	154.0912	1.201726	0.5629304	0.668933	0.331067	3.255242
3900	-2118.462	-2272.975	154.513	1.231833	0.3926211	0.597301	0.402699	3.160711
3906	-2126.343	-2279.758	153.4147	1.243167	0.4174436	0.662002	0.337998	3.768357
3912	-2125.708	-2278.979	153.2709	1.046018	0.3673282	0.447971	0.552029	4.020117
3918	-2127.815	-2282.063	154.2486	1.253176	0.2669838	0.722445	0.277555	3.466947
3924	-2146.289	-2299.917	153.6274	1.067455	0.4964861	0.620055	0.379945	3.666542
3930	-2134.716	-2287.437	152.7216	1.144048	0.32833	0.641091	0.358909	4.323432
3936	-2142.329	-2294.132	151.8034	0.9683215	0.3484823	0.628019	0.371981	4.912544
3942	-2138.904	-2293.243	154.3387	1.240501	0.8111888	0.621958	0.378042	2.887364
3948	-2144.705	-2300.343	155.6382	1.389146	0.3963689	0.587326	0.412674	2.372295
3954	-2129.371	-2283.869	154.4984	1.131716	0.2874137	0.687709	0.312291	3.362389
3960	-2132.239	-2286.591	154.3521	1.173984	0.3330005	0.705458	0.294542	3.362389
3966	-2139.348	-2291.253	151.905	1.205828	0.4136316	0.608141	0.391859	4.650639
3972	-2135.49	-2290.28	154.7903	1.291743	0.2771103	0.608141	0.391859	3.109908
3978	-2131.111	-2285.349	154.2385	1.291743	0.3518276	0.67426	0.32574	3.336274
3984	-2138.13	-2292.52	154.3904	1.396518	0.4398155	0.65665	0.34335	3.082889
3990	-2128.544	-2283.888	155.3434	1.533725	0.6473901	0.63252	0.36748	2.207907
3996	-2134.738	-2290.01	155.2721	1.532469	0.6473901	0.672576	0.327424	2.254698
4002	-2136.282	-2292.358	156.0759	1.665702	0.4192519	0.595007	0.404993	1.876114
4008	-2141.874	-2295.439	153.5646	1.197986	0.394301	0.655466	0.344534	3.733445
4014	-2146.88	-2301.594	154.7143	1.258346	0.3872367	0.533183	0.466817	3.031114
4020	-2133.125	-2286.182	153.0565	1.187855	0.2998479	0.491335	0.508665	4.145279
4026	-2137.109	-2290.564	153.4556	1.071667	0.2998479	0.581126	0.418874	3.98398
4032	-2135.595	-2289.758	154.1626	1.099066	0.3050777	0.586126	0.413874	3.553502
4038	-2144.456	-2298.699	154.2425	1.16248	0.3005666	0.601034	0.398966	3.476048
4044	-2140.043	-2294.821	154.7781	1.415775	0.5519992	0.58011	0.41989	2.724013
4050	-2130.59	-2286.344	155.7539	1.300061	0.3865959	0.715255	0.284745	2.367587
4056	-2121.842	-2277.095	155.2527	1.400725	0.4686706	0.671792	0.328208	2.524159
4062	-2122.843	-2277.991	155.1472	1.386829	0.5413173	0.589852	0.410148	2.524159
4068	-2126.25	-2281.104	154.854	1.449791	0.4956501	0.517931	0.482069	2.711969
4074	-2130.873	-2285.248	154.3752	1.122623	0.3318829	0.568077	0.431923	3.380418
4080	-2126.943	-2280.523	153.5791	1.066396	0.3474213	0.521343	0.478657	3.855662
4086	-2137.717	-2291.612	153.8946	1.098203	0.3474213	0.690982	0.309018	3.655352
4092	-2136.627	-2291.857	155.2302	1.560166	0.3715788	0.668851	0.331149	2.551834
4098	-2134.388	-2290.679	156.2903	1.477688	0.1901808	0.62307	0.37693	2.216588
4104	-2130.446	-2286.754	156.3083	1.536629	0.3934209	0.606408	0.393592	1.839095
4110	-2131.208	-2284.827	153.619	1.207227	0.287591	0.577733	0.422267	3.829109
4116	-2131.435	-2283.717	152.282	1.032838	0.3456117	0.634344	0.365656	4.612505
4122	-2129.871	-2282.899	153.0273	1.032838	0.3441089	0.634344	0.365656	4.193891
4128	-2137.025	-2289.761	152.7362	0.9438611	0.586211	0.634344	0.365656	4.167745
4134	-2128.733	-2283.174	154.4405	1.20439	0.3927027	0.583588	0.416412	3.219834
4140	-2133.719	-2286.578	152.8593	1.292229	0.3927027	0.599823	0.400177	4.08562
4146	-2134.027	-2288.459	154.4322	1.187855	0.5907451	0.6258	0.3742	3.035976
4152	-2144.131	-2299.365	155.234	1.288111	0.4065463	0.702955	0.297045	2.675256
4158	-2135.925	-2288.998	153.0731	1.160822	0.3578951	0.702955	0.297045	4.078577
4164	-2131.108	-2285.793	154.6855	1.120645	0.3954137	0.610657	0.389343	3.121015
4170	-2134.6	-2289.048	154.4482	1.366942	0.5538692	0.610657	0.389343	2.952195
4176	-2146.713	-2300.18	153.4672	1.117976	0.3216124	0.515823	0.484177	3.922419
4182	-2137.183	-2290.213	153.0295	1.02931	0.3943191	0.650704	0.349296	4.13656
4188	-2143.23	-2296.353	153.1228	1.02852	0.3487101	0.661544	0.338456	4.13656
4194	-2141.148	-2294.327	153.1788	1.042846	0.3164409	0.684733	0.315267	4.13656
4200	-2137.525	-2289.796	152.2714	1.034624	0.2586325	0.695743	0.304257	4.730795
4206	-2149.095	-2303.155	154.0599	1.088685	0.4278321	0.721874	0.278126	3.472495
4212	-2137.656	-2289.788	152.1315	0.8194215	0.3535007	0.625647	0.374353	4.806777
4218	-2133.544	-2286.311	152.7667	0.8403881	0.3859106	0.589025	0.410975	4.401777
4224	-2142.065	-2293.915	151.8496	0.872687	0.3654023	0.652732	0.347268	4.920483
4230	-2138.177	-2290.804	152.6263	0.8338561	0.425834	0.564924	0.435076	4.441623
4236	-2143.529	-2297.132	153.6026	1.288898	0.3122671	0.658787	0.341213	3.758418
4242	-2136.78	-2291.982	155.2015	1.288898	0.4705747	0.666356	0.333644	2.623282
4248	-2137.847	-2291.975	154.1281	1.161622	0.3527542	0.666356	0.333644	3.476117
4254	-2146.538	-2301.346	154.8077	1.345933	0.529535	0.568195	0.431805	2.770139
4260	-2141.751	-2294.759	153.0079	0.9418036	0.3578891	0.720797	0.279203	4.240113
4266	-2127.663	-2280.313	152.6498	1.205604	0.405229	0.544832	0.455168	4.240113
4272	-2136.505	-2288.268	151.763	1.023133	0.4758317	0.595198	0.404802	4.769821
4278	-2148.601	-2300.521	151.9202	0.8231015	0.4322427	0.542034	0.457966	4.836787
4284	-2132.472	-2286.192	153.72	0.9460314	0.3522008	0.56136	0.43864	3.838056
4290	-2141.157	-2295.445	154.2876	1.00406	0.3522008	0.627461	0.372539	3.475641
4296	-2137.154	-2292.604	155.45	1.137168	0.2987716	0.627461	0.372539	2.774303
4302	-2129.797	-2283.894	154.0961	1.149055	0.2300341	0.66479	0.33521	3.672522
4308	-2138.252	-2292.186	153.9346	1.01836	0.3522406	0.592305	0.407695	3.672522
4314	-2134.083	-2289.329	155.246	1.294903	0.477237	0.715425	0.284575	2.584978
4320	-2151.512	-2302.495	150.9838	0.8524675	0.4903576	0.671758	0.328242	5.283653
4326	-2148.4	-2300.323	151.9227	0.7954888	0.3841343	0.671758	0.328242	4.901757
4332	-2144.666	-2298.24	153.5737	0.9808399	0.3841343	0.669419	0.330581	3.864728
4338	-2136.995	-2289.371	152.3756	0.9249218	0.3507583	0.669419	0.330581	4.61447
4344	-2130.826	-2284.614	153.7882	0.9794984	0.3147904	0.646433	0.353567	3.826397
4350	-2156.479	-2309.714	153.2356	0.9561365	0.3955991	0.500004	0.499996	4.05948
4356	-2145.763	-2298.35	152.5864	0.9550275	0.2548055	0.500004	0.499996	4.604489
4362	-2153.441	-2308.112	154.6709	1.215028	0.2833786	0.491156	0.508844	3.217271
4368	-2158.275	-2312.921	154.6454	1.228613	0.4703169	0.648704	0.351296	2.998524
4374	-2145.246	-2300.548	155.3021	1.228613	0.3572092	0.648704	0.351296	2.730205
4380	-2141.092	-2296.594	155.502	1.17045	0.2932175	0.648704	0.351296	2.730205
4386	-2156.382	-2311.421	155.0391	1.30316	0.3418791	0.696765	0.303235	2.864613
4392	-2142.21	-2296.237	154.0272	0.9808078	0.3619862	0.634015	0.365985	3.62889
4398	-2148.201	-2303.621	155.4199	1.277539	0.3677259	0.634015	0.365985	2.614304
4404	-2150.041	-2303.147	153.1065	0.8887908	0.4674447	0.612062	0.387938	4.096375
4410	-2141.401	-2296.279	154.8781	1.274101	0.3168031	0.744297	0.255703	3.012282
4416	-2146.413	-2301.016	154.6029	1.161883	0.5222414	0.646128	0.353872	3.012282
4422	-2135.371	-2288.384	153.013	1.221283	0.2478087	0.584789	0.415211	4.224047
4428	-2120.759	-2276.163	155.4047	1.188215	0.38679	0.622428	0.377572	2.655258
4434	-2132.95	-2288.721	155.771	1.331832	0.2516181	0.634814	0.365186	2.52814
4440	-2145.277	-2298.683	153.406	0.9902626	0.4831562	0.634814	0.365186	3.851628
4446	-2135.948	-2289.532	153.5847	0.9501051	0.4060157	0.629317	0.370683	3.851628
4452	-2142.573	-2295.802	153.2291	0.8673412	0.3380739	0.54619	0.45381	4.180634
4458	-2150.735	-2303.507	152.7722	0.9995995	0.3735942	0.584581	0.415419	4.322624
4464	-2139.168	-2294.785	155.6167	1.511197	0.2593566	0.611302	0.388698	2.500019
4470	-2141.78	-2295.073	153.293	1.255332	0.3124376	0.687825	0.312175	3.955316
4476	-2143.174	-2296.559	153.3849	1.121214	0.1961903	0.509194	0.490806	4.152183
4482	-2139.874	-2294.637	154.7629	1.309997	0.1961903	0.579783	0.420217	3.245644
4488	-2132.257	-2286.294	154.0377	1.254365	0.2484783	0.64132	0.35868	3.61663
4494	-2136.008	-2289.501	153.4935	1.007922	0.3276491	0.65662	0.34338	3.962715
4500	-2130.187	-2284.934	154.7471	1.124799	0.2814289	0.65662	0.34338	3.228417
4506	-2137.481	-2290.784	153.303	0.9943342	0.4450901	0.639806	0.360194	3.946381
4512	-2135.537	-2288.765	153.2278	0.9943342	0.4222492	0.683348	0.316652	4.013228
4518	-2136.168	-2290.283	154.1144	1.160565	0.3513794	0.698874	0.301126	3.486436
4524	-2129.554	-2282.935	153.3814	1.159923	0.3781985	0.664154	0.335846	3.879108
4530	-2128.152	-2283.35	155.1976	1.265282	0.2957533	0.664154	0.335846	2.854203
4536	-2133.23	-2287.967	154.7372	1.165468	0.3777691	0.540967	0.459033	3.084225
4542	-2136.362	-2290.961	154.5989	1.320904	0.3419084	0.625592	0.374408	3.118221
4548	-2143.101	-2298.413	155.3118	1.312482	0.3396564	0.767555	0.232445	2.695561
4554	-2149.816	-2302.439	152.6224	1.011788	0.2809854	0.614157	0.385843	4.515542
4560	-2134.984	-2286.61	151.6262	0.8930003	0.2190195	0.607648	0.392352	5.227419
4566	-2140.4	-2294.648	154.2477	1.187639	0.2919461	0.615107	0.384893	3.470169
4572	-2147.721	-2302.066	154.3445	1.364064	0.5507006	0.49807	0.50193	3.019117
4578	-2139.872	-2295.286	155.4139	1.364064	0.4461258	0.529237	0.470763	2.471104
4584	-2141.381	-2296.346	154.9656	1.247888	0.2816208	0.599261	0.400739	3.024816
4590	-2136.875	-2289.398	152.5235	0.9929628	0.4161774	0.578288	0.421712	4.420012
4596	-2143.616	-2296.054	152.4385	1.17116	0.3684825	0.725375	0.274625	4.420012
4602	-2138.959	-2291.117	152.158	1.057746	0.324803	0.657581	0.342419	4.693326
4608	-2138.193	-2290.249	152.056	1.061012	0.3714313	0.687223	0.312777	4.693326
4614	-2135.799	-2290.895	155.0963	1.196019	0.2630416	0.501048	0.498952	3.00516
4620	-2128.434	-2282.231	153.797	1.213844	0.5770981	0.501048	0.498952	3.408569
4626	-2111.517	-2266.344	154.8272	1.240845	0.3685753	0.60678	0.39322	2.996376
4632	-2128.859	-2281.302	152.443	1.125791	0.3511935	0.556186	0.443814	4.463206
4638	-2139.113	-2291.891	152.7781	0.9419232	0.2642038	0.3943	0.6057	4.490677
4644	-2127.411	-2281.958	154.5468	1.231939	0.3411847	0.541832	0.458168	3.202943
4650	-2127.053	-2280.287	153.234	1.018989	0.2812018	0.650573	0.349427	4.165548
4656	-2130.727	-2284.281	153.5533	1.043837	0.3928	0.650573	0.349427	3.830468
4662	-2135.4	-2289.207	153.8072	1.261228	0.4118499	0.614174	0.385826	3.536606
4668	-2142.67	-2297.645	154.9755	1.186225	0.3806471	0.675919	0.324081	2.925333
4674	-2146.178	-2300.955	154.7774	1.253325	0.2569947	0.530219	0.469781	3.170425
4680	-2138.059	-2291.243	153.1841	1.19518	0.3875961	0.634678	0.365322	3.961285
4686	-2147.417	-2300.782	153.3646	1.176051	0.3112256	0.56524	0.43476	3.961285
4692	-2137.992	-2291.413	153.4214	1.164234	0.44476	0.614433	0.385567	3.781151
4698	-2126.874	-2280.384	153.5097	1.110166	0.3309979	0.581563	0.418437	3.890633
4704	-2120.969	-2273.377	152.4077	1.110166	0.5298074	0.592658	0.407342	4.308639
4710	-2133.046	-2287.534	154.4873	1.250601	0.328997	0.74053	0.25947	3.24275
4716	-2137.649	-2291.956	154.3066	1.481324	0.2999827	0.596837	0.403163	3.251951
4722	-2126.576	-2280.024	153.4482	1.260305	0.2999827	0.700314	0.299686	3.879949
4728	-2122.876	-2277.084	154.2083	1.183086	0.2845759	0.745599	0.254401	3.506118
4734	-2124.291	-2276.271	151.9803	1.125023	0.2919997	0.614524	0.385476	4.797003
4740	-2123.159	-2275.397	152.238	1.074484	0.2444298	0.480425	0.519575	4.747826
4746	-2119.934	-2273.711	153.7767	1.266379	0.3201345	0.586442	0.413558	3.660555
4752	-2124.138	-2278.069	153.931	1.359999	0.250724	0.640212	0.359788	3.613862
4758	-2137.364	-2290.208	152.8445	1.214331	0.2770905	0.62758	0.37242	4.281368
4764	-2134.389	-2287.401	153.012	1.229895	0.5613405	0.62758	0.37242	3.868197
4770	-2132.205	-2285.407	153.202	1.033997	0.3900878	0.677844	0.322156	4.040342
4776	-2143.325	-2297.2	153.8747	1.209654	0.4110475	0.634552	0.365448	3.528202
4782	-2138.281	-2292.448	154.1675	1.175329	0.3538971	0.508867	0.491133	3.443678
4788	-2134.319	-2287.527	153.2082	1.175329	0.3591222	0.509681	0.490319	3.991753
4794	-2137.138	-2288.272	151.1343	1.218951	0.2967245	0.501987	0.498013	5.208646
4800	-2127.441	-2281.015	153.5738	0.9515822	0.4024603	0.536589	0.463411	3.86094
4806	-2143.908	-2297.099	153.1909	0.9933283	0.4024603	0.536589	0.463411	4.056198
4812	-2133.359	-2286.534	153.1749	1.009368	0.4024603	0.670735	0.329265	4.056198
4818	-2133.104	-2286.202	153.098	0.8711286	0.4286026	0.632457	0.367543	4.150706
4824	-2130.005	-2282.214	152.2089	1.015975	0.2790192	0.536283	0.463717	4.74765
4830	-2134.471	-2287.041	152.5703	0.8253984	0.4110303	0.722235	0.277765	4.493472
4836	-2145.485	-2297.626	152.1417	0.975806	0.296363	0.53702	0.46298	4.784456
4842	-2133.413	-2285.457	152.0439	0.8290183	0.3931954	0.53702	0.46298	4.805582
4848	-2145.741	-2297.642	151.9012	0.8823956	0.2612149	0.540238	0.459762	5.018207
4854	-2147.069	-2298.74	151.6715	0.8516849	0.3769088	0.542	0.458	5.018207
4860	-2132.347	-2284.44	152.0923	0.9299797	0.2504293	0.625536	0.374464	4.90091
4866	-2135.891	-2287.856	151.9651	0.8868933	0.3886508	0.625536	0.374464	4.822199
4872	-2142.914	-2296.172	153.2581	1.002136	0.3886508	0.60394	0.39606	4.028109
4878	-2148.231	-2300.558	152.3276	0.9502851	0.5933868	0.575545	0.424455	4.38946
4884	-2139.264	-2292.998	153.7337	0.9502851	0.4466547	0.567569	0.432431	3.722491
4890	-2144.947	-2297.373	152.4262	0.9502851	0.535382	0.699179	0.300821	4.383563
4896	-2138.605	-2290.226	151.6205	0.8838193	0.3746768	0.615939	0.384061	5.031152
4902	-2138.635	-2290.528	151.8926	0.8916711	0.2372973	0.687006	0.312994	5.052589
4908	-2138.203	-2292.408	154.2053	1.052324	0.3101317	0.596923	0.403077	3.549111
4914	-2132.997	-2286.816	153.8188	1.248678	0.4144034	0.601357	0.398643	3.534389
4920	-2139.457	-2293.101	153.6437	1.210137	0.256397	0.717314	0.282686	3.857741
4926	-2134.926	-2290.105	155.1792	1.290238	0.2233924	0.581662	0.418338	2.962133
4932	-2140.643	-2296.277	155.634	1.555744	0.5621258	0.707117	0.292883	2.084546
4938	-2151.098	-2307.167	156.0689	1.488251	0.317847	0.565633	0.434367	2.136974
4944	-2134.286	-2290.073	155.7876	1.688488	0.6242985	0.586474	0.413526	1.830947
4950	-2133.648	-2289.923	156.2751	1.795638	0.6242985	0.493221	0.506779	1.399159
4956	-2127.339	-2284.25	156.9106	1.795638	0.4330736	0.503664	0.496336	1.125553
4962	-2129.076	-2285.977	156.9008	1.795638	0.4330736	0.571953	0.428047	1.134355
4968	-2128.764	-2285.113	156.3498	1.714973	0.6902528	0.66747	0.33253	1.33293
4974	-2124.315	-2280.457	156.142	1.606276	0.5110383	0.66747	0.33253	1.761258
4980	-2133.649	-2289.515	155.8665	1.595918	0.6142317	0.624096	0.375904	1.850152
4986	-2145.173	-2299.767	154.5945	1.656708	1.030282	0.667101	0.332899	2.326463
4992	-2142.19	-2297.826	155.6359	1.524434	0.544443	0.607341	0.392659	2.121717
4998	-2158.185	-2314.206	156.0207	1.524434	0.544443	0.529832	0.470168	1.864799
5004	-2129.342	-2285.202	155.8608	1.593194	0.6241363	0.662405	0.337595	1.846287
5010	-2127.38	-2283.81	156.4301	1.593194	0.6077756	0.645626	0.354374	1.453802
5016	-2130.258	-2286.552	156.2934	1.60401	0.4783442	0.550516	0.449484	1.694621
5022	-2131.655	-2287.363	155.7078	1.604269	0.3670332	0.56113	0.43887	2.227694
5028	-2136.088	-2293.424	157.3361	1.574038	0.2690902	0.628853	0.371147	1.250091
5034	-2132.643	-2288.979	156.3355	1.574038	0.5207627	0.598048	0.401952	1.635772
5040	-2132.783	-2289.356	156.5728	1.574038	0.4545096	0.598048	0.401952	1.544098
5046	-2123.378	-2279.321	155.9436	1.565323	0.3350376	0.576599	0.423401	2.143682
5052	-2122.602	-2278.404	155.8017	1.484175	0.5045415	0.564694	0.435306	2.081256
5058	-2122.946	-2278.669	155.7226	1.489942	0.3303748	0.72428	0.27572	2.341023
5064	-2136.313	-2291.396	155.0834	1.206917	0.2890768	0.72428	0.27572	2.967915
5070	-2134.711	-2289.376	154.6651	1.174519	0.4200533	0.65022	0.34978	3.073063
5076	-2121.562	-2276.049	154.4873	1.174519	0.4200533	0.511257	0.488743	3.17892
5082	-2139.785	-2293.499	153.7138	0.9707945	0.3955629	0.554831	0.445169	3.777029
5088	-2136.615	-2289.042	152.4276	0.9270495	0.5807276	0.641813	0.358187	4.356712
5094	-2132.2	-2285.392	153.192	0.9724092	0.3741659	0.721752	0.278248	4.099227
5100	-2131.042	-2284.227	153.1851	0.9667582	0.3741659	0.721752	0.278248	4.106361
5106	-2135.061	-2285.947	150.8858	1.082045	0.2685814	0.655862	0.344138	5.458894
5112	-2145.241	-2296.24	150.9984	0.8830454	0.3045576	0.655862	0.344138	5.458894
5118	-2128.855	-2282.323	153.4678	0.9686375	0.450998	0.482958	0.517042	3.86061
5124	-2137.381	-2290.872	153.4914	1.057512	0.3818306	0.730068	0.269932	3.870612
5130	-2136.079	-2289.658	153.5793	1.001219	0.3951366	0.619975	0.380025	3.837393
5136	-2135.132	-2288.857	153.7251	1.081446	0.3951366	0.766311	0.233689	3.707092
5142	-2122.092	-2275.877	153.7853	1.074687	0.3682804	0.550082	0.449918	3.707092
5148	-2133.032	-2287.531	154.4992	1.074687	0.4280575	0.755513	0.244487	3.222214
5154	-2131.813	-2287.3	155.4872	1.34388	0.4341293	0.618179	0.381821	2.451339
5160	-2138.097	-2292.876	154.7794	1.397483	0.3768163	0.70742	0.29258	2.920841
5166	-2123.26	-2278.543	155.283	1.373686	0.3768163	0.669443	0.330557	2.628146
5172	-2138.862	-2293.536	154.6743	1.41597	0.2193213	0.585057	0.414943	3.195345
5178	-2125.444	-2279.541	154.0966	1.218475	0.412191	0.526684	0.473316	3.392092
5184	-2136.758	-2290.793	154.0355	1.19945	0.4561439	0.567419	0.432581	3.392092
5190	-2137.972	-2293.515	155.5424	1.36281	0.6014341	0.549053	0.450947	2.2317
5196	-2141.614	-2297.045	155.4302	1.36281	0.4084867	0.692816	0.307184	2.505085
5202	-2146.503	-2302.052	155.5493	1.275432	0.3012827	0.6111	0.3889	2.624957
5208	-2136.141	-2291.254	155.1126	1.412884	0.5769389	0.660672	0.339328	2.495482
5214	-2128.857	-2284.477	155.6199	1.340099	0.315202	0.660672	0.339328	2.521222
5220	-2125.092	-2280.492	155.4003	1.447129	0.5126134	0.716114	0.283886	2.355825
5226	-2138.569	-2294.416	155.8477	1.398813	0.5126134	0.489307	0.510693	2.098456
5232	-2137.425	-2292.1	154.6758	1.62512	0.4705286	0.639183	0.360817	2.739817
5238	-2126.831	-2282.31	155.479	1.486701	0.6660501	0.604113	0.395887	2.133865
5244	-2133.96	-2288.576	154.6165	1.335706	0.2461033	0.604113	0.395887	3.233771
5250	-2136.189	-2290.343	154.155	1.185646	0.5395629	0.482062	0.517938	3.248361
5256	-2132.761	-2287.005	154.2438	1.188839	0.3950989	0.617116	0.382884	3.342294
5262	-2136.405	-2290.373	153.9681	1.065454	0.2214611	0.622842	0.377158	3.808444
5268	-2123.75	-2277.542	153.7924	1.082865	0.4410886	0.672561	0.327439	3.617543
5274	-2131.366	-2285.866	154.5005	1.144084	0.3229382	0.623133	0.376867	3.305745
5280	-2123.366	-2277.705	154.3383	1.122399	0.38333	0.47347	0.52653	3.339399
5286	-2132.038	-2284.29	152.2524	0.9313479	0.3014881	0.692154	0.307846	4.740755
5292	-2131.27	-2284.723	153.4525	0.9313479	0.3515571	0.692154	0.307846	4.000588
5298	-2131.16	-2284.068	152.9074	1.131863	0.3602807	0.592399	0.407601	4.186466
5304	-2133.712	-2288.453	154.7408	1.173979	0.329456	0.579812	0.420188	3.137285
5310	-2140.288	-2295.645	155.3577	1.283542	0.5012478	0.555286	0.444714	2.497422
5316	-2150.285	-2305.546	155.2611	1.283542	0.4216652	0.608075	0.391925	2.643869
5322	-2146.329	-2301.546	155.2175	1.512465	0.3296774	0.59832	0.40168	2.643869
5328	-2148.855	-2304.475	155.6196	1.404854	0.379913	0.59832	0.40168	2.394639
5334	-2131.288	-2287.24	155.9522	1.532724	0.468106	0.739374	0.260626	1.990019
5340	-2127.575	-2283.039	155.4646	1.426956	0.44769	0.672936	0.327064	2.397878
5346	-2132.104	-2287.716	155.6111	1.611989	0.5713386	0.644279	0.355721	2.053363
5352	-2124.439	-2280.168	155.729	1.623456	0.4898853	0.59303	0.40697	2.053363
5358	-2132.989	-2288.083	155.0945	1.515401	0.7361433	0.6014	0.3986	2.30472
5364	-2132.46	-2287.784	155.3247	1.536315	0.5548351	0.607505	0.392495	2.30472
5370	-2127.334	-2282.457	155.1227	1.482154	0.4287397	0.620898	0.379102	2.598589
5376	-2134.562	-2290.05	155.488	1.564088	0.5752371	0.485788	0.514212	2.16167
5382	-2133.664	-2289.721	156.0577	1.36557	0.5357777	0.575894	0.424106	1.956486
5388	-2134.872	-2289.685	154.8135	1.33943	0.3917217	0.667821	0.332179	2.917488
5394	-2134.327	-2289.982	155.6552	1.493645	0.506867	0.667821	0.332179	2.16833
5400	-2141.563	-2294.378	152.8153	0.9718564	0.2689995	0.6805	0.3195	4.446064
5406	-2136.837	-2289.343	152.5065	0.9239875	0.3239835	0.6805	0.3195	4.57397
5412	-2142.227	-2294.814	152.587	0.9001641	0.3239835	0.48167	0.51833	4.542115
5418	-2140.462	-2294.126	153.6637	1.048447	0.2538389	0.583997	0.416003	3.942788
5424	-2131.423	-2284.722	153.2993	1.191748	0.3486325	0.594583	0.405417	3.942788
5430	-2143.21	-2296.743	153.533	1.204025	0.2775392	0.653342	0.346658	3.894331
5436	-2140.309	-2294.246	153.9368	1.079263	0.3087246	0.677682	0.322318	3.691166
5442	-2135.87	-2287.622	151.7526	1.09064	0.4540605	0.677682	0.322318	4.759114
5448	-2123.256	-2276.806	153.5496	1.0816	0.4624877	0.617525	0.382475	3.73682
5454	-2132.376	-2284.679	152.3034	1.091331	0.2386047	0.617525	0.382475	4.710562
5460	-2131.973	-2287.037	155.0641	1.337111	0.2700048	0.53792	0.46208	2.929131
5466	-2117.813	-2271.713	153.8998	1.177804	0.5024692	0.500547	0.499453	3.438022
5472	-2130.331	-2284.34	154.0091	1.171743	0.4424806	0.593269	0.406731	3.438022
5478	-2145.991	-2299.357	153.3651	1.171657	0.2295661	0.593269	0.406731	4.07999
5484	-2139.99	-2294.028	154.0378	1.408095	0.4919847	0.527015	0.472985	3.231629
5490	-2140.319	-2293.815	153.4951	1.130208	0.3077396	0.67239	0.32761	3.9174
5496	-2136.314	-2288.347	152.033	1.220627	0.4158328	0.67239	0.32761	4.568223
5502	-2135.177	-2289.029	153.852	1.12186	0.4895403	0.622769	0.377231	3.511215
5508	-2138.124	-2291.185	153.0608	1.043416	0.4170551	0.622769	0.377231	4.086026
5514	-2132.632	-2284.955	152.3231	1.08751	0.4170551	0.598175	0.401825	4.47874
5520	-2147.616	-2302.055	154.4391	1.14925	0.2460493	0.603164	0.396836	3.447805
5526	-2165.651	-2319.628	153.9775	1.14925	0.4636179	0.60541	0.39459	3.447805
5532	-2139.417	-2294.524	155.1066	1.228411	0.3200825	0.715415	0.284585	2.897811
5538	-2144.658	-2298.585	153.9275	1.179244	0.2975611	0.715415	0.284585	3.653605
5544	-2128.058	-2283.268	155.2092	1.376501	0.4067431	0.581535	0.418465	2.635813
5550	-2135.86	-2290.909	155.0483	1.522035	0.5854377	0.581535	0.418465	2.459447
5556	-2131.896	-2287.868	155.9725	1.469325	0.2146672	0.63816	0.36184	2.378585
5562	-2122.896	-2277.308	154.412	1.263606	0.2645053	0.618573	0.381427	3.368751
5568	-2130.5	-2284.924	154.4244	1.298884	0.4002415	0.64668	0.35332	3.164707
5574	-2133.173	-2287.947	154.7735	1.157292	0.3018758	0.621292	0.378708	3.164707
5580	-2131.901	-2287.226	155.3241	1.138286	0.4683426	0.654795	0.345205	2.642925
5586	-2127.685	-2280.193	152.5088	1.015755	0.3945587	0.584973	0.415027	4.438731
5592	-2130.309	-2282.728	152.419	1.161888	0.3556598	0.58511	0.41489	4.45112
5598	-2131.023	-2284.056	153.033	1.161888	0.3556598	0.557515	0.442485	4.103426
5604	-2128.201	-2281.402	153.2011	1.161888	0.3616459	0.508595	0.491405	4.000483
5610	-2124.112	-2276.4	152.2883	0.9001698	0.3654665	0.508595	0.491405	4.660109
5616	-2129.059	-2282.757	153.6985	1.232825	0.2337672	0.510773	0.489227	3.847654
5622	-2125.832	-2279.73	153.8978	1.260889	0.4579545	0.692674	0.307326	3.434909
5628	-2120.119	-2274.021	153.901	1.098636	0.354321	0.642764	0.357236	3.642931
5634	-2137.156	-2290.129	152.9729	1.137601	0.2520547	0.591073	0.408927	4.287897
5640	-2125.026	-2277.763	152.7366	1.172635	0.3309025	0.61925	0.38075	4.295592
5646	-2131.962	-2286.07	154.1077	1.158217	0.4256483	0.626101	0.373899	3.406181
5652	-2140.367	-2295.81	155.443	1.326207	0.3959139	0.527673	0.472327	2.535021
5658	-2143.904	-2297.7	153.7954	1.171415	0.2969489	0.703152	0.296848	3.735373
5664	-2135.951	-2288.22	152.2691	1.163639	0.2722129	0.640073	0.359927	4.640738
5670	-2130.038	-2283.684	153.6459	1.170162	0.3191525	0.677554	0.322446	3.792958
5676	-2135.397	-2290.415	155.0181	1.158054	0.2638939	0.715513	0.284487	3.07335
5682	-2134.674	-2288.55	153.876	1.158054	0.3247578	0.527579	0.472421	3.65984
5688	-2140.56	-2292.003	151.4432	0.9079125	0.3193455	0.687351	0.312649	5.181138
5694	-2137.102	-2287.826	150.7244	0.9079125	0.3125549	0.660155	0.339845	5.585815
5700	-2128.299	-2279.853	151.5546	0.7446052	0.3637791	0.660155	0.339845	5.157177
5706	-2127.462	-2280.047	152.5854	1.172195	0.3843326	0.57441	0.42559	4.318508
5712	-2128.092	-2281.975	153.8838	1.221928	0.4301752	0.640668	0.359332	3.495016
5718	-2127.396	-2281.625	154.2282	1.174554	0.4328448	0.640668	0.359332	3.318067
5724	-2135.958	-2291.444	155.4859	1.294039	0.3994314	0.689381	0.310619	2.524096
5730	-2129.75	-2285.04	155.2903	1.294039	0.3628799	0.640445	0.359555	2.690144
5736	-2133.812	-2289.947	156.1349	1.372558	0.2647028	0.640445	0.359555	2.251027
5742	-2130.083	-2286.14	156.0567	1.372558	0.2968304	0.584186	0.415814	2.251027
5748	-2126.393	-2281.526	155.1329	1.338568	0.4184225	0.438296	0.561704	2.692565
5754	-2125.191	-2279.776	154.5848	1.425482	0.3103769	0.610772	0.389228	3.105824
5760	-2127.182	-2282.32	155.1385	1.431833	0.4102874	0.723571	0.276429	2.641195
5766	-2139.996	-2295.525	155.529	1.337	0.4556489	0.555885	0.444115	2.405082
5772	-2130.9	-2285.685	154.7846	1.317686	0.4584102	0.707833	0.292167	2.873451
5778	-2132.542	-2287.878	155.337	1.317686	0.51205	0.694182	0.305818	2.477929
5784	-2130.616	-2283.781	153.1657	1.105131	0.4194333	0.537176	0.462824	3.988393
5790	-2123.572	-2277.553	153.9805	1.153888	0.4040768	0.525949	0.474051	3.506782
5796	-2132.083	-2287.041	154.9578	1.168924	0.4049471	0.578385	0.421615	2.917887
5802	-2123.451	-2277.402	153.9511	1.058768	0.3774821	0.528961	0.471039	3.609544
5808	-2121.558	-2274.981	153.4234	1.078309	0.3267978	0.631432	0.368568	3.963658
5814	-2129.756	-2283.232	153.4761	1.191843	0.3669504	0.660672	0.339328	3.819406
5820	-2140.296	-2295.088	154.7927	1.252293	0.2708872	0.574896	0.425104	3.141095
5826	-2124.011	-2278.196	154.1856	1.282435	0.4950231	0.676697	0.323303	3.21555
5832	-2128.611	-2281.267	152.6565	1.173621	0.4950231	0.742655	0.257345	4.163701
5838	-2133.679	-2287.488	153.8091	1.205047	0.3240299	0.532145	0.467855	3.672306
5844	-2126.986	-2281.794	154.8073	1.073096	0.3060449	0.583474	0.416526	3.188897
5850	-2128.394	-2281.661	153.2673	1.051142	0.4755323	0.556696	0.443304	3.903778
5856	-2132.646	-2287.073	154.4273	1.118429	0.3536362	0.615716	0.384284	3.324968
5862	-2136.908	-2292.232	155.3239	1.461928	0.3572561	0.627091	0.372909	2.572929
5868	-2145.238	-2300.394	155.1563	1.397566	0.6160835	0.489666	0.510334	2.441846
5874	-2142.109	-2297.989	155.8802	1.208497	0.3143296	0.663981	0.336019	2.441846
5880	-2145.768	-2301.33	155.5621	1.364513	0.2872167	0.532941	0.467059	2.582431
5886	-2148.026	-2303.76	155.7342	1.364513	0.6375197	0.512352	0.487648	2.07226
5892	-2142.625	-2298.457	155.8322	1.387666	0.3032087	0.663157	0.336843	2.375134
5898	-2142.731	-2298.62	155.8887	1.387666	0.5946971	0.536247	0.463753	1.995016
5904	-2137.758	-2294.101	156.3435	1.424819	0.2920479	0.707285	0.292715	2.037266
5910	-2133.128	-2289.359	156.2317	1.424819	0.4265447	0.665212	0.334788	1.924648
5916	-2143.648	-2299.567	155.9193	1.424819	0.3485459	0.629448	0.370552	2.231761
5922	-2133.602	-2288.147	154.5451	1.144533	0.3737264	0.535139	0.464861	3.215675
5928	-2122.13	-2276.773	154.6431	1.318984	0.4735211	0.535139	0.464861	2.942313
5934	-2137.73	-2291.814	154.0847	1.148713	0.5299661	0.705893	0.294107	3.320529
5940	-2142.243	-2295.379	153.1362	1.121928	0.3761928	0.587367	0.412633	4.043444
5946	-2134.639	-2287.231	152.5912	1.096607	0.215315	0.550086	0.449914	4.582542
5952	-2134.222	-2287.258	153.0364	1.201987	0.3269309	0.721438	0.278562	4.113714
5958	-2138.653	-2288.907	150.254	0.9425467	0.3910964	0.659399	0.340601	5.734138
5964	-2132.304	-2285.489	153.1857	0.9425467	0.3910964	0.653829	0.346171	4.100627
5970	-2134.517	-2286.422	151.905	0.785141	0.3055989	0.529158	0.470842	5.010496
5976	-2122.268	-2276.785	154.5174	1.029811	0.3476122	0.613159	0.386841	3.33156
5982	-2125.724	-2280.063	154.3388	1.055321	0.4186969	0.663853	0.336147	3.338535
5988	-2129.801	-2283.429	153.6289	1.178061	0.6824678	0.663853	0.336147	3.441216
5994	-2128.847	-2282.286	153.4395	1.070536	0.5487126	0.575904	0.424096	3.724946
6000	-2134.314	-2287.385	153.0707	1.214656	0.4741745	0.691066	0.308934	3.924052
6006	-2130.645	-2284.51	153.8643	1.199793	0.2772674	0.625941	0.374059	3.706396
6012	-2139.325	-2292.283	152.9588	1.057522	0.4681694	0.594206	0.405794	4.083676
6018	-2145.397	-2299.549	154.1516	1.159093	0.4530215	0.741601	0.258399	3.350895
6024	-2136.639	-2289.861	153.2215	1.03086	0.2873301	0.590274	0.409726	4.157512
6030	-2137.085	-2291.599	154.5147	1.105511	0.3784514	0.702155	0.297845	3.251078
6036	-2136.273	-2290.959	154.6859	1.133963	0.3860684	0.529405	0.470595	3.123732
6042	-2135.804	-2288.551	152.7474	0.9337493	0.2937017	0.566397	0.433603	4.47202
6048	-2128.291	-2281.927	153.636	0.9950689	0.2908622	0.604628	0.395372	3.936641
6054	-2133.547	-2288.23	154.683	1.112393	0.3771225	0.570973	0.429027	3.148881
6060	-2128.678	-2281.888	153.2099	1.198279	0.3690028	0.625039	0.374961	3.966011
6066	-2148.168	-2303.59	155.4217	1.222572	0.2176811	0.625039	0.374961	2.866297
6072	-2125.526	-2280.366	154.8403	1.222572	0.4882613	0.625039	0.374961	2.866297
6078	-2124.693	-2279.558	154.8651	1.22809	0.3708716	0.57711	0.42289	2.978439
6084	-2129.555	-2283.794	154.2393	1.204383	0.3708716	0.623489	0.376511	3.36406
6090	-2128.829	-2283.091	154.2619	0.9964636	0.3292323	0.588546	0.411454	3.523801
6096	-2125.117	-2278.343	153.2262	0.9176935	0.3772957	0.588546	0.411454	4.107302
6102	-2129.848	-2282.226	152.378	1.008848	0.3859739	0.501332	0.498668	4.525704
6108	-2123.737	-2277.974	154.2375	1.250962	0.2648169	0.636529	0.363471	3.47789
6114	-2140.666	-2296.362	155.6962	1.503384	0.5643769	0.678555	0.321445	2.07581
6120	-2138.805	-2294.891	156.0859	1.49104	0.5913892	0.558032	0.441968	1.794027
6126	-2142.491	-2297.98	155.4894	1.321784	0.4988919	0.74281	0.25719	2.393031
6132	-2135.767	-2291.44	155.6729	1.321784	0.3786107	0.50799	0.49201	2.41509
6138	-2139.355	-2292.875	153.5198	1.282453	0.2804168	0.604389	0.395611	3.852885
6144	-2124.979	-2278.346	153.3668	1.176427	0.4642483	0.625675	0.374325	3.785779
6150	-2131.588	-2286.663	155.0749	1.357057	0.5361878	0.511497	0.488503	2.592602
6156	-2129.699	-2284.447	154.7478	1.40716	0.8687493	0.542889	0.457111	2.493335
6162	-2147.955	-2302.69	154.7348	1.267442	0.8687493	0.628485	0.371515	2.588375
6168	-2137.91	-2291.67	153.7601	1.008921	0.309994	0.729606	0.270394	3.831898
6174	-2110.18	-2265.962	155.7819	1.600719	0.498667	0.668621	0.331379	2.023708
6180	-2111.408	-2267.075	155.6668	1.611674	0.498667	0.521978	0.478022	2.092433
6186	-2128.868	-2284.41	155.5418	1.438692	0.6432804	0.507408	0.492592	2.144545
6192	-2132.268	-2288.322	156.0547	1.438692	0.2951657	0.602497	0.397503	2.212268
6198	-2131.936	-2288.654	156.7175	1.687336	0.2951657	0.734231	0.265769	1.592017
6204	-2141.187	-2297.972	156.7849	1.892438	0.2581353	0.739827	0.260173	1.456866
6210	-2117.253	-2273.759	156.5065	1.892438	0.5073309	0.527911	0.472089	1.278934
6216	-2128.698	-2285.714	157.0164	1.829134	0.3147985	0.585581	0.414419	1.213176
6222	-2131.45	-2288.432	156.9821	1.716996	0.408825	0.652989	0.347011	1.171823
6228	-2134.057	-2290.845	156.7874	1.834049	0.4511302	0.498838	0.501162	1.171823
6234	-2135.872	-2293.029	157.1564	1.827461	0.3392624	0.605735	0.394265	1.039999
6240	-2135.264	-2291.781	156.5171	1.827461	0.5585329	0.698361	0.301639	1.256935
6246	-2130.747	-2287.131	156.3844	1.790868	0.5193433	0.677624	0.322376	1.440488
6252	-2132.265	-2288.832	156.567	1.8719	0.4911659	0.552195	0.447805	1.268089
6258	-2138.461	-2295.119	156.6582	1.718002	0.4118052	0.692451	0.307549	1.430073
6264	-2152.793	-2306.768	153.9749	1.408584	0.3783686	0.610638	0.389362	3.39055
6270	-2147.676	-2301.097	153.4216	1.138774	0.5819707	0.648778	0.351222	3.666705
6276	-2138.492	-2291.463	152.9707	1.128256	0.3798675	0.61719	0.38281	4.129929
6282	-2138.487	-2292.228	153.7417	1.199224	0.3683817	0.674995	0.325005	3.660167
6288	-2134.771	-2287.762	152.9908	1.074729	0.2591759	0.556928	0.443072	4.302948
6294	-2133.325	-2286.372	153.0471	1.1703	0.3039663	0.556928	0.443072	4.155159
6300	-2119.76	-2274.158	154.3981	1.139317	0.4201299	0.556928	0.443072	3.252469
6306	-2121.339	-2276.266	154.9265	1.242868	0.4469991	0.516231	0.483769	2.845091
6312	-2121.594	-2276.589	154.9949	1.305777	0.3775252	0.601135	0.398865	2.845091
6318	-2113.699	-2267.852	154.1534	1.256826	0.4710952	0.644871	0.355129	3.273657
6324	-2119.69	-2274.401	154.7108	1.29111	0.2683941	0.637396	0.362604	3.170364
6330	-2142.946	-2297.506	154.5603	1.285779	0.4590372	0.595235	0.404765	3.027088
6336	-2151.365	-2306.563	155.1977	1.268784	0.4590372	0.707891	0.292109	2.650419
6342	-2138.682	-2293.204	154.5214	1.327346	0.5323515	0.698813	0.301187	2.952172
6348	-2137.505	-2291.799	154.294	1.238654	0.3010352	0.499438	0.500562	3.400759
6354	-2122.006	-2277.923	155.9175	1.312424	0.2993779	0.498117	0.501883	2.374412
6360	-2112.38	-2266.972	154.5922	1.16554	0.4185376	0.498117	0.501883	3.123591
6366	-2131.605	-2285.47	153.8647	1.266869	0.312771	0.569828	0.430172	3.618908
6372	-2118.657	-2272.724	154.067	1.266869	0.2201696	0.545378	0.454622	3.637097
6378	-2116.774	-2270.691	153.9176	1.054713	0.3725233	0.5572	0.4428	3.637092
6384	-2128.228	-2282.172	153.9446	1.380045	0.3507547	0.574383	0.425617	3.458181
6390	-2115.373	-2270.144	154.7708	1.380045	0.4624724	0.561376	0.438624	2.839718
6396	-2115.224	-2270.46	155.2361	1.380045	0.3319835	0.593759	0.406241	2.710741
6402	-2121.68	-2276.711	155.0302	1.330512	0.3100808	0.593759	0.406241	2.895928
6408	-2114.088	-2269.586	155.4981	1.44045	0.4344834	0.574367	0.425633	2.383215
6414	-2138.435	-2294.793	156.3576	1.832809	0.211359	0.755268	0.244732	1.895552
6420	-2134.62	-2290.847	156.2271	1.617005	0.4119405	0.457051	0.542949	1.815242
6426	-2128.052	-2283.188	155.1367	1.365113	0.4119405	0.457051	0.542949	2.681454
6432	-2130.591	-2286.312	155.7203	1.291619	0.3050539	0.492616	0.507384	2.503249
6438	-2116.762	-2271.73	154.9671	1.31727	0.3214867	0.542923	0.457077	2.92649
6444	-2122.681	-2276.431	153.7497	1.121143	0.4798604	0.547011	0.452989	3.580692
6450	-2130.326	-2283.353	153.027	1.066522	0.4311294	0.710782	0.289218	4.077266
6456	-2139.166	-2292.407	153.2406	1.13216	0.2622859	0.762675	0.237325	4.124122
6462	-2133.747	-2287.375	153.6285	1.203747	0.2622859	0.737368	0.262632	3.861527
6468	-2135.018	-2289.656	154.6372	1.138693	0.3633012	0.723924	0.276076	3.177126
6474	-2145.608	-2300.32	154.7119	1.156263	0.2651009	0.595469	0.404531	3.254458
6480	-2134.618	-2288.989	154.3708	1.118449	0.2907142	0.650056	0.349944	3.440379
6486	-2148.68	-2303.969	155.2892	1.211528	0.2685466	0.699515	0.300485	2.871196
6492	-2134.288	-2289.053	154.7648	1.209918	0.445973	0.627011	0.372989	2.963747
6498	-2122.501	-2276.146	153.6454	1.20364	0.4472482	0.653676	0.346324	3.626313
6504	-2137.748	-2292.002	154.2543	1.247633	0.3835904	0.653676	0.346324	3.314842
6510	-2132.043	-2286.605	154.5622	1.082902	0.328122	0.626177	0.373823	3.298676
6516	-2130.713	-2285.858	155.1447	1.365481	0.2106476	0.546472	0.453528	2.95946
6522	-2137.246	-2292.216	154.9706	1.115006	0.3905297	0.585473	0.414527	2.95946
6528	-2128.033	-2282.493	154.4607	1.181544	0.5193698	0.579535	0.420465	3.088301
6534	-2132.59	-2286.148	153.5581	1.181544	0.380136	0.655804	0.344196	3.762767
6540	-2146.606	-2300.783	154.1766	1.194707	0.2635597	0.642017	0.357983	3.54804
6546	-2139.516	-2293.972	154.4561	1.169445	0.4530584	0.551124	0.448876	3.16488
6552	-2128.204	-2282.048	153.8438	1.267603	0.2897194	0.621125	0.378875	3.66163
6558	-2133.581	-2289.438	155.8566	1.407554	0.3300858	0.514549	0.485451	2.308498
6564	-2119.965	-2275.784	155.8191	1.428508	0.4510117	0.613935	0.386065	2.16605
6570	-2119.53	-2275.025	155.4954	1.473577	0.5157784	0.649068	0.350932	2.275021
6576	-2122.675	-2278.854	156.1789	1.269822	0.3004054	0.627744	0.372256	2.233133
6582	-2133.251	-2287.541	154.2896	1.112214	0.2934518	0.558727	0.441273	3.48768
6588	-2130.07	-2284.955	154.8855	1.054433	0.3251175	0.585913	0.414087	3.128022
6594	-2137.802	-2291.587	153.7853	1.017639	0.2580829	0.744825	0.255175	3.884502
6600	-2126.836	-2281.44	154.604	1.167204	0.3025074	0.473751	0.526249	3.258366
6606	-2132.217	-2286.521	154.3037	1.351633	0.4587183	0.552385	0.447615	3.141229
6612	-2124.67	-2280.855	156.1849	1.520722	0.2277493	0.636316	0.363684	2.186054
6618	-2123.303	-2279.894	156.5909	1.566141	0.2802887	0.601851	0.398149	1.793229
6624	-2117.765	-2271.7	153.9347	1.447492	0.3552876	0.536395	0.463605	3.41893
6630	-2131.696	-2287.373	155.6763	1.553705	0.2536943	0.644269	0.355731	2.445152
6636	-2132.06	-2288.14	156.0801	1.579833	0.4515022	0.573564	0.426436	1.891725
6642	-2133.078	-2288.662	155.5843	1.601406	0.4515022	0.602701	0.397299	2.205576
6648	-2131.192	-2287.397	156.2056	1.603987	0.2973411	0.582375	0.417625	2.001572
6654	-2126.043	-2281.8	155.7566	1.567888	0.2962318	0.470997	0.529003	2.319035
6660	-2133.332	-2290.283	156.9507	1.567888	0.2962318	0.629553	0.370447	1.506196
6666	-2130.177	-2286.355	156.1773	1.567888	0.5960529	0.599961	0.400039	1.67095
6672	-2128.429	-2284.447	156.0182	1.499545	0.5615413	0.599961	0.400039	1.865515
6678	-2143.586	-2299.474	155.8885	1.499545	0.6513267	0.683009	0.316991	1.865515
6684	-2144.04	-2299.88	155.8399	1.499545	0.7501044	0.501517	0.498483	1.810558
6690	-2137.064	-2291.721	154.6577	1.135306	0.3500256	0.54886	0.45114	3.183363
6696	-2138.062	-2291.512	153.4502	1.117105	0.2746553	0.723914	0.276086	3.995577
6702	-2138.365	-2292.87	154.5056	1.337939	0.5118241	0.712959	0.287041	2.975118
6708	-2121.859	-2277.495	155.6368	1.380744	0.2702371	0.712959	0.287041	2.551724
6714	-2139.732	-2294.856	155.1238	1.168566	0.3973563	0.690265	0.309735	2.826462
6720	-2142.716	-2295.364	152.6473	1.068064	0.2444072	0.527826	0.472174	4.522083
6726	-2139.083	-2291.737	152.6544	1.005739	0.4057675	0.467048	0.532952	4.350074
6732	-2121.133	-2273.688	152.5547	1.089442	0.222325	0.563714	0.436286	4.595885
6738	-2121.905	-2275.048	153.1423	1.065851	0.3800472	0.629432	0.370568	4.067569
6744	-2131.414	-2285.48	154.0658	1.180679	0.6611236	0.629432	0.370568	3.199322
6750	-2131.75	-2286.879	155.1297	1.315748	0.4343785	0.576478	0.423522	2.690485
6756	-2129.372	-2285.316	155.9436	1.363482	0.4654802	0.481618	0.518382	2.110617
6762	-2133.307	-2288.925	155.6177	1.33906	0.4338086	0.510004	0.489996	2.372468
6768	-2137.378	-2292.777	155.3982	1.465579	0.4612092	0.629319	0.370681	2.400317
6774	-2140.991	-2293.646	152.6549	1.151865	0.4111348	0.614587	0.385413	4.26131
6780	-2140.243	-2291.116	150.8728	1.031591	0.251924	0.614587	0.385413	5.517141
6786	-2143.005	-2294.914	151.9089	0.807467	0.2383807	0.678788	0.321212	5.088639
6792	-2131.394	-2284.17	152.777	0.9908608	0.2144358	0.546911	0.453089	4.539019
6798	-2132.39	-2284.95	152.5598	0.8492597	0.3631591	0.563064	0.436936	4.539019
6804	-2146.855	-2299.99	153.1351	1.07565	0.2670527	0.455851	0.544149	4.209355
6810	-2134.49	-2289.504	155.0145	1.290471	0.3313023	0.688248	0.311752	2.901043
6816	-2146.472	-2299.781	153.3094	1.216144	0.5947475	0.67936	0.32064	3.675978
6822	-2140.875	-2292.652	151.7762	0.8377673	0.3138215	0.664491	0.335509	5.042346
6828	-2146.507	-2297.517	151.01	0.7280664	0.3085195	0.664491	0.335509	5.532736
6834	-2129.853	-2281.693	151.8407	0.7781278	0.3141041	0.724549	0.275451	5.039331
6840	-2138.17	-2292.063	153.8937	1.052475	0.2442713	0.489037	0.510963	3.822885
6846	-2141.177	-2293.771	152.5935	1.051463	0.3909241	0.489037	0.510963	4.374802
6852	-2149.186	-2302.228	153.0418	0.8436562	0.2987873	0.624172	0.375828	4.350028
6858	-2136.33	-2288.034	151.704	0.9104558	0.2987873	0.56897	0.43103	5.061269
6864	-2131.612	-2283.531	151.9187	0.9132331	0.5624186	0.56897	0.43103	4.666137
6870	-2123.825	-2276.154	152.3293	1.041525	0.4673109	0.6405	0.3595	4.450167
6876	-2123.864	-2276.655	152.7915	1.176934	0.411475	0.64203	0.35797	4.16928
6882	-2125.498	-2276.454	150.9555	0.9233198	0.2101471	0.657543	0.342457	5.594208
6888	-2132.202	-2283.163	150.9605	1.120364	0.3730953	0.588035	0.411965	5.267409
6894	-2124.634	-2279.455	154.8216	1.120364	0.4269226	0.556504	0.443496	3.004211
6900	-2125.707	-2280.612	154.9053	1.109428	0.4054172	0.498251	0.501749	2.984761
6906	-2129.529	-2284.379	154.8505	1.245583	0.3642826	0.474555	0.525445	2.984761
6912	-2123.84	-2278.69	154.8497	1.290219	0.3433584	0.635274	0.364726	2.984761
6918	-2129.734	-2284.115	154.381	1.410151	0.2099389	0.639012	0.360988	3.387562
6924	-2115.454	-2270.117	154.663	1.33589	0.2715853	0.639012	0.360988	3.167473
6930	-2124.152	-2276.825	152.673	0.941791	0.2253339	0.618121	0.381879	4.607668
6936	-2130.133	-2282.565	152.4322	1.090775	0.2115431	0.671685	0.328315	4.681001
6942	-2132.352	-2286.763	154.4106	1.282468	0.2693425	0.671685	0.328315	3.351347
6948	-2152.498	-2305.828	153.3298	1.244878	0.5225579	0.634631	0.365369	3.711429
6954	-2134.382	-2288.778	154.3954	1.38302	0.2664195	0.709378	0.290622	3.305464
6960	-2119.683	-2275.238	155.5549	1.464199	0.3252933	0.622454	0.377546	2.470158
6966	-2122.347	-2278.246	155.8998	1.432496	0.2621811	0.618225	0.381775	2.366845
6972	-2121.353	-2276.859	155.5068	1.506514	0.4205128	0.618225	0.381775	2.352113
6978	-2121.698	-2277.661	155.9637	1.55229	0.4803082	0.618225	0.381775	1.955178
6984	-2135.028	-2290.911	155.8834	1.480666	0.4622655	0.661323	0.338677	2.076856
6990	-2132.785	-2288.628	155.843	1.480666	0.4622655	0.771658	0.228342	2.103419
6996	-2138.509	-2292.933	154.4245	1.294971	0.3718305	0.652626	0.347374	3.200247
7002	-2137.779	-2293.056	155.2765	1.294971	0.3634727	0.647317	0.352683	2.697267
7008	-2124.062	-2278.905	154.8428	1.267968	0.5101667	0.546338	0.453662	2.815243
7014	-2130.045	-2284.685	154.64	1.129241	0.3642309	0.629855	0.370145	3.179951
7020	-2127.909	-2280.935	153.0259	1.012216	0.4471207	0.605467	0.394533	4.092353
7026	-2127.137	-2278.918	151.7817	1.012216	0.3526749	0.600597	0.399403	4.895304
7032	-2155.814	-2310.195	154.3816	1.221636	0.2776086	0.696833	0.303167	3.392114
7038	-2145.788	-2300.022	154.2346	1.163127	0.3699699	0.696833	0.303167	3.392114
7044	-2152.824	-2307.393	154.5693	1.407103	0.2856125	0.653193	0.346807	3.160441
7050	-2131.518	-2284.266	152.7471	1.011633	0.2203735	0.4896	0.5104	4.534617
7056	-2123.904	-2276.988	153.0842	0.8862553	0.4022203	0.549922	0.450078	4.178147
7062	-2113.913	-2266.743	152.8295	1.140866	0.4022203	0.722377	0.277623	4.178147
7068	-2121.334	-2275.393	154.0588	1.031057	0.3511199	0.638325	0.361675	3.59448
7074	-2130.181	-2284.28	154.0994	1.152173	0.3648951	0.599625	0.400375	3.483708
7080	-2125.06	-2278.915	153.8549	1.152078	0.4979446	0.632574	0.367426	3.483708
7086	-2136.405	-2291.231	154.8254	1.132436	0.4370589	0.750351	0.249649	2.983557
7092	-2125.078	-2279.044	153.9657	1.069986	0.2955457	0.548642	0.451358	3.697457
7098	-2134.555	-2288.694	154.1383	1.159326	0.3948812	0.667009	0.332991	3.421757
7104	-2141.837	-2295.452	153.6148	1.155667	0.3812506	0.542369	0.457631	3.74375
7110	-2140.649	-2294.404	153.7555	1.246183	0.3057411	0.671644	0.328356	3.703397
7116	-2133.976	-2288.715	154.7391	1.330185	0.3971154	0.612481	0.387519	2.961531
7122	-2130.612	-2284.152	153.5402	1.07412	0.4028395	0.613475	0.386525	3.809386
7128	-2135.401	-2289.696	154.2942	1.205879	0.3590529	0.664108	0.335892	3.345193
7134	-2138.018	-2291.447	153.4291	1.060509	0.2729393	0.761966	0.238034	4.042338
7140	-2127.715	-2280.84	153.1251	1.221057	0.280125	0.636057	0.363943	4.114043
7146	-2146.183	-2300.46	154.2773	1.289757	0.599309	0.817582	0.182418	3.060224
7152	-2127.32	-2280.171	152.8503	1.124756	0.2782953	0.715071	0.284929	4.32708
7158	-2120.758	-2274.12	153.3615	1.175744	0.3884298	0.582698	0.417302	3.869814
7164	-2125.762	-2279.907	154.1452	1.148633	0.2734264	0.586166	0.413834	3.578736
7170	-2129.68	-2284.032	154.3519	1.037085	0.2922414	0.620438	0.379562	3.496804
7176	-2147.093	-2301.144	154.051	1.181167	0.7986587	0.560891	0.439109	3.104488
7182	-2138.223	-2293.615	155.3922	1.288721	0.3148527	0.563765	0.436235	2.694359
7188	-2134.021	-2289.337	155.3165	1.357974	0.3732669	0.595983	0.404017	2.621565
7194	-2145.585	-2301.112	155.527	1.357974	0.3603581	0.556071	0.443929	2.507178
7200	-2141.28	-2294.344	153.0646	1.205623	0.2626113	0.546969	0.453031	4.181969
7206	-2139.362	-2292.832	153.47	1.34267	0.482597	0.719221	0.280779	3.611754
7212	-2143.684	-2295.452	151.7678	0.8987542	0.3896339	0.535046	0.464954	4.924488
7218	-2126.114	-2277.887	151.7726	1.122459	0.284259	0.58479	0.41521	4.924488
7224	-2144.413	-2295.139	150.7268	0.7926892	0.2629059	0.528572	0.471428	5.712932
7230	-2135.251	-2287.027	151.776	0.8865011	0.2974561	0.60111	0.39889	5.036349
7236	-2126.332	-2278.3	151.968	1.110806	0.3576788	0.616858	0.383142	4.730501
7242	-2125.627	-2278.045	152.4181	0.9894634	0.3454099	0.642529	0.357471	4.560731
7248	-2146.829	-2296.574	149.7454	0.9459066	0.5467353	0.545778	0.454222	5.862655
7254	-2132.504	-2286.362	153.8575	1.126254	0.3220881	0.553612	0.446388	3.692398
7260	-2148.348	-2301.434	153.0858	1.184657	0.2209146	0.6331	0.3669	4.245038
7266	-2130.378	-2281.864	151.4857	1.007203	0.4505286	0.6331	0.3669	4.957848
7272	-2133.251	-2285.817	152.5661	0.8689958	0.3279929	0.580437	0.419563	4.566434
7278	-2129.391	-2281.145	151.7532	0.9773071	0.3187727	0.561104	0.438896	4.971432
7284	-2130.732	-2284.316	153.5838	1.094294	0.4104131	0.575306	0.424694	3.76437
7290	-2130.855	-2284.71	153.8548	1.094294	0.3889302	0.473098	0.526902	3.631586
7296	-2126.695	-2279.867	153.1728	1.37212	0.2267717	0.61014	0.38986	4.079726
7302	-2143.473	-2297.602	154.1291	1.119488	0.3089529	0.590269	0.409731	3.55597
7308	-2134.912	-2286.698	151.7869	1.040591	0.3881648	0.639399	0.360601	4.836397
7314	-2137.272	-2291.006	153.7339	0.9649462	0.3406518	0.619452	0.380548	3.833305
7320	-2141.375	-2293.936	152.5611	1.065344	0.4443126	0.669857	0.330143	4.328809
7326	-2140.578	-2294.158	153.5797	1.001089	0.3334697	0.616966	0.383034	3.909957
7332	-2131.517	-2284.922	153.4049	1.007814	0.2761489	0.616966	0.383034	4.081683
7338	-2149.405	-2302.475	153.0701	1.003719	0.2761489	0.579978	0.420022	4.274196
7344	-2135.919	-2289.186	153.2671	0.9367391	0.4035016	0.721012	0.278988	4.04389
7350	-2138.018	-2292.429	154.4115	1.216285	0.4203684	0.543047	0.456953	3.198741
7356	-2138.013	-2292.293	154.2798	1.256736	0.4712955	0.589684	0.410316	3.198741
7362	-2145.84	-2300.719	154.8783	1.279607	0.4318274	0.589684	0.410316	2.868671
7368	-2141.5	-2296.002	154.5024	1.231117	0.4533355	0.612024	0.387976	3.100349
7374	-2150.768	-2302.202	151.434	0.9238847	0.2676235	0.581413	0.418587	5.245098
7380	-2144.032	-2296.577	152.5448	1.04727	0.2625077	0.578355	0.421645	4.565014
7386	-2141.158	-2295.931	154.7732	1.31406	0.401715	0.715899	0.284101	2.945417
7392	-2125.676	-2280.065	154.3888	1.168542	0.5836586	0.715899	0.284101	3.079732
7398	-2143.764	-2294.878	151.114	0.8414709	0.4068477	0.50226	0.49774	5.300144
7404	-2141.768	-2294.505	152.7369	1.070978	0.2973659	0.588917	0.411083	4.395734
7410	-2142.545	-2294.927	152.3824	1.017896	0.509304	0.52624	0.47376	4.393736
7416	-2134.54	-2288.851	154.3111	1.131175	0.4957743	0.650565	0.349435	3.230062
7422	-2134.961	-2288.657	153.6961	1.217862	0.2732862	0.689714	0.310286	3.79867
7428	-2135.973	-2289.602	153.6291	1.241111	0.2732862	0.520489	0.479511	3.82385
7434	-2125.812	-2280.566	154.754	1.09846	0.4160518	0.723525	0.276475	3.069854
7440	-2128.275	-2283.301	155.0263	0.9931245	0.3053479	0.627621	0.372379	3.107252
7446	-2143.786	-2298.172	154.3866	1.208773	0.4999831	0.60622	0.39378	3.135076
7452	-2125.229	-2280.092	154.8635	1.246442	0.4900322	0.60622	0.39378	2.835919
7458	-2126.667	-2281.046	154.3794	1.007161	0.419611	0.60622	0.39378	3.34196
7464	-2128.887	-2283.239	154.3528	1.149203	0.3194501	0.717126	0.282874	3.394077
7470	-2133.62	-2286.039	152.4192	1.029665	0.3120831	0.60479	0.39521	4.578651
7476	-2129.512	-2282.735	153.2224	0.9246142	0.3661255	0.633311	0.366689	4.118425
7482	-2123.527	-2276.31	152.7834	1.041798	0.50626	0.633311	0.366689	4.155955
7488	-2139.136	-2294.06	154.9236	1.28103	0.389755	0.608894	0.391106	2.888588
7494	-2128.052	-2281.14	153.0884	0.9488809	0.312692	0.651488	0.348512	4.246019
7500	-2129.641	-2283.837	154.1961	1.153893	0.2807929	0.617505	0.382495	3.535585
7506	-2133.92	-2287.636	153.7152	1.07977	0.384468	0.563145	0.436855	3.725867
7512	-2143.824	-2296.097	152.2736	0.9811031	0.3556578	0.590722	0.409278	4.634379
7518	-2141.701	-2293.474	151.7729	0.8276982	0.2673017	0.594758	0.405242	5.111188
7524	-2133.491	-2287.011	153.5202	1.044974	0.3822874	0.606961	0.393039	3.860714
7530	-2128.998	-2282.882	153.8848	1.133568	0.3822874	0.606961	0.393039	3.599053
7536	-2127.209	-2280.805	153.5959	0.8944401	0.3017174	0.47906	0.52094	4.002553
7542	-2138.742	-2291.894	153.1526	1.072957	0.430532	0.624448	0.375552	4.002553
7548	-2136.642	-2290.254	153.6115	1.078638	0.3290082	0.569991	0.430009	3.852823
7554	-2142.169	-2298.431	156.2618	1.403863	0.2415975	0.620796	0.379204	2.187565
7560	-2121.142	-2276.356	155.2147	1.363899	0.402667	0.519864	0.480136	2.645058
7566	-2123.76	-2279.355	155.5949	1.363899	0.5796585	0.632919	0.367081	2.217822
7572	-2118.325	-2273.447	155.1221	1.31148	0.2675394	0.681505	0.318495	2.913327
7578	-2133.735	-2285.16	151.4253	1.068811	0.4560824	0.658715	0.341285	4.951713
7584	-2128.198	-2280.089	151.8914	0.9263762	0.2956192	0.630269	0.369731	4.952472
7590	-2126.902	-2279.066	152.1638	0.8905064	0.3061412	0.665097	0.334903	4.807048
7596	-2121.426	-2274.812	153.3859	1.082055	0.3490455	0.603497	0.396503	3.955477
7602	-2128.769	-2282.442	153.6732	1.080217	0.390787	0.735059	0.264941	3.742671
7608	-2125.031	-2278.362	153.3315	0.933169	0.3636281	0.713049	0.286951	4.054267
7614	-2129.676	-2283.464	153.7885	1.190586	0.3298787	0.578571	0.421429	3.68515
7620	-2137.182	-2291.489	154.3074	1.210048	0.5651574	0.611641	0.388359	3.120045
7626	-2139.409	-2293.307	153.8981	1.065144	0.3079686	0.683663	0.316337	3.722645
7632	-2127.422	-2280.441	153.0192	1.327127	0.4122181	0.580231	0.419769	3.952981
7638	-2115.699	-2270.289	154.5903	1.233311	0.3031194	0.645949	0.354051	3.226559
7644	-2124.323	-2280.439	156.1162	1.363367	0.3076315	0.498517	0.501483	2.202487
7650	-2126.253	-2281.692	155.4395	1.250686	0.4646858	0.498517	0.501483	2.505546
7656	-2141.332	-2297.16	155.8283	1.349912	0.5020494	0.706234	0.293766	2.154389
7662	-2155.357	-2310.456	155.0984	1.397141	0.4778325	0.68829	0.31171	2.612415
7668	-2143.98	-2299.884	155.9038	1.397141	0.4711972	0.676451	0.323549	2.108202
7674	-2126.836	-2280.544	153.7081	1.278518	0.2260048	0.583069	0.416931	3.828134
7680	-2125.119	-2278.486	153.3674	1.243848	0.2768011	0.479672	0.520328	3.967421
7686	-2130.289	-2280.656	150.3667	0.9004691	0.2534716	0.559305	0.440695	5.864233
7692	-2118.041	-2271.262	153.222	1.036617	0.2786261	0.764535	0.235465	4.165934
7698	-2122.121	-2276.51	154.3896	1.222567	0.2786261	0.764535	0.235465	3.385396
7704	-2123.272	-2276.675	153.4037	1.171597	0.3995511	0.764535	0.235465	3.835475
7710	-2139.267	-2293.559	154.2925	1.312264	0.336821	0.491118	0.508882	3.311257
7716	-2130.252	-2284.198	153.9456	1.36149	0.418114	0.615093	0.384907	3.390298
7722	-2123.782	-2278.341	154.5589	1.255138	0.2909336	0.740235	0.259765	3.249116
7728	-2120.22	-2275.709	155.4885	1.255138	0.373462	0.719865	0.280135	2.578527
7734	-2122.531	-2277.025	154.4942	1.274966	0.2918447	0.592087	0.407913	3.274344
7740	-2116.462	-2272.209	155.7464	1.329432	0.3450811	0.592087	0.407913	2.407465
7746	-2121.062	-2275.779	154.7163	1.329432	0.3071273	0.630799	0.369201	3.089113
7752	-2140.7	-2296.186	155.4858	1.421654	0.3071273	0.438163	0.561837	2.565322
7758	-2127.623	-2282.391	154.7681	1.390842	0.2684266	0.788501	0.211499	3.076821
7764	-2120.004	-2276.73	156.7266	1.877943	0.258344	0.644718	0.355282	1.511357
7770	-2134.811	-2290.885	156.0741	1.83691	0.6661433	0.7324	0.2676	1.477274
7776	-2126.754	-2282.683	155.9285	1.733604	0.6157636	0.716651	0.283349	1.709744
7782	-2116.493	-2273.199	156.7057	1.827815	0.4186782	0.612572	0.387428	1.295523
7788	-2124.284	-2280.761	156.4773	1.873873	0.5407722	0.591159	0.408841	1.274219
7794	-2130.182	-2286.477	156.295	1.93233	0.6064875	0.615035	0.384965	1.294769
7800	-2133.367	-2289.751	156.3832	1.928724	0.5743279	0.736079	0.263921	1.264228
7806	-2138.684	-2294.96	156.2754	1.93038	0.6482335	0.674912	0.325088	1.264228
7812	-2138.705	-2295.074	156.369	1.977682	0.5177603	0.674912	0.325088	1.307769
7818	-2141.343	-2297.908	156.5651	1.783982	0.5162267	0.627574	0.372426	1.307769
7824	-2143.629	-2300.778	157.1482	1.806958	0.3337076	0.564871	0.435129	1.078582
7830	-2152.227	-2308.098	155.8706	1.403992	0.3733481	0.575457	0.424543	2.2436
7836	-2158.459	-2313.332	154.8734	1.403992	0.7225155	0.555605	0.444395	2.525293
7842	-2142.217	-2298.162	155.9446	1.661002	0.4781446	0.665652	0.334348	1.897135
7848	-2152.019	-2308.192	156.1729	1.656017	0.5842773	0.609913	0.390087	1.62326
7854	-2158.247	-2313.501	155.2538	1.442966	0.3483584	0.538573	0.461427	2.63958
7860	-2134.708	-2287.874	153.1667	1.338448	0.3954734	0.538573	0.461427	3.880337
7866	-2150.899	-2303.695	152.7962	1.232195	0.4080627	0.696124	0.303876	4.138829
7872	-2134.971	-2287.786	152.8148	1.242511	0.3599552	0.547787	0.452213	4.17663
7878	-2127.534	-2281.587	154.0534	1.418525	0.2663935	0.654518	0.345482	3.485242
7884	-2145.638	-2301.075	155.4376	1.480485	0.5495111	0.520876	0.479124	2.273476
7890	-2144.941	-2300.447	155.5053	1.591779	0.6436181	0.696234	0.303766	2.067767
7896	-2135.075	-2291.351	156.276	1.550405	0.4465858	0.644654	0.355346	1.783396
7902	-2133.448	-2289.752	156.3034	1.442181	0.4633754	0.627113	0.372887	1.818832
7908	-2144.881	-2300.436	155.5545	1.606537	0.7854661	0.635084	0.364916	1.903211
7914	-2141.905	-2297.296	155.3909	1.773879	0.9070817	0.636096	0.363904	1.806326
7920	-2137.249	-2293.409	156.1595	1.762945	0.6004179	0.655405	0.344595	1.537581
7926	-2133.497	-2288.321	154.8234	1.607764	0.6673824	0.589154	0.410846	2.474233
7932	-2119.757	-2276.399	156.6421	1.563756	0.37443	0.641049	0.358951	1.611331
7938	-2128.786	-2285.388	156.6029	1.622268	0.470776	0.626753	0.373247	1.464129
7944	-2138.956	-2294.279	155.3235	1.350959	0.5267312	0.626803	0.373197	2.450708
7950	-2132.494	-2288.179	155.6848	1.437422	0.4960862	0.599846	0.400154	2.197121
7956	-2142.179	-2297.545	155.3658	1.384885	0.5912716	0.592049	0.407951	2.340132
7962	-2131.071	-2287.36	156.2889	1.384885	0.3941326	0.592049	0.407951	1.954389
7968	-2143.336	-2298.244	154.9086	1.544524	0.6832036	0.675847	0.324153	2.447208
7974	-2144.211	-2299.865	155.6542	1.574014	0.6365175	0.541496	0.458504	1.98728
7980	-2148.371	-2304.62	156.2489	1.595128	0.4833776	0.574817	0.425183	1.726331
7986	-2149.098	-2305.143	156.0444	1.43247	0.4011482	0.574817	0.425183	2.076303
7992	-2133.913	-2288.97	155.0568	1.359812	0.3410275	0.673832	0.326168	2.820588
7998	-2132.785	-2287.046	154.2601	1.282376	0.3409358	0.488424	0.511576	3.342681
8004	-2145.8	-2301.214	155.4143	1.282376	0.3526452	0.717585	0.282415	2.634073
8010	-2129.322	-2284.363	155.0415	1.44235	0.3270283	0.593309	0.406691	2.798245
8016	-2126.751	-2280.977	154.2262	1.198011	0.3348339	0.671832	0.328168	3.419832
8022	-2129.587	-2284.428	154.8418	1.240282	0.210186	0.647773	0.352227	3.215668
8028	-2137.908	-2292.754	154.8465	1.194735	0.319141	0.641338	0.358662	3.075542
8034	-2148.479	-2300.998	152.5188	1.111266	0.3467176	0.599828	0.400172	4.434022
8040	-2142.839	-2296.743	153.9041	1.096937	0.4656866	0.662478	0.337522	3.519056
8046	-2156.054	-2310.508	154.4542	1.02153	0.4420843	0.562383	0.437617	3.265148
8052	-2138.278	-2291.817	153.5394	1.105174	0.4170338	0.634602	0.365398	3.776467
8058	-2152.25	-2307.675	155.4246	1.205472	0.4508312	0.534548	0.465452	2.558146
8064	-2132.215	-2285.909	153.6936	1.118264	0.3532863	0.534127	0.465873	3.752791
8070	-2140.517	-2295.447	154.9299	1.353782	0.6049768	0.645571	0.354429	2.62014
8076	-2148.752	-2303.974	155.2226	1.241423	0.3229493	0.613438	0.386562	2.815749
8082	-2145.236	-2300.013	154.7775	1.098749	0.3258098	0.649578	0.350422	3.16496
8088	-2148.746	-2302.806	154.0602	1.169532	0.4043383	0.721414	0.278586	3.450803
8094	-2149.718	-2303.186	153.4677	0.9855088	0.3284274	0.584864	0.415136	3.989318
8100	-2147.369	-2300.429	153.0603	1.050817	0.4232387	0.584864	0.415136	4.075509
8106	-2134.559	-2286.482	151.9228	0.8488398	0.3863554	0.663912	0.336088	4.869512
8112	-2139	-2291.863	152.8626	1.162142	0.3979083	0.624175	0.375825	4.152009
8118	-2132.333	-2285.201	152.8679	1.07881	0.3979083	0.604157	0.395843	4.196313
8124	-2127.892	-2282.2	154.3085	1.07881	0.5486644	0.573117	0.426883	3.212364
8130	-2138.51	-2291.841	153.3318	0.8990333	0.2755539	0.652968	0.347032	4.185996
8136	-2132.05	-2283.698	151.6477	0.9362843	0.3378552	0.66185	0.33815	5.029545
8142	-2142.23	-2293.764	151.5346	0.9266832	0.3979515	0.611761	0.388239	5.029545
8148	-2137.902	-2289.23	151.3273	0.9237641	0.4311117	0.622087	0.377913	5.111533
8154	-2133.182	-2286.578	153.3956	1.030584	0.4357772	0.659716	0.340284	3.882161
8160	-2134.893	-2288.003	153.1102	1.051232	0.383846	0.586721	0.413279	4.089884
8166	-2137.557	-2290.807	153.2508	1.197343	0.4701109	0.672789	0.327211	3.83466
8172	-2143.267	-2297.907	154.6403	1.245036	0.3081993	0.492394	0.507606	3.183048
8178	-2133.681	-2286.892	153.2117	1.101395	0.2845481	0.649014	0.350986	4.126807
8184	-2136.687	-2289.007	152.3195	1.067366	0.445576	0.629991	0.370009	4.462698
8190	-2133.143	-2286.826	153.683	1.001967	0.2960479	0.516361	0.483639	3.898758
8196	-2121.6	-2272.862	151.2622	0.926608	0.3455546	0.548652	0.451348	5.239321
8202	-2131.393	-2282.864	151.4708	0.8293221	0.2957118	0.601905	0.398095	5.239321
8208	-2138.624	-2292.434	153.8107	1.188355	0.2280572	0.758786	0.241214	3.817715
8214	-2139.735	-2292.682	152.947	1.071182	0.4360364	0.60692	0.39308	4.115099
8220	-2139.295	-2293.536	154.2411	1.110655	0.27566	0.60692	0.39308	3.541858
8226	-2141.851	-2295.546	153.6952	1.110655	0.6095844	0.681592	0.318408	3.500587
8232	-2143.82	-2297.238	153.4172	1.018469	0.4894055	0.616321	0.383679	3.82293
8238	-2130.597	-2283.515	152.9184	1.018469	0.4407134	0.650305	0.349695	4.156483
8244	-2137.081	-2290.748	153.6676	0.9242652	0.3444867	0.650305	0.349695	3.890007
8250	-2131.284	-2284.081	152.7975	0.9028627	0.3432285	0.675184	0.324816	4.398567
8256	-2134.056	-2286.034	151.9784	0.9553431	0.4012978	0.528461	0.471539	4.762837
8262	-2140.256	-2293.546	153.2898	0.9156242	0.3385833	0.533585	0.466415	4.118027
8268	-2135.28	-2290.265	154.9855	1.175068	0.5345189	0.662402	0.337598	2.761099
8274	-2152.981	-2306.951	153.97	1.152136	0.2302151	0.659856	0.340144	3.743328
8280	-2143.754	-2298.638	154.8838	1.314801	0.2659897	0.61444	0.38556	3.056823
8286	-2141.669	-2295.515	153.8457	0.9086114	0.2823184	0.668471	0.331529	3.877726
8292	-2140.566	-2294.865	154.2984	1.06485	0.2921267	0.733785	0.266215	3.512007
8298	-2138.233	-2292.713	154.4794	1.224791	0.354243	0.610884	0.389116	3.230731
8304	-2132.35	-2283.997	151.6466	1.021925	0.206214	0.609855	0.390145	5.165233
8310	-2129.839	-2283.078	153.2382	1.038828	0.2522487	0.69951	0.30049	4.193231
8316	-2142.029	-2294.978	152.9487	1.044637	0.2979802	0.70906	0.29094	4.290119
8322	-2133.607	-2284.926	151.3184	0.980986	0.2979802	0.59057	0.40943	5.236801
8328	-2119.441	-2271.927	152.4865	0.9340102	0.3081072	0.550178	0.449822	4.599639
8334	-2122.899	-2274.526	151.627	0.982937	0.3139197	0.497666	0.502334	5.044476
8340	-2152.199	-2307.237	155.0376	1.25392	0.516252	0.670818	0.329182	2.698789
8346	-2142.892	-2297.816	154.9245	1.341329	0.387102	0.666591	0.333409	2.854704
8352	-2130.267	-2284.818	154.5507	1.30974	0.4337454	0.57445	0.42555	3.045519
8358	-2134.12	-2289.128	155.0084	1.162405	0.3750346	0.689682	0.310318	2.926662
8364	-2136.715	-2291.525	154.8101	1.334512	0.2906142	0.509562	0.490438	3.053067
8370	-2143.007	-2297.505	154.4977	1.374107	0.3371169	0.777251	0.222749	3.152884
8376	-2123.227	-2278.814	155.5875	1.374107	0.3425651	0.640007	0.359993	2.482682
8382	-2136.626	-2292.357	155.7305	1.424181	0.4759483	0.435512	0.564488	2.198121
8388	-2145.56	-2299.825	154.265	1.515142	0.3608025	0.73009	0.26991	3.177661
8394	-2142.711	-2298.231	155.5205	1.497606	0.3268352	0.670803	0.329197	2.468661
8400	-2143.657	-2298.943	155.2863	1.297094	0.4393367	0.65731	0.34269	2.599889
8406	-2130.893	-2286.162	155.2694	1.278222	0.4017019	0.577019	0.422981	2.665247
8412	-2137.104	-2292.588	155.4837	1.310638	0.3172321	0.624671	0.375329	2.621202
8418	-2137.635	-2292.301	154.6653	1.221625	0.3731539	0.694991	0.305009	3.099125
8424	-2138.177	-2293.597	155.4192	1.221625	0.2558797	0.590164	0.409836	2.805705
8430	-2125.179	-2280.509	155.3295	1.224278	0.4082046	0.644889	0.355111	2.653797
8436	-2127.163	-2282.084	154.9217	1.210464	0.3226759	0.504828	0.495172	3.01643
8442	-2133.72	-2288.08	154.36	1.166181	0.4230377	0.483855	0.516145	3.255924
8448	-2134.004	-2288.342	154.3389	1.166181	0.3066586	0.512777	0.487223	3.40926
8454	-2141.656	-2295.446	153.7893	1.153139	0.3416439	0.506949	0.493051	3.691621
8460	-2133.945	-2287.179	153.2336	1.061641	0.2916678	0.489694	0.510306	4.127248
8466	-2133.564	-2286.819	153.2548	0.9974854	0.3645016	0.64944	0.35056	4.060345
8472	-2141.372	-2295.646	154.2744	0.9556855	0.2964262	0.678698	0.321302	3.583592
8478	-2139.239	-2292.636	153.397	1.087767	0.5206987	0.678698	0.321302	3.765033
8484	-2133.705	-2287.545	153.8394	1.083085	0.3438377	0.54774	0.45226	3.700435
8490	-2129.913	-2282.706	152.7935	0.9929431	0.3110122	0.614089	0.385911	4.390033
8496	-2136.57	-2289.919	153.3497	1.051032	0.3318815	0.614089	0.385911	4.014983
8502	-2130.317	-2283.65	153.3336	1.061274	0.3494904	0.671948	0.328052	3.996756
8508	-2130.34	-2284.299	153.9589	1.160259	0.3761096	0.531821	0.468179	3.547625
8514	-2141.094	-2293.17	152.0756	0.8598936	0.42077	0.669288	0.330712	4.741265
8520	-2147.393	-2301.053	153.6604	1.147045	0.2119263	0.623475	0.376525	3.953799
8526	-2147.344	-2300.864	153.5198	1.109025	0.3288216	0.601078	0.398922	3.888231
8532	-2139.966	-2293.886	153.9201	1.019788	0.3689195	0.591484	0.408516	3.660141
8538	-2136.849	-2290.766	153.9167	1.069973	0.3463925	0.686283	0.313717	3.660141
8544	-2134.609	-2288.435	153.8265	1.132688	0.3595086	0.534703	0.465297	3.660141
8550	-2124.355	-2278.367	154.0124	1.031944	0.3343629	0.726825	0.273175	3.641679
8556	-2126.054	-2279.981	153.9272	1.035307	0.3734708	0.563253	0.436747	3.641679
8562	-2137.83	-2289.171	151.3414	1.127356	0.3955307	0.577315	0.422685	5.027992
8568	-2148.571	-2301.645	153.0737	1.143789	0.3099057	0.798542	0.201458	4.14734
8574	-2141.083	-2295.513	154.4296	1.014097	0.3377318	0.585137	0.414863	3.404722
8580	-2130.319	-2284.518	154.199	0.9688689	0.2786237	0.585137	0.414863	3.644452
8586	-2130.493	-2284.098	153.6048	1.126774	0.385542	0.576169	0.423831	3.761253
8592	-2129.529	-2283.391	153.8619	1.152524	0.259163	0.565249	0.434751	3.761253
8598	-2138.206	-2292.794	154.5882	1.39057	0.6704426	0.664428	0.335572	2.75148
8604	-2123.292	-2279.073	155.781	1.493754	0.4241799	0.651914	0.348086	2.179996
8610	-2119.539	-2275.33	155.7911	1.505425	0.4125321	0.726266	0.273734	2.179996
8616	-2116.861	-2273.134	156.2733	1.513913	0.2766339	0.520921	0.479079	2.049378
8622	-2129.088	-2284.869	155.7813	1.496599	0.4553464	0.797965	0.202035	2.14134
8628	-2122.734	-2278.539	155.8054	1.546534	0.3097122	0.662909	0.337091	2.281504
8634	-2125.211	-2281.193	155.982	1.439871	0.2796957	0.653009	0.346991	2.282034
8640	-2119.036	-2272.894	153.8576	1.171221	0.5016343	0.598108	0.401892	3.467345
8646	-2130.945	-2284.215	153.2702	1.126945	0.5166741	0.714043	0.285957	3.819259
8652	-2145.19	-2298.168	152.9776	1.051772	0.4643283	0.670945	0.329055	4.080055
8658	-2148.358	-2300.314	151.9563	1.101905	0.4864946	0.660091	0.339909	4.607457
8664	-2132.234	-2285.432	153.1977	1.093532	0.3493568	0.720982	0.279018	4.056095
8670	-2127.097	-2280.486	153.3893	1.003724	0.3515739	0.605437	0.394563	3.995296
8676	-2134.914	-2288.329	153.4156	1.016092	0.3334983	0.605437	0.394563	3.995296
8682	-2131.226	-2283.048	151.8218	0.9867612	0.4056369	0.605437	0.394563	4.828104
8688	-2136.488	-2289.377	152.8885	1.103556	0.3062502	0.666867	0.333133	4.279962
8694	-2142.922	-2295.966	153.0442	1.184144	0.4335223	0.515484	0.484516	3.997849
8700	-2140.459	-2296.721	156.2619	1.597366	0.2860504	0.740835	0.259165	1.986278
8706	-2150.023	-2305.881	155.8585	1.672471	0.5028366	0.623336	0.376664	1.919695
8712	-2144.235	-2297.532	153.2966	1.076255	0.4088421	0.509271	0.490729	3.941427
8718	-2138.543	-2290.839	152.2958	1.068371	0.4277364	0.575512	0.424488	4.49366
8724	-2140.953	-2293.523	152.57	0.9719566	0.3370145	0.513936	0.486064	4.495327
8730	-2144.828	-2297.132	152.3034	1.019436	0.3064347	0.603294	0.396706	4.656564
8736	-2136.489	-2289.673	153.1839	1.0287	0.4950209	0.740464	0.259536	3.945546
8742	-2138.679	-2291.861	153.1822	1.023186	0.4915	0.507241	0.492759	3.953066
8748	-2136.878	-2289.374	152.4958	1.060806	0.3680662	0.582912	0.417088	4.450381
8754	-2144.666	-2298.906	154.2396	0.9793267	0.3471385	0.532745	0.467255	3.524329
8760	-2148.314	-2299.85	151.5357	1.094335	0.3570051	0.619695	0.380305	4.981439
8766	-2139.34	-2292.106	152.7657	1.026566	0.4157824	0.596487	0.403513	4.264568
8772	-2141.216	-2293.65	152.4338	1.032634	0.3487843	0.5494	0.4506	4.523645
8778	-2137.185	-2289.692	152.5069	1.009068	0.3258338	0.673671	0.326329	4.523645
8784	-2140.515	-2292.391	151.8754	1.098428	0.3258338	0.712296	0.287704	4.827195
8790	-2139.633	-2291.498	151.8648	1.000962	0.3258338	0.64323	0.35677	4.887404
8796	-2129.482	-2282.58	153.0984	1.120951	0.6427914	0.64323	0.35677	3.813206
8802	-2138.717	-2291.048	152.331	1.198709	0.3840542	0.64323	0.35677	4.447468
8808	-2148.668	-2301.694	153.0264	1.068688	0.4877999	0.687918	0.312082	4.019652
8814	-2134.986	-2288.828	153.8418	1.17062	0.2842402	0.490326	0.509674	3.726448
8820	-2134.586	-2289.213	154.6268	1.402355	0.2842402	0.607719	0.392281	3.131045
8826	-2122.468	-2277.09	154.6216	1.344954	0.310978	0.498118	0.501882	3.131045
8832	-2129.209	-2283.408	154.1984	1.244443	0.4415612	0.555445	0.444555	3.285135
8838	-2145.079	-2299.911	154.8313	1.355748	0.3147651	0.561509	0.438491	2.994166
8844	-2141.672	-2297.001	155.3291	1.360825	0.4245143	0.757642	0.242358	2.550611
8850	-2139.846	-2294.013	154.1668	1.215717	0.674901	0.680972	0.319028	3.10744
8856	-2110.651	-2264.469	153.8176	1.122622	0.4165155	0.523633	0.476367	3.606026
8862	-2136.007	-2289.47	153.4627	1.166748	0.661433	0.599009	0.400991	3.561211
8868	-2136.223	-2291.321	155.0982	1.342208	0.5314483	0.629137	0.370863	2.591972
8874	-2134.557	-2288.616	154.0593	1.524693	0.3951694	0.687662	0.312338	3.253037
8880	-2138.014	-2293.044	155.0307	1.431907	0.7043417	0.671493	0.328507	2.423814
8886	-2127.727	-2282.655	154.9284	1.468832	0.3551763	0.615083	0.384917	2.814233
8892	-2134.439	-2289.433	154.9944	1.465141	0.7383081	0.667147	0.332853	2.398502
8898	-2125.752	-2280.974	155.2215	1.334128	0.3526286	0.694975	0.305025	2.720788
8904	-2130.273	-2285.591	155.3173	1.430688	0.4765515	0.637895	0.362105	2.456499
8910	-2132.695	-2287.508	154.813	1.45637	0.2212216	0.697344	0.302656	3.085631
8916	-2145.2	-2299.434	154.2334	1.208826	0.4716572	0.638735	0.361265	3.254176
8922	-2140.96	-2293.832	152.8723	1.005629	0.4114487	0.54698	0.45302	4.220664
8928	-2132.252	-2284.132	151.8804	1.087629	0.5262173	0.490641	0.509359	4.62146
8934	-2136.33	-2289.919	153.5887	1.148311	0.3442706	0.696672	0.303328	3.806866
8940	-2141.864	-2295.139	153.275	1.15471	0.592458	0.61982	0.38018	3.733284
8946	-2148.686	-2301.989	153.303	1.372352	0.7534255	0.55874	0.44126	3.465126
8952	-2138.021	-2292.669	154.6478	1.372352	0.5197058	0.55874	0.44126	2.860858
8958	-2138.143	-2293.835	155.6926	1.490919	0.421755	0.593771	0.406229	2.24185
8964	-2149.761	-2305.445	155.6836	1.490919	0.5490785	0.480422	0.519578	2.107687
8970	-2143.78	-2299.266	155.486	1.490919	0.4291638	0.637044	0.362956	2.365088
8976	-2128.975	-2283.474	154.4992	1.221909	0.480524	0.646639	0.353361	3.079576
8982	-2124.547	-2279.312	154.7644	1.369393	0.4980628	0.493715	0.506285	2.813329
8988	-2129.847	-2283.4	153.5523	1.27125	0.410333	0.659474	0.340526	3.680413
8994	-2130.906	-2284.401	153.4943	1.220347	0.6497468	0.574816	0.425184	3.52086
9000	-2144.776	-2300.227	155.4514	1.239005	0.3837801	0.453953	0.546047	2.598703
9006	-2146.84	-2302.577	155.7376	1.189393	0.3488642	0.643899	0.356101	2.495968
9012	-2158.221	-2312.145	153.9243	1.080464	0.483645	0.630148	0.369852	3.498927
9018	-2136.884	-2290.657	153.773	1.100637	0.4281954	0.654612	0.345388	3.632104
9024	-2136.395	-2290.905	154.5097	1.238638	0.4453492	0.654612	0.345388	3.099984
9030	-2138.036	-2292.903	154.8673	1.325086	0.371634	0.631813	0.368187	2.917814
9036	-2132.724	-2287.252	154.5285	1.18336	0.4012806	0.547645	0.452355	3.17029
9042	-2130.505	-2285.283	154.7783	1.219409	0.4907983	0.570035	0.429965	2.903109
9048	-2133.786	-2287.73	153.9435	1.368278	0.6116729	0.55245	0.44755	3.201467
9054	-2129.337	-2284.119	154.7818	1.361412	0.4380108	0.68427	0.31573	2.870725
9060	-2134.16	-2288.678	154.5182	1.24615	0.4380108	0.666616	0.333384	3.098274
9066	-2140.979	-2294.688	153.7087	1.24615	0.3741394	0.639917	0.360083	3.645348
9072	-2130.215	-2284.552	154.3367	1.242102	0.4139429	0.577364	0.422636	3.234866
9078	-2134.089	-2289.54	155.4511	1.427956	0.2420014	0.577364	0.422636	2.68226
9084	-2124.131	-2280.006	155.8745	1.454555	0.4758506	0.779537	0.220463	2.084441
9090	-2127.493	-2283.278	155.7852	1.567726	0.462066	0.779537	0.220463	2.084441
9096	-2124.291	-2280.289	155.9984	1.385557	0.5279631	0.61046	0.38954	1.991115
9102	-2123.725	-2278.545	154.82	1.318454	0.3479768	0.648966	0.351034	2.979754
9108	-2142.829	-2297.148	154.3189	1.318454	0.4055696	0.662664	0.337336	3.209626
9114	-2131.805	-2286.96	155.1555	1.284627	0.4434624	0.607841	0.392159	2.683629
9120	-2127.558	-2281.985	154.4278	1.312268	0.378369	0.664127	0.335873	3.180253
9126	-2147.945	-2302.993	155.0483	1.38209	0.378369	0.622634	0.377366	2.765157
9132	-2134.184	-2288.996	154.8113	1.208194	0.3656033	0.559899	0.440101	3.0291
9138	-2136.067	-2289.782	153.7151	1.205529	0.3656033	0.616767	0.383233	3.675171
9144	-2140.995	-2296.866	155.871	1.575894	0.439047	0.464614	0.535386	2.049464
9150	-2149.21	-2303.515	154.3054	1.242012	0.4389992	0.652132	0.347868	3.22607
9156	-2143.065	-2297.989	154.9237	1.279106	0.2868895	0.505984	0.494016	3.023569
9162	-2133.262	-2288.487	155.2252	1.2983	0.2437487	0.53162	0.46838	2.896052
9168	-2132.618	-2287.681	155.063	1.186204	0.361438	0.515674	0.484326	2.896052
9174	-2136.311	-2288.535	152.224	0.985879	0.3895352	0.716748	0.283252	4.621089
9180	-2134.943	-2289.714	154.7706	1.40312	0.4902587	0.56919	0.43081	2.796961
9186	-2140.921	-2295.495	154.5743	1.393161	0.3213584	0.54578	0.45422	3.116577
9192	-2139.356	-2294.415	155.0594	1.358266	0.2845307	0.690618	0.309382	2.897751
9198	-2142.877	-2298.51	155.6331	1.275532	0.3241205	0.429075	0.570925	2.540799
9204	-2133.267	-2287.798	154.5308	1.161872	0.5399666	0.715236	0.284764	3.038662
9210	-2141.17	-2296.628	155.4583	1.359654	0.3718392	0.716143	0.283857	2.534373
9216	-2142.721	-2298.566	155.8445	1.288636	0.236404	0.520657	0.479343	2.534373
9222	-2132.521	-2288.022	155.5014	1.393028	0.3476688	0.667958	0.332042	2.517835
9228	-2135.135	-2291.132	155.9965	1.341147	0.4471085	0.569793	0.430207	2.111803
9234	-2147.962	-2303.347	155.3853	1.341623	0.4582743	0.656464	0.343536	2.489549
9240	-2131.901	-2287.267	155.3666	1.560472	0.628482	0.697369	0.302631	2.192656
9246	-2140.829	-2295.983	155.1542	1.556218	0.9880101	0.452217	0.547783	2.056079
9252	-2131.803	-2288.211	156.4085	1.752111	0.5601014	0.610085	0.389915	1.402548
9258	-2131.466	-2288.168	156.7026	1.839436	0.4412092	0.656085	0.343915	1.254491
9264	-2135.067	-2291.607	156.5398	1.839436	0.4981626	0.567665	0.432335	1.307333
9270	-2136.03	-2291.135	155.1054	1.621489	0.8084047	0.652587	0.347413	2.173
9276	-2128.541	-2284.475	155.9339	1.650565	0.4818818	0.652587	0.347413	1.907158
9282	-2133.344	-2288.779	155.4346	1.652784	0.6855943	0.578208	0.421792	2.036653
9288	-2132.566	-2288.752	156.1855	1.631386	0.6365607	0.571783	0.428217	1.57745
9294	-2135.817	-2291.869	156.0519	1.719267	0.7793679	0.564203	0.435797	1.474095
9300	-2130.861	-2287.178	156.317	1.515829	0.3208541	0.620484	0.379516	1.949997
9306	-2140.646	-2297.241	156.5956	1.463909	0.4208464	0.512242	0.487758	1.652053
9312	-2138.684	-2294.009	155.3241	1.174134	0.2677605	0.503256	0.496744	2.873892
9318	-2129.183	-2281.663	152.4796	1.079801	0.3471164	0.695176	0.304824	4.473341
9324	-2136.604	-2289.373	152.7694	0.7823298	0.4651425	0.662111	0.337889	4.350201
9330	-2125.132	-2278.183	153.0506	0.9797793	0.4574651	0.642348	0.357652	4.086333
9336	-2129.265	-2283.101	153.8355	1.158791	0.4071418	0.642348	0.357652	3.584928
9342	-2140.365	-2294.319	153.9547	1.033591	0.3996722	0.55715	0.44285	3.596728
9348	-2134.201	-2288.701	154.4998	1.208679	0.4610166	0.63875	0.36125	3.107163
9354	-2148.479	-2301.022	152.5431	0.8782766	0.46101	0.5804	0.4196	4.427838
9360	-2128.929	-2280.433	151.5033	1.001682	0.3387745	0.538242	0.461758	5.072264
9366	-2118.61	-2271.394	152.7842	1.020422	0.3129361	0.754305	0.245695	4.37732
9372	-2119.163	-2271.661	152.4982	1.058056	0.3623858	0.638958	0.361042	4.457145
9378	-2120.334	-2273.257	152.9224	0.9995794	0.3777806	0.550604	0.449396	4.232852
9384	-2133.52	-2287.166	153.6458	1.073039	0.4520221	0.770606	0.229394	3.696785
9390	-2141.046	-2296.124	155.0781	1.175481	0.3881044	0.652882	0.347118	2.86094
9396	-2140.505	-2294.549	154.0435	1.114148	0.3371001	0.62552	0.37448	3.572466
9402	-2133.946	-2288.754	154.8083	1.138417	0.2976314	0.598568	0.401432	3.161158
9408	-2134.663	-2288.077	153.4133	1.169119	0.3872194	0.578939	0.421061	3.845218
9414	-2129.307	-2284.216	154.9094	1.25826	0.323342	0.677212	0.322788	2.994248
9420	-2127.739	-2282.61	154.8715	1.277051	0.3320194	0.677212	0.322788	2.994248
9426	-2128.519	-2283.831	155.3119	1.352468	0.4154628	0.630769	0.369231	2.576991
9432	-2117.289	-2272.885	155.5956	1.352468	0.4621982	0.649539	0.350461	2.345843
9438	-2133.256	-2288.368	155.1125	1.459973	0.5714411	0.589808	0.410192	2.471214
9444	-2126.813	-2282.514	155.7018	1.384908	0.300593	0.589808	0.410192	2.462896
9450	-2123.418	-2279.122	155.7035	1.38862	0.3622227	0.530003	0.469997	2.374491
9456	-2130.42	-2286.203	155.7832	1.431878	0.2860008	0.530421	0.469579	2.403831
9462	-2127.078	-2281.678	154.6003	1.275252	0.5834448	0.530421	0.469579	2.888783
9468	-2145.139	-2300.587	155.4475	1.191217	0.4061802	0.709077	0.290923	2.603743
9474	-2144.575	-2299.41	154.8354	1.411718	0.421798	0.683737	0.316263	2.825728
9480	-2137.397	-2291.324	153.9264	1.309888	0.3115706	0.545419	0.454581	3.559637
9486	-2139.367	-2294.58	155.2137	1.370729	0.3789165	0.656135	0.343865	2.670072
9492	-2134.245	-2290.183	155.9381	1.576034	0.5001612	0.646285	0.353715	1.934025
9498	-2141.355	-2296.721	155.366	1.451937	0.391902	0.557487	0.442513	2.509492
9504	-2136.94	-2292.183	155.2433	1.405229	0.4746019	0.748227	0.251773	2.520851
9510	-2130.615	-2285.474	154.8593	1.407339	0.4009635	0.497993	0.502007	2.837844
9516	-2123.666	-2278.038	154.3712	1.334241	0.4053976	0.76245	0.23755	3.169419
9522	-2123.101	-2278.858	155.757	1.530922	0.3829508	0.549371	0.450629	2.222633
9528	-2131.681	-2287.904	156.2227	1.648908	0.4694405	0.622112	0.377888	1.723664
9534	-2141.917	-2297.656	155.7388	1.520573	0.3709655	0.746948	0.253052	2.256436
9540	-2132.673	-2286.965	154.2922	1.439117	0.4880405	0.542528	0.457472	3.065934
9546	-2141.567	-2295.122	153.5548	1.179279	0.251993	0.584759	0.415241	3.932959
9552	-2131.714	-2283.381	151.6674	1.216219	0.3130568	0.572105	0.427895	4.893396
9558	-2128.416	-2281.294	152.8778	1.085933	0.2895291	0.572105	0.427895	4.318161
9564	-2140.134	-2292.609	152.4755	1.133051	0.3292158	0.619838	0.380162	4.467355
9570	-2135.754	-2289.221	153.4668	1.102797	0.4681656	0.593781	0.406219	3.76662
9576	-2139.082	-2291.175	152.0933	1.112521	0.5066922	0.567666	0.432334	4.505701
9582	-2124.334	-2278.12	153.7851	1.112521	0.3624184	0.584416	0.415584	3.692282
9588	-2132.631	-2287.414	154.7829	1.144221	0.363142	0.552846	0.447154	3.087326
9594	-2130.134	-2285.443	155.3087	1.56985	0.5879731	0.552846	0.447154	2.261553
9600	-2118.412	-2273.422	155.0109	1.514356	1.001309	0.594205	0.405795	2.168674
9606	-2137.581	-2292.894	155.3135	1.680193	0.9245972	0.594205	0.405795	1.910578
9612	-2128.234	-2284.674	156.4398	1.51495	0.2932014	0.604941	0.395059	1.910578
9618	-2130.922	-2287.072	156.1507	1.477157	0.319369	0.681989	0.318011	2.088445
9624	-2129.983	-2285.763	155.7793	1.43479	0.4410668	0.548758	0.451242	2.199293
9630	-2124.479	-2280.112	155.6327	1.420056	0.4434134	0.557737	0.442263	2.300304
9636	-2126.712	-2282.107	155.3946	1.559493	0.5007407	0.648345	0.351655	2.300304
9642	-2122.975	-2279.338	156.3637	1.559493	0.44453	0.588351	0.411649	1.718215
9648	-2133.598	-2288.725	155.1268	1.412654	0.4231243	0.676689	0.323311	2.645383
9654	-2129.332	-2285.004	155.6724	1.412654	0.4231243	0.564644	0.435356	2.303352
9660	-2135.306	-2290.258	154.9528	1.188394	0.4231243	0.577721	0.422279	2.888451
9666	-2127.487	-2281.644	154.1571	1.313101	0.4683783	0.671062	0.328938	3.241035
9672	-2133.347	-2288.938	155.5912	1.595528	0.5975498	0.63321	0.36679	2.051736
9678	-2124.316	-2279.422	155.1066	1.33263	0.3118387	0.63321	0.36679	2.845976
9684	-2128.932	-2284.127	155.195	1.487796	0.3962349	0.54446	0.45554	2.588267
9690	-2152.37	-2307.247	154.877	1.255579	0.5724117	0.45345	0.54655	2.742549
9696	-2143.426	-2298.551	155.1252	1.352452	0.4485074	0.424537	0.575463	2.655039
9702	-2136.434	-2290.273	153.8391	1.153724	0.3734676	0.628356	0.371644	3.624133
9708	-2126.671	-2280.079	153.4081	1.323425	0.2608914	0.664782	0.335218	3.921341
9714	-2115.713	-2268.856	153.1431	1.110254	0.419236	0.723288	0.276712	3.998601
9720	-2129.547	-2285.209	155.6616	1.267457	0.2849223	0.655544	0.344456	2.584353
9726	-2129.727	-2284.813	155.086	1.188499	0.2750726	0.750864	0.249136	2.997842
9732	-2140.251	-2294.719	154.4689	1.101146	0.3312675	0.63	0.37	3.338816
9738	-2139.965	-2294.862	154.8962	1.198729	0.431539	0.63	0.37	2.907025
9744	-2137.742	-2292.075	154.3333	1.245813	0.3120692	0.700808	0.299192	3.358579
9750	-2138.177	-2292.691	154.5143	1.071873	0.3089786	0.679869	0.320131	3.358579
9756	-2139.932	-2293.052	153.1203	1.071873	0.4425352	0.552416	0.447584	4.009191
9762	-2132.991	-2285.993	153.0024	1.001401	0.5341679	0.565239	0.434761	4.028623
9768	-2124.296	-2279.129	154.8333	1.165759	0.5109441	0.614298	0.385702	2.882204
9774	-2133.215	-2288.545	155.3299	1.341503	0.4036228	0.53156	0.46844	2.586534
9780	-2129.252	-2284.194	154.9417	1.261849	0.4323761	0.580407	0.419593	2.840362
9786	-2130.062	-2283.343	153.2815	1.13086	0.3466508	0.623241	0.376759	3.990205
9792	-2140.449	-2295.331	154.8825	1.406693	0.3880945	0.723177	0.276823	2.839342
9798	-2137.846	-2294.191	156.3449	1.558723	0.3452676	0.662499	0.337501	1.865983
9804	-2122.117	-2276.626	154.5087	1.435131	0.6467037	0.687846	0.312154	2.792467
9810	-2126.8	-2281.504	154.7039	1.411569	0.2229067	0.553204	0.446796	3.174403
9816	-2139.046	-2294.448	155.4015	1.543206	0.3649428	0.536455	0.463545	2.463906
9822	-2125.126	-2280.154	155.0283	1.543206	0.5767936	0.554105	0.445895	2.466822
9828	-2122.317	-2277.906	155.5886	1.37924	0.3380645	0.595076	0.404924	2.484833
9834	-2145.396	-2299.279	153.8828	1.215663	0.3664632	0.632994	0.367006	3.571024
9840	-2137.125	-2291.722	154.5969	1.387557	0.3133761	0.658997	0.341003	3.117147
9846	-2133.231	-2285.858	152.6276	1.09463	0.2717105	0.742742	0.257258	4.478822
9852	-2130.592	-2284.204	153.6119	1.151794	0.2679315	0.734635	0.265365	3.892686
9858	-2129.098	-2282.812	153.7147	1.044942	0.3310858	0.597668	0.402332	3.810253
9864	-2140.983	-2294.585	153.6018	1.107161	0.3547814	0.607179	0.392821	3.810253
9870	-2131.486	-2287.103	155.6176	1.311801	0.2762916	0.639461	0.360539	2.597144
9876	-2130.123	-2285.205	155.0821	1.295787	0.4111615	0.631908	0.368092	2.758251
9882	-2133.906	-2289.292	155.3859	1.309179	0.2405872	0.489189	0.510811	2.797136
9888	-2132.791	-2284.628	151.837	1.274692	0.3937144	0.584574	0.415426	4.671564
9894	-2116.433	-2269.439	153.0058	1.083878	0.3036026	0.584574	0.415426	4.228112
9900	-2124.641	-2278.112	153.4709	1.114787	0.416331	0.584574	0.415426	3.811172
9906	-2125.125	-2278.677	153.5518	1.121979	0.2255335	0.690186	0.309814	4.008159
9912	-2130.12	-2282.326	152.2058	1.249264	0.3865133	0.590346	0.409654	4.486732
9918	-2118.203	-2272.628	154.4248	1.154137	0.4352567	0.557512	0.442488	3.211442
9924	-2126.145	-2280.261	154.1158	1.223131	0.3689513	0.723361	0.276639	3.427791
9930	-2137.117	-2292.341	155.2241	1.186384	0.4736365	0.482453	0.517547	2.66932
9936	-2135.283	-2290.41	155.1276	1.267489	0.2882069	0.551656	0.448344	2.90602
9942	-2137.644	-2291.586	153.9421	1.082787	0.2866295	0.648451	0.351549	3.715979
9948	-2119.646	-2272.936	153.29	1.065457	0.3526665	0.590472	0.409528	4.015457
9954	-2133.415	-2287.954	154.5389	1.355923	0.4268326	0.626947	0.373053	3.032539
9960	-2129.456	-2283.896	154.44	1.086699	0.3383463	0.561158	0.438842	3.355224
9966	-2145.001	-2297.766	152.7655	0.9872634	0.3694348	0.682755	0.317245	4.338136
9972	-2139.301	-2291.399	152.0978	1.085895	0.3694348	0.770204	0.229796	4.658271
9978	-2136.738	-2288.132	151.3938	0.9135371	0.3434794	0.55925	0.44075	5.176203
9984	-2133.728	-2286.855	153.1263	0.890661	0.3434794	0.690914	0.309086	4.219134
9990	-2131.503	-2283.854	152.3511	0.9909036	0.3877364	0.62485	0.37515	4.548929
9996	-2134.442	-2287.071	152.6291	0.9867304	0.438612	0.671243	0.328757	4.340611
10002	-2130.903	-2283.211	152.3075	0.9282446	0.380923	0.705149	0.294851	4.616122
10008	-2124.422	-2278.179	153.7564	1.219369	0.3299268	0.680494	0.319506	3.687002
10014	-2124.958	-2278.986	154.0288	1.0978	0.2656024	0.667492	0.332508	3.687002
10020	-2134.834	-2286.656	151.8217	0.9837483	0.4042051	0.648038	0.351962	4.831365
10026	-2145.268	-2299.592	154.3236	1.150519	0.3431482	0.533124	0.466876	3.380093
10032	-2137.425	-2289.86	152.4346	0.9372033	0.3230489	0.63799	0.36201	4.608038
10038	-2138.659	-2289.194	150.5352	0.8687504	0.312038	0.516394	0.483606	5.711722
10044	-2140.024	-2292.957	152.9331	0.9709944	0.3334277	0.505897	0.494103	4.295351
10050	-2143.565	-2295.111	151.5464	0.8267841	0.2821939	0.665895	0.334105	5.216756
10056	-2148.075	-2300.436	152.3605	1.027103	0.2896968	0.628536	0.371464	4.642188
10062	-2142.022	-2292.735	150.713	0.8835308	0.4806755	0.477253	0.522747	5.424867
10068	-2140.756	-2294.054	153.298	1.132046	0.4806755	0.639782	0.360218	3.83466
10074	-2149.235	-2304.156	154.9209	1.378641	0.4432587	0.646236	0.353764	2.769951
10080	-2142.736	-2296.195	153.4595	1.079044	0.3659169	0.639782	0.360218	3.894976
10086	-2128.796	-2283.679	154.8833	1.115954	0.3659169	0.701132	0.298868	3.040826
10092	-2133.085	-2284.731	151.6463	1.12902	0.2796584	0.675747	0.324253	4.997309
10098	-2127.825	-2279.621	151.7962	1.047289	0.4469206	0.60309	0.39691	4.76604
10104	-2136.064	-2291.197	155.1332	1.184219	0.3277864	0.644127	0.355873	2.898171
10110	-2134.909	-2289.585	154.6756	1.280291	0.2954729	0.491887	0.508113	3.15869
10116	-2140.288	-2294.781	154.4921	1.259404	0.4645445	0.595558	0.404442	3.077855
10122	-2137.647	-2292.039	154.3924	1.262469	0.4842911	0.658476	0.341524	3.115303
10128	-2128.541	-2283.232	154.6912	1.348909	0.3523127	0.558847	0.441153	3.033243
10134	-2137.568	-2292.911	155.3427	1.309251	0.3502752	0.548864	0.451136	2.664689
10140	-2136.231	-2291.568	155.3364	1.439408	0.5640516	0.548864	0.451136	2.350001
10146	-2138.468	-2293.793	155.325	1.542003	0.5321994	0.548864	0.451136	2.323395
10152	-2141.844	-2297.08	155.2369	1.448308	0.5681713	0.675497	0.324503	2.403401
10158	-2147.579	-2303.461	155.8818	1.301439	0.3062321	0.604809	0.395191	2.393908
10164	-2154.932	-2309.377	154.4443	1.302225	0.4940521	0.671543	0.328457	3.05078
10170	-2140.887	-2296.602	155.7157	1.284676	0.2993758	0.578226	0.421774	2.518681
10176	-2146.497	-2301.035	154.5375	1.284676	0.5797132	0.693941	0.306059	2.924359
10182	-2140.943	-2296.841	155.8983	1.371983	0.4706652	0.619948	0.380052	2.128866
10188	-2148.997	-2304.134	155.137	1.371983	0.5717169	0.724912	0.275088	2.510717
10194	-2133.993	-2289.672	155.6794	1.371983	0.4659423	0.561359	0.438641	2.275734
10200	-2129.87	-2284.898	155.0277	1.423607	0.4699345	0.6533	0.3467	2.648093
10206	-2136.14	-2290.076	153.9352	1.193196	0.5138649	0.753594	0.246406	3.397401
10212	-2140.653	-2296.04	155.3866	1.315886	0.3414116	0.686554	0.313446	2.64513
10218	-2141.957	-2297.934	155.9767	1.30065	0.2973128	0.634768	0.365232	2.347404
10224	-2145.54	-2301.117	155.577	1.232033	0.3341635	0.634768	0.365232	2.588964
10230	-2129.73	-2285.222	155.4924	1.414376	0.6499682	0.634768	0.365232	2.186418
10236	-2141.415	-2296.985	155.5703	1.380213	0.5556623	0.634768	0.365232	2.246566
10242	-2143.525	-2296.742	153.2175	1.09463	0.3326714	0.739532	0.260468	4.06459
10248	-2140.965	-2295.84	154.8751	1.096789	0.3805719	0.629386	0.370614	3.039511
10254	-2126.202	-2280.812	154.6097	1.199994	0.385177	0.618894	0.381106	3.130828
10260	-2118.365	-2272.793	154.428	1.319347	0.6086732	0.633269	0.366731	2.943928
10266	-2120.993	-2275.316	154.3233	1.164141	0.5317715	0.544545	0.455455	3.168679
10272	-2128.659	-2282.089	153.4298	1.160355	0.4661083	0.564453	0.435547	3.756838
10278	-2133.557	-2287.368	153.811	1.125946	0.2963483	0.62018	0.37982	3.753419
10284	-2128.553	-2280.758	152.205	0.8992058	0.3828198	0.62018	0.37982	4.687744
10290	-2140.794	-2294.047	153.2539	1.084439	0.5655987	0.53396	0.46604	3.809024
10296	-2146.574	-2298.502	151.9278	0.9405388	0.2831609	0.593744	0.406256	4.940831
10302	-2154.161	-2307.329	153.1687	1.224621	0.3517812	0.661257	0.338743	3.994856
10308	-2143.257	-2297.894	154.6361	1.480642	0.2453815	0.59361	0.40639	3.137291
10314	-2135.398	-2290.694	155.2959	1.248342	0.5325604	0.59361	0.40639	2.526359
10320	-2135.288	-2289.385	154.0973	1.41918	0.7306966	0.664266	0.335734	2.983977
10326	-2131.47	-2286.887	155.4163	1.361104	0.4354585	0.602132	0.397868	2.483476
10332	-2134.53	-2288.327	153.797	1.107344	0.2842758	0.440117	0.559883	3.788752
10338	-2134.842	-2288.452	153.6099	1.280104	0.5151078	0.577238	0.422762	3.53547
10344	-2139.383	-2293.01	153.6267	1.158423	0.5828031	0.614786	0.385214	3.53547
10350	-2134.552	-2288.7	154.1474	1.385066	0.3467017	0.570093	0.429907	3.341353
10356	-2130.896	-2283.932	153.0352	0.989297	0.3698207	0.769807	0.230193	4.18376
10362	-2129.714	-2282.857	153.1437	1.020278	0.3052767	0.642556	0.357444	4.18376
10368	-2123.783	-2277.753	153.9698	1.129036	0.2587925	0.625114	0.374886	3.713036
10374	-2118.119	-2272.418	154.2985	1.116926	0.2832828	0.698908	0.301092	3.49392
10380	-2132.857	-2285.396	152.5394	1.029239	0.4074677	0.698908	0.301092	4.399862
10386	-2140.871	-2293.634	152.7633	0.9510001	0.4032969	0.553137	0.446863	4.322089
10392	-2131.915	-2285.986	154.071	0.911462	0.4181796	0.546506	0.453494	3.5797
10398	-2137.213	-2290.229	153.0162	1.069025	0.3967678	0.69793	0.30207	4.118841
10404	-2133.559	-2287.479	153.9202	1.117595	0.3967678	0.462686	0.537314	3.571234
10410	-2135.768	-2288.664	152.8955	1.088046	0.3609908	0.632966	0.367034	4.217276
10416	-2125.073	-2277.937	152.8638	1.042398	0.3609908	0.666624	0.333376	4.261137
10422	-2132.854	-2285.712	152.8578	0.9836675	0.3609908	0.615576	0.384424	4.297766
10428	-2134.802	-2288.79	153.9883	1.086829	0.3564967	0.686186	0.313814	3.596505
10434	-2134.566	-2288.086	153.5201	1.140494	0.2212891	0.618624	0.381376	4.022523
10440	-2138.102	-2291.138	153.0361	1.247067	0.1866428	0.581155	0.418845	4.29521
10446	-2127.818	-2281.233	153.4146	1.088908	0.2257594	0.548063	0.451937	4.104907
10452	-2142.782	-2295.621	152.8389	1.04592	0.2975017	0.585119	0.414881	4.352096
10458	-2140.648	-2293.378	152.7299	1.04592	0.3464177	0.5945	0.4055	4.352096
10464	-2138.464	-2289.968	151.504	0.9145877	0.2931104	0.563058	0.436942	5.177169
10470	-2142.006	-2296.141	154.1345	1.101482	0.2931104	0.575247	0.424753	3.584683
10476	-2143.666	-2298.172	154.5062	1.177777	0.3342576	0.571661	0.428339	3.267813
10482	-2147.362	-2302.491	155.1288	1.137343	0.3342576	0.656688	0.343312	2.92056
10488	-2150.665	-2305.218	154.5529	1.237082	0.4106201	0.662386	0.337614	3.113233
10494	-2152.205	-2306.146	153.9413	1.013108	0.4450283	0.523678	0.476322	3.567446
10500	-2151.841	-2304.617	152.7759	1.058326	0.329931	0.562758	0.437242	4.339226
10506	-2151.111	-2303.68	152.5692	0.9557511	0.2887761	0.619976	0.380024	4.566378
10512	-2151.518	-2303.508	151.9896	0.9557511	0.4021738	0.688908	0.311092	4.755432
10518	-2160.637	-2312.804	152.1669	0.7784738	0.4021738	0.520853	0.479147	4.755432
10524	-2132.778	-2286.178	153.3991	1.05682	0.3137455	0.607869	0.392131	4.006464
10530	-2138.603	-2292.721	154.1174	1.283865	0.2081348	0.579671	0.420329	3.618027
10536	-2143.351	-2297.376	154.0251	1.337785	0.4553911	0.505525	0.494475	3.317721
10542	-2134.788	-2288.712	153.9233	1.097685	0.3065741	0.656172	0.343828	3.691133
10548	-2151.543	-2306.037	154.4937	1.324422	0.3065741	0.460963	0.539037	3.225067
10554	-2147.792	-2303.628	155.8366	1.657246	0.5096786	0.669024	0.330976	1.937192
10560	-2146.78	-2301.889	155.109	1.495411	0.505951	0.636628	0.363372	2.515595
10566	-2130.59	-2285.464	154.8745	1.45955	0.5798622	0.653094	0.346906	2.611808
10572	-2154.244	-2307.486	153.2419	0.8748454	0.3267736	0.621563	0.378437	4.18309
10578	-2153.603	-2307.946	154.342	1.09351	0.2997756	0.611155	0.388845	3.459296
10584	-2132.393	-2285.219	152.8259	1.128933	0.379954	0.665367	0.334633	4.211711
10590	-2139.671	-2291.952	152.2809	1.128933	0.379954	0.696522	0.303478	4.519517
10596	-2137.998	-2291.679	153.6814	1.04989	0.5196762	0.61596	0.38404	3.623476
10602	-2141.742	-2295.819	154.0767	1.04989	0.3014489	0.697431	0.302569	3.636833
10608	-2144.117	-2296.951	152.8334	0.9401318	0.4112349	0.556046	0.443954	4.28006
10614	-2129.685	-2281.962	152.2766	0.8928339	0.4112349	0.537852	0.462148	4.62035
10620	-2128.606	-2281.12	152.5143	0.9944234	0.3144288	0.703919	0.296081	4.542016
10626	-2123.135	-2276.239	153.1037	1.003809	0.3854727	0.639125	0.360875	4.118755
10632	-2122.959	-2276.802	153.8422	1.092607	0.2493392	0.607923	0.392077	3.82174
10638	-2130.568	-2284.013	153.4443	1.263303	0.2432515	0.607923	0.392077	3.96127
10644	-2125.318	-2280.607	155.2888	1.408322	0.2869624	0.59056	0.40944	2.724179
10650	-2124.186	-2276.87	152.6841	1.26637	0.4879506	0.644369	0.355631	4.10198
10656	-2126.621	-2279.46	152.839	0.9070886	0.5511617	0.644369	0.355631	4.160321
10662	-2122.243	-2275.568	153.3244	1.183735	0.3701741	0.644369	0.355631	3.907392
10668	-2128.194	-2281.86	153.6665	1.142083	0.2406831	0.780187	0.219813	3.907392
10674	-2129.329	-2282.43	153.1007	0.9667829	0.4772838	0.643994	0.356006	4.045612
10680	-2131.399	-2284.426	153.0276	0.9667829	0.3055671	0.670083	0.329917	4.279568
10686	-2135.243	-2288.227	152.9838	1.140939	0.2522404	0.528765	0.471235	4.279568
10692	-2125.194	-2278.241	153.0477	0.9284422	0.3135325	0.635708	0.364292	4.279568
10698	-2134.472	-2288.086	153.6145	1.192337	0.3444923	0.669845	0.330155	3.766395
10704	-2139.597	-2294.503	154.9061	1.190378	0.4811569	0.682043	0.317957	2.853169
10710	-2136.668	-2290.774	154.1051	1.286834	0.5169793	0.629433	0.370567	3.239245
10716	-2142.218	-2296.191	153.9729	1.234033	0.2306433	0.629433	0.370567	3.693698
10722	-2157.952	-2313.402	155.4499	1.234033	0.2917782	0.49433	0.50567	2.725262
10728	-2146.86	-2301.378	154.5176	1.234033	0.3374266	0.653436	0.346564	3.223787
10734	-2133.584	-2289.038	155.454	1.297456	0.3021031	0.658549	0.341451	2.668932
10740	-2130.441	-2285.662	155.2212	1.297456	0.3733555	0.714342	0.285658	2.717348
10746	-2129.91	-2285.403	155.4924	1.265113	0.2847878	0.714342	0.285658	2.690383
10752	-2144.092	-2299.456	155.3634	1.260887	0.3141701	0.653392	0.346608	2.729993
10758	-2142.788	-2298.246	155.4579	1.511857	0.5764182	0.653392	0.346608	2.213868
10764	-2127.246	-2282.155	154.9084	1.442599	0.4527363	0.653392	0.346608	2.728157
10770	-2130.735	-2285.314	154.5793	1.028077	0.3880892	0.538266	0.461734	3.247384
10776	-2138.097	-2291.613	153.5161	1.061064	0.4994802	0.682217	0.317783	3.731738
10782	-2115.077	-2269.457	154.3807	1.140557	0.4036766	0.614664	0.385336	3.280382
10788	-2123.125	-2277.522	154.3968	1.196188	0.3673654	0.669321	0.330679	3.280382
10794	-2139.058	-2289.425	150.3663	1.050647	0.231406	0.599006	0.400994	5.814497
10800	-2139.408	-2291.034	151.6254	1.111089	0.2976054	0.604622	0.395378	4.995067
10806	-2136.574	-2289.712	153.1383	1.041179	0.2621802	0.634214	0.365786	4.23408
10812	-2128.882	-2284.162	155.2791	1.207526	0.3712882	0.62347	0.37653	2.739463
10818	-2120.645	-2276.256	155.6113	1.372516	0.3660206	0.624589	0.375411	2.437939
10824	-2121.8	-2277.413	155.6131	1.372516	0.3638599	0.541363	0.458637	2.439577
10830	-2132.709	-2287.16	154.4511	1.308112	0.5588453	0.632135	0.367865	2.981245
10836	-2127.843	-2283.095	155.2521	1.50627	0.5541529	0.642474	0.357526	2.370661
10842	-2118.419	-2273.403	154.984	1.448089	0.713716	0.64026	0.35974	2.435423
10848	-2127.513	-2283.54	156.0266	1.505821	0.5016899	0.631504	0.368496	1.920001
10854	-2116.323	-2272.303	155.9802	1.505821	0.5303267	0.549226	0.450774	1.920001
10860	-2131.127	-2287.317	156.1901	1.505821	0.2271151	0.564763	0.435237	2.193496
10866	-2123.659	-2278.215	154.5564	1.505821	0.570725	0.481279	0.518721	2.787034
10872	-2125.848	-2280.801	154.9528	1.43062	0.3859057	0.596567	0.403433	2.784658
10878	-2140.388	-2294.801	154.4137	1.315622	0.263227	0.642153	0.357847	3.33907
10884	-2141.36	-2295.039	153.6796	1.103154	0.299289	0.607264	0.392736	3.838252
10890	-2131.337	-2285.614	154.2768	1.157664	0.5567755	0.559507	0.440493	3.177003
10896	-2131.562	-2287.251	155.689	1.369656	0.4057565	0.559507	0.440493	2.341001
10902	-2122	-2275.553	153.553	1.369656	0.4057565	0.594775	0.405225	3.628058
10908	-2121.295	-2275.779	154.4841	1.451242	0.224734	0.566748	0.433252	3.277982
10914	-2137.92	-2293.489	155.5694	1.451242	0.437735	0.656791	0.343209	2.327324
10920	-2142.114	-2297.266	155.1517	1.313148	0.5966928	0.572832	0.427168	2.515141
10926	-2132.303	-2286.589	154.2869	1.162952	0.2843405	0.703521	0.296479	3.472332
10932	-2133.657	-2287.58	153.9231	1.122933	0.4591446	0.573725	0.426275	3.499508
10938	-2146.321	-2298.317	151.9959	1.122933	0.3425359	0.573725	0.426275	4.725942
10944	-2131.231	-2285.51	154.2788	1.16537	0.3952358	0.616013	0.383987	3.335349
10950	-2130.224	-2284.034	153.81	1.189335	0.4564625	0.644631	0.355369	3.529448
10956	-2134.324	-2288.06	153.7359	1.188834	0.5672679	0.546723	0.453277	3.467602
10962	-2125.941	-2279.941	153.9996	1.202972	0.4225489	0.689149	0.310851	3.446641
10968	-2123.961	-2278.972	155.0115	1.316529	0.2926195	0.639667	0.360333	2.940147
10974	-2132.953	-2286.98	154.027	1.178895	0.2264515	0.639667	0.360333	3.700968
10980	-2128.651	-2281.952	153.3015	1.131261	0.3920264	0.697589	0.302411	3.925653
10986	-2136.675	-2290.371	153.696	1.050621	0.3126864	0.68574	0.31426	3.841292
10992	-2119.967	-2273.476	153.5094	1.143325	0.3558931	0.753332	0.246668	3.841292
10998	-2128.855	-2283.718	154.8624	1.250129	0.3408455	0.543983	0.456017	3.004397
11004	-2123.689	-2278.716	155.0265	1.250129	0.2697672	0.649513	0.350487	3.004397
11010	-2132.451	-2285.945	153.4942	0.9596358	0.4849549	0.587655	0.412345	3.816777
11016	-2134.472	-2287.134	152.6621	1.042059	0.4987815	0.678603	0.321397	4.23165
11022	-2131.47	-2284.163	152.6932	1.110643	0.3917459	0.543803	0.456197	4.2841
11028	-2131.7	-2285.827	154.1267	1.149816	0.2301001	0.632718	0.367282	3.65428
11034	-2124.743	-2278.881	154.1383	1.104313	0.2706301	0.632718	0.367282	3.612513
11040	-2126.478	-2280.011	153.5334	1.283619	0.4131221	0.604353	0.395647	3.681167
11046	-2129.45	-2283.76	154.3101	1.253901	0.2460639	0.604353	0.395647	3.462034
11052	-2117.954	-2271.799	153.8449	1.178541	0.401693	0.52054	0.47946	3.574073
11058	-2117.712	-2271.204	153.492	1.178541	0.6159563	0.679386	0.320614	3.574073
11064	-2120.549	-2274.296	153.747	1.349362	0.1964	0.716117	0.283883	3.814289
11070	-2125.055	-2279.57	154.5151	1.125081	0.3872531	0.550582	0.449418	3.228934
11076	-2137.507	-2290.981	153.4742	1.122102	0.3859774	0.550582	0.449418	3.838614
11082	-2130.24	-2285.52	155.2802	1.262914	0.3380169	0.680837	0.319163	2.747489
11088	-2142.96	-2296.801	153.8401	1.262914	0.2542858	0.615199	0.384801	3.717353
11094	-2141.898	-2295.24	153.3424	1.137544	0.4153037	0.804487	0.195513	3.873022
11100	-2134.445	-2288.713	154.2676	1.240273	0.4055595	0.516422	0.483578	3.286132
11106	-2142.521	-2296.123	153.6013	1.211181	0.3049448	0.516422	0.483578	3.813558
11112	-2147.27	-2300.832	153.5619	1.152096	0.4136066	0.577713	0.422287	3.740171
11118	-2156.564	-2309.959	153.3952	1.15803	0.3662734	0.598982	0.401018	3.886134
11124	-2136.638	-2289.719	153.0806	1.228596	0.3535787	0.51262	0.48738	4.04079
11130	-2135.106	-2288.62	153.5146	1.003777	0.3665534	0.698666	0.301334	3.90577
11136	-2132.214	-2284.529	152.3151	1.023222	0.2838679	0.566043	0.433957	4.677645
11142	-2137.461	-2289.945	152.484	0.958736	0.3505113	0.558341	0.441659	4.534888
11148	-2134.771	-2285.985	151.2137	1.093714	0.3116584	0.580585	0.419415	5.214933
11154	-2130.143	-2283.128	152.9852	1.074813	0.3116584	0.590135	0.409865	4.234505
11160	-2149.4	-2304.65	155.2502	1.539827	0.5554589	0.544771	0.455229	2.349276
11166	-2144.405	-2300.038	155.6333	1.515895	0.5087144	0.651509	0.348491	2.166165
11172	-2146.652	-2302.645	155.9935	1.685959	0.5087144	0.526685	0.473315	1.811681
11178	-2127.238	-2283.377	156.1394	1.685959	0.5171884	0.638595	0.361405	1.700008
11184	-2134.437	-2291.118	156.6806	1.685959	0.290217	0.603097	0.396903	1.628259
11190	-2126.375	-2282.027	155.6516	1.608454	0.3660085	0.649456	0.350544	2.262522
11196	-2130.095	-2286.154	156.0589	1.608478	0.366015	0.555925	0.444075	1.996205
11202	-2138.801	-2295.257	156.4557	1.608478	0.3819095	0.621621	0.378379	1.702075
11208	-2134.635	-2290.831	156.1962	1.456646	0.4647507	0.657441	0.342559	1.880708
11214	-2124.021	-2279.437	155.4163	1.53544	0.3534763	0.639404	0.360596	2.474375
11220	-2143.009	-2298.179	155.1704	1.352096	0.1694861	0.54263	0.45737	3.028188
11226	-2147.473	-2302.931	155.4582	1.349732	0.3992004	0.740859	0.259141	2.506884
11232	-2134.28	-2288.239	153.9588	1.134104	0.353893	0.618057	0.381943	3.589373
11238	-2144.361	-2298.124	153.763	1.134104	0.2778609	0.578234	0.421766	3.801896
11244	-2135.045	-2289.348	154.3031	1.129022	0.5339561	0.665376	0.334624	3.199416
11250	-2130.705	-2285.118	154.4125	1.187555	0.4347789	0.681857	0.318143	3.199416
11256	-2136.186	-2289.637	153.4506	1.152958	0.3946598	0.395228	0.604772	3.824698
11262	-2123.133	-2276.036	152.9033	0.91581	0.4173612	0.678843	0.321157	4.24769
11268	-2124.585	-2277.456	152.8707	0.944099	0.4196766	0.583697	0.416303	4.24769
11274	-2133.583	-2286.551	152.9677	1.010459	0.4297991	0.700304	0.299696	4.14434
11280	-2132.494	-2286.713	154.219	1.196573	0.3292336	0.53625	0.46375	3.432006
11286	-2133.145	-2286.089	152.9449	1.042722	0.461298	0.698957	0.301043	4.106858
11292	-2132.662	-2285.715	153.0527	1.032215	0.497105	0.566829	0.433171	4.016587
11298	-2127.053	-2279.908	152.855	1.023841	0.380772	0.566063	0.433937	4.253892
11304	-2135.655	-2289.167	153.5116	1.161068	0.3854008	0.688789	0.311211	3.795341
11310	-2124.205	-2276.37	152.1649	1.008368	0.3854008	0.530894	0.469106	4.646197
11316	-2124.217	-2277.48	153.2629	1.225583	0.4378663	0.711414	0.288586	3.844213
11322	-2129.879	-2284.017	154.1374	1.147754	0.4781116	0.504973	0.495027	3.340253
11328	-2124.792	-2277.793	153.0007	1.089609	0.4761095	0.504973	0.495027	4.033685
11334	-2137.042	-2289.44	152.3977	1.22009	0.4336764	0.577676	0.422324	4.344576
11340	-2132.871	-2285.859	152.9881	1.205852	0.6362883	0.652477	0.347523	3.833009
11346	-2122.954	-2276.748	153.7937	1.103846	0.2866509	0.551205	0.448795	3.789356
11352	-2126.172	-2279.995	153.8228	1.109518	0.2724072	0.599536	0.400464	3.789356
11358	-2128.795	-2282.554	153.7598	1.3136	0.2190716	0.651365	0.348635	3.789356
11364	-2129.907	-2285.242	155.3348	1.466511	0.3932955	0.600133	0.399867	2.518135
11370	-2151.267	-2307.413	156.1459	1.390208	0.4538073	0.666604	0.333396	1.972524
11376	-2148.405	-2303.074	154.6693	1.181743	0.3527271	0.561051	0.438949	3.145541
11382	-2134.932	-2289.11	154.1789	1.296414	0.3612905	0.669059	0.330941	3.357035
11388	-2130.614	-2284.762	154.1481	1.181562	0.4365903	0.539196	0.460804	3.357035
11394	-2129.881	-2285.083	155.2021	1.227908	0.2931174	0.699389	0.300611	2.877887
11400	-2125.484	-2278.899	153.4155	1.125581	0.4224955	0.437676	0.562324	3.830172
11406	-2133.705	-2287.671	153.9661	1.168986	0.2525682	0.564152	0.435848	3.701409
11412	-2137.247	-2290.49	153.243	1.010796	0.3932677	0.53874	0.46126	4.026642
11418	-2140.101	-2293.631	153.53	1.012908	0.2626535	0.49692	0.50308	4.026642
11424	-2119.334	-2273.283	153.9495	1.125577	0.4674904	0.692395	0.307605	3.474076
11430	-2134.402	-2288.615	154.2133	1.046111	0.3533334	0.692395	0.307605	3.493113
11436	-2152.405	-2305.361	152.9569	1.032828	0.3019886	0.495656	0.504344	4.286894
11442	-2140.532	-2295.054	154.5218	1.13875	0.4447518	0.558515	0.441485	3.152831
11448	-2135.254	-2288.03	152.7767	1.069308	0.3297882	0.591175	0.408825	4.332691
11454	-2130.843	-2283.759	152.9161	1.069308	0.3205396	0.676574	0.323426	4.265421
11460	-2120.809	-2274.807	153.9981	1.240377	0.311818	0.605032	0.394968	3.558025
11466	-2117.836	-2272.48	154.6434	1.22356	0.3748946	0.710969	0.289031	3.108911
11472	-2133.226	-2288.079	154.8534	1.516852	0.4335336	0.572104	0.427896	2.737518
11478	-2126.02	-2281.159	155.1391	1.45175	0.4738364	0.598917	0.401083	2.557549
11484	-2135.233	-2289.925	154.6926	1.502908	0.4852356	0.598917	0.401083	2.788809
11490	-2134.469	-2290.526	156.0576	1.497282	0.4610962	0.604461	0.395539	1.951331
11496	-2126.659	-2282.714	156.0553	1.625791	0.4610962	0.598394	0.401606	1.865804
11502	-2138.265	-2294.237	155.9728	1.625791	0.5099724	0.606613	0.393387	1.865804
11508	-2136.505	-2292.592	156.0867	1.579332	0.4697406	0.529871	0.470129	1.865804
11514	-2131.732	-2287.485	155.7529	1.408438	0.4237047	0.643616	0.356384	2.253764
11520	-2142.84	-2297.211	154.3718	1.17145	0.3837232	0.586218	0.413782	3.29035
11526	-2135.873	-2289.943	154.0696	1.239283	0.3739413	0.528056	0.471944	3.439475
11532	-2143.002	-2297.429	154.4264	1.391147	0.5673909	0.485502	0.514498	2.938287
11538	-2123.91	-2278.405	154.4944	1.19896	0.5214526	0.530123	0.469877	3.055774
11544	-2131.218	-2284.062	152.8438	1.081226	0.2905269	0.530123	0.469877	4.338672
11550	-2137.52	-2288.091	150.5706	0.8486666	0.3830487	0.509396	0.490604	5.620702
11556	-2142.638	-2294.92	152.2822	1.039856	0.3085853	0.509396	0.490604	4.654208
11562	-2139.598	-2293.136	153.5383	0.9647511	0.3097869	0.492303	0.507697	3.984689
11568	-2141.382	-2295.128	153.7461	1.181661	0.3900468	0.661208	0.338792	3.64272
11574	-2130.771	-2284.876	154.105	1.025056	0.3356864	0.590016	0.409984	3.590307
11580	-2135.849	-2289.335	153.486	1.237996	0.5154347	0.548999	0.451001	3.631669
11586	-2131.774	-2285.193	153.4183	1.044681	0.4876597	0.581573	0.418427	3.808901
11592	-2128.255	-2282.988	154.7335	1.163928	0.2739288	0.612809	0.387191	3.22415
11598	-2127.269	-2282.233	154.9636	1.313557	0.3470361	0.658195	0.341805	2.897378
11604	-2151.443	-2305.242	153.7984	1.157843	0.3805043	0.662317	0.337683	3.637123
11610	-2152.25	-2306.543	154.293	1.349094	0.2042741	0.565954	0.434046	3.484487
11616	-2156.179	-2310.553	154.3744	1.326277	0.2162198	0.450133	0.549867	3.42994
11622	-2141.333	-2295.55	154.2168	1.118575	0.3454537	0.635104	0.364896	3.458426
11628	-2139.591	-2291.485	151.8945	0.8206637	0.3708154	0.624664	0.375336	4.918314
11634	-2137.749	-2291.724	153.9752	1.115402	0.3431008	0.61498	0.38502	3.603957
11640	-2130.539	-2284.976	154.437	1.158277	0.3611527	0.716306	0.283694	3.286546
11646	-2119.87	-2274.239	154.3691	1.212722	0.2755286	0.662345	0.337655	3.407668
11652	-2127.686	-2281.006	153.3198	1.314224	0.2798307	0.638526	0.361474	3.950172
11658	-2136.457	-2290.221	153.7635	1.162166	0.352513	0.517276	0.482724	3.687994
11664	-2138.934	-2292.924	153.9907	1.120317	0.2711578	0.710885	0.289115	3.687994
11670	-2144.566	-2298.754	154.1879	1.206274	0.3041262	0.667005	0.332995	3.477554
11676	-2133.46	-2289.167	155.707	1.28151	0.3477098	0.569999	0.430001	2.458908
11682	-2132.123	-2288.057	155.9339	1.282017	0.3911027	0.620189	0.379811	2.258632
11688	-2126.428	-2282.052	155.6242	1.341443	0.6062338	0.581968	0.418032	2.188198
11694	-2125.571	-2280.723	155.1528	1.281236	0.496348	0.523601	0.476399	2.631177
11700	-2135.265	-2290.378	155.1131	1.281236	0.496348	0.690431	0.309569	2.655613
11706	-2137.175	-2291.525	154.3497	1.11478	0.5225948	0.561946	0.438054	3.190948
11712	-2132.76	-2287.625	154.8652	1.296329	0.3523911	0.561946	0.438054	2.960256
11718	-2129.647	-2283.736	154.0887	1.216468	0.3511974	0.776186	0.223814	3.469009
11724	-2135.07	-2288.692	153.6221	1.032429	0.37633	0.655504	0.344496	3.816199
11730	-2123.399	-2275.304	151.9057	0.8721235	0.3476521	0.720613	0.279387	4.910104
11736	-2131.411	-2283.241	151.8303	0.9310861	0.3476521	0.595543	0.404457	4.919306
11742	-2128.707	-2282.224	153.5169	1.115268	0.364024	0.668678	0.331322	3.843431
11748	-2136.385	-2290.436	154.0507	1.117273	0.2722706	0.627194	0.372806	3.653399
11754	-2137.63	-2290.523	152.8927	1.019216	0.379271	0.623777	0.376223	4.236842
11760	-2128.84	-2283.496	154.6556	1.212154	0.379271	0.59461	0.40539	3.103228
11766	-2133.063	-2287.031	153.9677	1.020078	0.3615952	0.512478	0.487522	3.641068
11772	-2132.516	-2286.461	153.9449	1.219212	0.3832336	0.670649	0.329351	3.513119
11778	-2132.868	-2288.205	155.3366	1.589674	0.2416183	0.633063	0.366937	2.653853
11784	-2129.197	-2284.663	155.4658	1.453357	0.2970852	0.633063	0.366937	2.572556
11790	-2141.034	-2294.924	153.8904	1.101536	0.3452952	0.571163	0.428837	3.658453
11796	-2136.366	-2290.347	153.9812	1.002005	0.5041215	0.468262	0.531738	3.491608
11802	-2130.815	-2285.489	154.6732	1.310772	0.2478105	0.580921	0.419079	3.212271
11808	-2121.147	-2275.81	154.6629	1.15472	0.3614782	0.654451	0.345549	3.154543
11814	-2129.438	-2283.487	154.0488	1.052463	0.3341223	0.671441	0.328559	3.608979
11820	-2122.227	-2275.39	153.1633	0.9700037	0.3507619	0.63477	0.36523	4.144301
11826	-2139.939	-2291.035	151.0956	0.9660043	0.3726911	0.703813	0.296187	5.278539
11832	-2130.672	-2283.244	152.5717	0.9891092	0.2445752	0.594407	0.405593	4.608641
11838	-2126.237	-2278.752	152.5148	0.9713009	0.4546181	0.678202	0.321798	4.397675
11844	-2127.8	-2280.021	152.2203	0.9814623	0.3566567	0.548485	0.451515	4.662848
11850	-2124.429	-2277.637	153.2077	0.9814623	0.3450746	0.654239	0.345761	4.119387
11856	-2128.095	-2282.289	154.1939	1.126437	0.3906422	0.652431	0.347569	3.413321
11862	-2137.006	-2289.71	152.704	0.8997853	0.326512	0.557697	0.442303	4.473403
11868	-2132.798	-2286.455	153.6573	1.046515	0.3255731	0.510915	0.489085	3.849289
11874	-2133.236	-2285.329	152.0934	0.9039599	0.3673995	0.562558	0.437442	4.764795
11880	-2137.648	-2290.523	152.8746	0.9643171	0.2751896	0.530768	0.469232	4.408261
11886	-2132.917	-2287.123	154.2061	1.113486	0.3109056	0.592207	0.407793	3.511989
11892	-2131.918	-2284.902	152.9841	0.9744895	0.4640585	0.61005	0.38995	4.120646
11898	-2136.097	-2289.533	153.4362	0.9744895	0.3378521	0.568346	0.431654	4.001886
11904	-2122.688	-2275.025	152.3371	1.026197	0.521483	0.516167	0.483833	4.403497
11910	-2125.476	-2278.331	152.855	0.8947441	0.427548	0.594039	0.405961	4.276301
11916	-2136.517	-2290.166	153.6498	1.06275	0.427548	0.503138	0.496862	3.726006
11922	-2136.87	-2291.146	154.2752	1.146291	0.3330741	0.653858	0.346142	3.423653
11928	-2137.48	-2291.588	154.1084	1.122342	0.4421315	0.667203	0.332797	3.409169
11934	-2132.636	-2287.305	154.6698	1.355139	0.3436812	0.562399	0.437601	3.053246
11940	-2126.278	-2282.354	156.0762	1.355139	0.3436812	0.606718	0.393282	2.182109
11946	-2134.537	-2289.464	154.9261	1.355139	0.2983721	0.705882	0.294118	2.960198
11952	-2128.186	-2284.27	156.0842	1.355139	0.2483047	0.543906	0.456094	2.321616
11958	-2134.286	-2288.115	153.8288	1.304569	0.2386026	0.763933	0.236067	3.723708
11964	-2130.017	-2283.763	153.7457	1.277951	0.3027565	0.607225	0.392775	3.694681
11970	-2132.58	-2286.797	154.217	1.235622	0.4535411	0.644746	0.355254	3.266714
11976	-2127.128	-2281.053	153.9252	1.328153	0.4862269	0.628035	0.371965	3.350866
11982	-2130.091	-2284.134	154.0437	1.00514	0.291317	0.535978	0.464022	3.695637
11988	-2127.695	-2281.71	154.0154	1.17864	0.2850498	0.557671	0.442329	3.620239
11994	-2136.179	-2289.183	153.0043	1.161169	0.3552186	0.639161	0.360839	4.120725
12000	-2128.462	-2281.641	153.1794	1.115574	0.2966334	0.613252	0.386748	4.120725
12006	-2129.168	-2282.246	153.0781	1.085305	0.4098231	0.528985	0.471015	4.060057
12012	-2124.052	-2276.837	152.7849	1.110235	0.4097784	0.757271	0.242729	4.212693
12018	-2131.431	-2284.821	153.3899	1.366366	0.3055377	0.6923	0.3077	3.845157
12024	-2133.296	-2286.849	153.5531	0.9962387	0.2792342	0.727653	0.272347	3.999455
12030	-2132.466	-2288.089	155.6227	1.281227	0.4513484	0.529872	0.470128	2.385939
12036	-2145.627	-2302.308	156.6809	1.550981	0.3162198	0.591483	0.408517	1.681649
12042	-2143.288	-2299.752	156.4646	1.530441	0.4147728	0.592912	0.407088	1.706077
12048	-2141.833	-2297.488	155.6549	1.621086	0.6623559	0.639499	0.360501	1.931383
12054	-2129.527	-2286.305	156.7773	1.595199	0.2697842	0.668056	0.331944	1.65975
12060	-2123.792	-2279.909	156.117	1.595199	0.4298659	0.691656	0.308344	1.882711
12066	-2128.27	-2284.743	156.4736	1.603228	0.4298659	0.626453	0.373547	1.627631
12072	-2127.452	-2284.072	156.6201	1.562828	0.3750766	0.561581	0.438419	1.627023
12078	-2135.682	-2290.969	155.2876	1.562828	0.801978	0.486233	0.513767	2.097251
12084	-2126.998	-2282.619	155.6212	1.46912	0.6165501	0.715693	0.284307	2.097251
12090	-2122.141	-2277.849	155.7081	1.432971	0.3436693	0.665184	0.334816	2.368129
12096	-2122.227	-2277.783	155.5555	1.397996	0.2564885	0.655935	0.344065	2.613037
12102	-2119.301	-2274.831	155.5303	1.249906	0.3295463	0.590621	0.409379	2.613037
12108	-2117.59	-2272.528	154.9377	1.329501	0.3415793	0.637605	0.362395	2.910398
12114	-2118.467	-2273.253	154.7862	1.411327	0.4751448	0.653698	0.346302	2.798048
12120	-2114.159	-2269.048	154.8895	1.291776	0.4847095	0.544515	0.455485	2.798048
12126	-2134.562	-2288.596	154.0344	1.334258	0.3067818	0.716627	0.283373	3.488908
12132	-2125.288	-2278.445	153.1568	1.002424	0.2903898	0.616019	0.383981	4.206244
12138	-2129.06	-2283.736	154.6764	1.415004	0.3738327	0.558409	0.441591	2.975929
12144	-2142.5	-2297.435	154.9343	1.24178	0.3310104	0.626081	0.373919	2.979032
12150	-2133.825	-2288.473	154.648	1.24178	0.3310104	0.530662	0.469338	3.150121
12156	-2147.666	-2301.755	154.0886	1.181709	0.3310104	0.592736	0.407264	3.514593
12162	-2132.011	-2287.232	155.2208	1.304076	0.3729271	0.669914	0.330086	2.714056
12168	-2131.749	-2287.229	155.4793	1.500296	0.4412132	0.640786	0.359214	2.349458
12174	-2128.357	-2282.87	154.5133	1.300669	0.3377592	0.580685	0.419315	3.186454
12180	-2130.858	-2285.342	154.4832	1.251585	0.3757848	0.729879	0.270121	3.186454
12186	-2117.625	-2271.528	153.9028	1.251151	0.4373285	0.555812	0.444188	3.459213
12192	-2117.006	-2271.775	154.7691	1.265645	0.3337905	0.557118	0.442882	3.060084
12198	-2121.205	-2275.895	154.6899	1.330501	0.3404456	0.547198	0.452802	3.060084
12204	-2141.817	-2297.114	155.297	1.355698	0.3897195	0.547198	0.452802	2.614798
12210	-2137.795	-2293.54	155.7451	1.355698	0.3897195	0.668863	0.331137	2.333904
12216	-2126.387	-2281.94	155.5528	1.395329	0.4729709	0.598887	0.401113	2.333904
12222	-2133.354	-2289.76	156.406	1.61404	0.431757	0.69776	0.30224	1.665895
12228	-2139.346	-2295.887	156.5407	1.661458	0.3397685	0.729583	0.270417	1.665895
12234	-2139.535	-2295.374	155.8391	1.464804	0.4278285	0.69895	0.30105	2.1567
12240	-2140.534	-2294.385	153.8514	1.116413	0.4859434	0.775218	0.224782	3.518244
12246	-2145.053	-2298.156	153.103	1.17576	0.2823787	0.544025	0.455975	4.149305
12252	-2141.204	-2295.552	154.3484	1.300729	0.3265012	0.686413	0.313587	3.298374
12258	-2135.852	-2290.897	155.0446	1.452753	0.4761235	0.564233	0.435767	2.613103
12264	-2146.979	-2301.513	154.5347	1.452753	0.6075807	0.550313	0.449687	2.799483
12270	-2142.936	-2298.538	155.6017	1.452753	0.471302	0.693518	0.306482	2.267802
12276	-2137.476	-2293.96	156.4844	1.547936	0.341174	0.701149	0.298851	1.783368
12282	-2144.067	-2300.044	155.9765	1.913669	0.7822452	0.587617	0.412383	1.379785
12288	-2122.018	-2278.376	156.3571	1.974845	0.4984566	0.614794	0.385206	1.344874
12294	-2121.061	-2278.227	157.1664	1.994438	0.3047147	0.614794	0.385206	0.9388602
12300	-2123.721	-2279.835	156.1143	1.994438	0.7485802	0.614794	0.385206	1.235967
12306	-2130.785	-2287.629	156.8447	1.794078	0.3248687	0.527577	0.472423	1.363824
12312	-2128.487	-2285.704	157.2171	1.837712	0.2015735	0.672206	0.327794	1.282283
12318	-2140.159	-2296.569	156.4096	1.756466	0.5960127	0.683284	0.316716	1.356184
12324	-2136.603	-2293.012	156.4096	1.756466	0.5960127	0.683284	0.316716	1.356184
12330	-2153.966	-2310.209	156.2429	1.641529	0.6003306	0.674777	0.325223	1.565727
12336	-2143.814	-2299.652	155.8383	1.583101	0.5109594	0.565446	0.434554	1.984408
12342	-2143.453	-2299.055	155.6018	1.543073	0.3764653	0.7258	0.2742	2.32261
12348	-2134.13	-2289.949	155.819	1.404135	0.3388039	0.735524	0.264476	2.32261
12354	-2150.06	-2305.101	155.0408	1.576534	0.716614	0.561432	0.438568	2.315766
12360	-2141.391	-2296.597	155.2055	1.294296	0.3090737	0.658933	0.341067	2.813061
12366	-2131.766	-2285.077	153.311	1.088509	0.3581303	0.597972	0.402028	3.983756
12372	-2136.906	-2291.222	154.3165	1.132804	0.3982013	0.662202	0.337798	3.328965
12378	-2136.603	-2290.169	153.5653	1.132804	0.3879209	0.662202	0.337798	3.777825
12384	-2143.459	-2296.535	153.076	1.081012	0.3977593	0.573844	0.426156	4.07688
12390	-2132.092	-2284.567	152.4759	1.101743	0.3571837	0.619839	0.380161	4.451146
12396	-2144.137	-2295.226	151.089	1.001114	0.2783114	0.647971	0.352029	5.378272
12402	-2144.422	-2295.02	150.5982	0.876304	0.3573379	0.651938	0.348062	5.619083
12408	-2135.817	-2287.111	151.2939	0.8835053	0.2477237	0.500522	0.499478	5.372857
12414	-2144.504	-2299.488	154.9842	1.413163	0.3167814	0.64851	0.35149	2.864599
12420	-2137.827	-2290.995	153.1671	1.083444	0.3603334	0.64851	0.35149	4.066198
12426	-2135.842	-2289.186	153.3437	0.9655514	0.3962056	0.64851	0.35149	3.991718
12432	-2137.792	-2288.791	150.9986	0.8552951	0.4098952	0.69383	0.30617	5.352961
12438	-2132.958	-2285.757	152.7984	0.984747	0.3624052	0.640853	0.359147	4.329077
12444	-2131.477	-2285.022	153.5458	1.074494	0.3257788	0.623805	0.376195	3.89699
12450	-2128.757	-2282.04	153.2829	1.037653	0.5332093	0.640704	0.359296	3.848085
12456	-2140.569	-2293.661	153.092	1.037653	0.2155065	0.493877	0.506123	4.333417
12462	-2138.681	-2291.201	152.5193	0.8506624	0.35811	0.478165	0.521835	4.566841
12468	-2131.061	-2284.008	152.9474	1.039792	0.35811	0.586837	0.413163	4.21859
12474	-2162.979	-2319.033	156.0539	1.29972	0.2588346	0.639923	0.360077	2.358773
12480	-2140.988	-2295.695	154.707	1.232325	0.5997882	0.715627	0.284373	2.835603
12486	-2128.611	-2284.138	155.5272	1.152877	0.3246171	0.556291	0.443709	2.681472
12492	-2140.852	-2294.609	153.7576	1.10399	0.3632321	0.521442	0.478558	3.712145
12498	-2127.729	-2280.874	153.1459	1.264398	0.6315133	0.589411	0.410589	3.712145
12504	-2134.655	-2289.421	154.7655	1.23441	0.478968	0.589517	0.410483	2.913832
12510	-2144.542	-2299.479	154.9367	1.254654	0.4541294	0.633725	0.366275	2.824008
12516	-2132.474	-2287.114	154.6397	1.15739	0.5319472	0.633725	0.366275	2.983601
12522	-2144.364	-2299.019	154.6557	1.128089	0.4510265	0.646299	0.353701	3.072775
12528	-2140.924	-2295.575	154.6511	1.122306	0.38397	0.637946	0.362054	3.153799
12534	-2127.055	-2280.69	153.6351	1.07961	0.5002169	0.564125	0.435875	3.651475
12540	-2125.733	-2279.648	153.9153	1.104994	0.3725357	0.662169	0.337831	3.609285
12546	-2125.462	-2280.2	154.7379	0.9804254	0.340256	0.666674	0.333326	3.239891
12552	-2137.185	-2288.209	151.0243	0.8053912	0.5375444	0.605048	0.394952	5.244966
12558	-2123.95	-2278.069	154.1196	1.016846	0.2681573	0.605048	0.394952	3.677629
12564	-2135.818	-2290.913	155.0955	1.071106	0.4169197	0.690976	0.309024	2.880054
12570	-2148.618	-2302.923	154.305	1.430422	0.7703036	0.690976	0.309024	2.822153
12576	-2145.09	-2298.785	153.6956	1.250563	0.3085838	0.623658	0.376342	3.731691
12582	-2122.592	-2277.297	154.7047	1.149371	0.4183125	0.623658	0.376342	3.066391
12588	-2125.611	-2280.297	154.6861	1.156051	0.3832231	0.606298	0.393702	3.113808
12594	-2132.324	-2285.088	152.7644	1.026722	0.3888085	0.685886	0.314114	4.294555
12600	-2139.949	-2293.413	153.4632	1.239911	0.3895961	0.547524	0.452476	3.773079
12606	-2121.236	-2275.634	154.3973	1.171401	0.4230056	0.596422	0.403578	3.230837
12612	-2134.908	-2289.41	154.5014	1.23024	0.255459	0.614147	0.385853	3.349412
12618	-2138.457	-2293.689	155.2316	1.23024	0.4887555	0.569386	0.430614	2.621797
12624	-2146.329	-2301.647	155.3182	1.11905	0.4531829	0.569386	0.430614	2.674765
12630	-2155.465	-2310.626	155.1619	1.147198	0.4531829	0.722762	0.277238	2.753344
12636	-2144.707	-2297.902	153.1946	1.072533	0.2351798	0.646428	0.353572	4.224561
12642	-2145.233	-2299.912	154.6791	1.236448	0.4409046	0.61319	0.38681	3.004773
12648	-2143.306	-2297.592	154.2862	1.236448	0.4653628	0.590957	0.409043	3.213057
12654	-2146.556	-2300.213	153.6574	1.236448	0.6280481	0.602308	0.397692	3.433858
12660	-2148.422	-2301.703	153.2809	1.240385	0.5086441	0.557659	0.442341	3.755276
12666	-2158.464	-2311.525	153.0612	1.165855	0.3670546	0.499481	0.500519	4.071732
12672	-2149.221	-2302.181	152.9601	1.163212	0.4202562	0.641394	0.358606	4.071732
12678	-2137.849	-2291.892	154.0426	1.157548	0.3218611	0.620008	0.379992	3.567178
12684	-2132.571	-2285.395	152.8248	1.046229	0.3831869	0.556211	0.443789	4.255611
12690	-2134.143	-2287.025	152.8821	0.99126	0.4481849	0.640645	0.359355	4.184976
12696	-2139.161	-2292.789	153.6275	1.154632	0.3975449	0.596835	0.403165	3.718526
12702	-2145.33	-2298.564	153.2336	1.201841	0.3457881	0.458496	0.541504	3.978058
12708	-2147.371	-2300.769	153.3987	1.348346	0.3457881	0.580035	0.419965	3.799267
12714	-2137.865	-2293.02	155.1547	1.137629	0.3313914	0.562937	0.437063	2.908514
12720	-2128.191	-2283.546	155.3553	1.231377	0.457073	0.538302	0.461698	2.578256
12726	-2133.8	-2289.311	155.5115	1.49465	0.4669283	0.665443	0.334557	2.303564
12732	-2131.77	-2285.459	153.6882	1.311972	0.5469735	0.582417	0.417583	3.441713
12738	-2134.929	-2289.906	154.9772	1.396673	0.3366658	0.543086	0.456914	2.852236
12744	-2134.557	-2287.262	152.7056	1.011844	0.255185	0.61942	0.38058	4.505066
12750	-2149.24	-2302.307	153.0668	1.044496	0.423533	0.512929	0.487071	4.075132
12756	-2147.863	-2302.131	154.2683	1.23377	0.341662	0.615684	0.384316	3.365504
12762	-2139.038	-2293.928	154.8901	1.200666	0.341662	0.615684	0.384316	3.016434
12768	-2132.442	-2287.073	154.6304	1.213872	0.3628465	0.583499	0.416501	3.137022
12774	-2142.099	-2296.8	154.7009	1.19939	0.3628465	0.583499	0.416501	3.103688
12780	-2135.74	-2289.928	154.1885	1.005209	0.3578583	0.654673	0.345327	3.525913
12786	-2138.654	-2293.884	155.2304	1.169477	0.4332551	0.645375	0.354625	2.719671
12792	-2137.618	-2290.807	153.1881	0.9743274	0.3581632	0.652342	0.347658	4.118964
12798	-2127.478	-2280.745	153.2669	1.07466	0.3065622	0.679762	0.320238	4.081066
12804	-2126.511	-2279.657	153.146	1.030827	0.3839077	0.605789	0.394211	4.081066
12810	-2134.697	-2288.345	153.6477	1.189483	0.4738323	0.678768	0.321232	3.606191
12816	-2143.929	-2297.068	153.1393	1.12168	0.3117781	0.667886	0.332114	4.120192
12822	-2146.352	-2300.28	153.9288	1.12168	0.4659306	0.594515	0.405485	3.489987
12828	-2131.776	-2286.241	154.4655	1.149637	0.436177	0.651988	0.348012	3.188997
12834	-2129.824	-2284.485	154.6604	1.262196	0.3828255	0.694958	0.305042	3.066286
12840	-2129.2	-2283.802	154.6028	1.262196	0.3202969	0.719321	0.280679	3.178886
12846	-2120.732	-2274.42	153.6873	1.096022	0.3724991	0.531689	0.468311	3.746418
12852	-2121.732	-2275.702	153.9694	1.017561	0.2804833	0.730864	0.269136	3.746418
12858	-2131.787	-2285.09	153.3031	1.146566	0.3395076	0.646046	0.353954	3.977607
12864	-2150.538	-2305.369	154.8307	1.224081	0.3254057	0.61092	0.38908	3.059097
12870	-2154.053	-2308.062	154.0091	1.350485	0.3063986	0.588466	0.411534	3.494727
12876	-2149.829	-2305.031	155.2018	1.350485	0.2922483	0.638447	0.361553	2.80491
12882	-2141.804	-2296.459	154.6558	1.431046	0.6417859	0.65217	0.34783	2.709272
12888	-2137.04	-2292.134	155.094	1.378787	0.5762317	0.65217	0.34783	2.52901
12894	-2147.299	-2302.921	155.6224	1.474792	0.4933649	0.664975	0.335025	2.216223
12900	-2128.936	-2285.137	156.2007	1.474792	0.53255	0.655261	0.344739	1.787853
12906	-2124.336	-2280.232	155.8965	1.474792	0.523224	0.666351	0.333649	2.004601
12912	-2124.22	-2280.364	156.1442	1.453358	0.5539124	0.548919	0.451081	1.818755
12918	-2121.21	-2277.257	156.047	1.527726	0.4495247	0.548919	0.451081	1.951696
12924	-2121.542	-2277.807	156.2656	1.459214	0.4488512	0.600529	0.399471	1.850702
12930	-2134.753	-2290.864	156.1103	1.29836	0.3840232	0.58171	0.41829	2.142888
12936	-2144.123	-2300.024	155.9005	1.433684	0.3840232	0.65131	0.34869	2.191321
12942	-2139.141	-2295.977	156.8357	1.514999	0.3840232	0.666874	0.333126	1.490296
12948	-2138.399	-2295.127	156.7274	1.514999	0.3121386	0.471046	0.528954	1.680696
12954	-2135.364	-2290.277	154.9137	1.381217	0.6545242	0.651879	0.348121	2.570097
12960	-2123.594	-2278.891	155.297	1.295012	0.4577026	0.57443	0.42557	2.574251
12966	-2139.819	-2294.859	155.0401	1.268586	0.3530631	0.520265	0.479735	2.870593
12972	-2141.938	-2297.574	155.6362	1.265439	0.2821882	0.651125	0.348875	2.605408
12978	-2142.127	-2297.513	155.3854	1.288974	0.3864136	0.664257	0.335743	2.605408
12984	-2123.144	-2278.515	155.3716	1.278077	0.3249528	0.629501	0.370499	2.699664
12990	-2134.821	-2289.617	154.7963	1.201241	0.5504137	0.713191	0.286809	2.845201
12996	-2127.583	-2282.572	154.9895	1.275747	0.3834583	0.76104	0.23896	2.85939
13002	-2147.358	-2298.874	151.516	1.330179	0.1838209	0.520576	0.479424	5.104453
13008	-2122.419	-2276.997	154.5782	1.277394	0.4094663	0.604833	0.395167	3.075446
13014	-2115.635	-2270.027	154.3918	1.277394	0.5160446	0.556909	0.443091	3.075446
13020	-2124.76	-2279.091	154.3311	1.225654	0.3620902	0.517999	0.482001	3.308152
13026	-2121.73	-2276.777	155.0466	1.262722	0.4246022	0.592857	0.407143	2.784721
13032	-2127.222	-2283.199	155.9775	1.514866	0.4126118	0.592857	0.407143	2.051674
13038	-2136.667	-2291.681	155.0146	1.342929	0.4674257	0.539098	0.460902	2.708377
13044	-2135.122	-2290.009	154.8865	1.428597	0.3158992	0.782767	0.217233	2.915552
13050	-2131.699	-2288.943	157.2443	2.18595	0.2856176	0.576396	0.423604	0.6155696
13056	-2126.8	-2283.999	157.199	2.18595	0.2852408	0.618567	0.381433	0.7101378
13062	-2126.537	-2283.146	156.6086	2.18595	0.5646866	0.618567	0.381433	0.8036275
13068	-2140.25	-2296.934	156.6844	2.233074	0.5436756	0.56146	0.43854	0.6594752
13074	-2128.991	-2285.176	156.1849	2.231101	0.8699577	0.56146	0.43854	0.7829877
13080	-2112.136	-2268.223	156.0862	2.256617	0.9378154	0.588854	0.411146	0.7829877
13086	-2116.978	-2273.069	156.091	2.257444	0.9224208	0.443671	0.556329	0.7974414
13092	-2118.716	-2274.917	156.201	2.257444	0.8231414	0.565493	0.434507	0.7974414
13098	-2125.566	-2282.297	156.7315	2.257444	0.5048744	0.595416	0.404584	0.6390874
13104	-2131.918	-2289.101	157.1825	2.265265	0.283235	0.643105	0.356895	0.5795462
13110	-2128.79	-2286.112	157.3222	2.111085	0.283235	0.643105	0.356895	0.6225729
13116	-2133.736	-2289.861	156.1254	2.111085	0.8933156	0.622091	0.377909	0.9637868
13122	-2142.663	-2299.363	156.6998	2.111085	0.5357589	0.650863	0.349137	0.8399076
13128	-2135.72	-2292.521	156.8014	2.119062	0.4692779	0.66398	0.33602	0.8399076
13134	-2141.851	-2297.935	156.0841	1.421166	0.4470866	0.65519	0.34481	2.001093
13140	-2139.907	-2295.709	155.8014	2.242356	1.149455	0.652862	0.347138	0.8987679
13146	-2145.046	-2301.501	156.4557	2.142431	0.6385613	0.736433	0.263567	0.9107513
13152	-2135.852	-2292.352	156.5	2.142431	0.7048161	0.638418	0.361582	0.741095
13158	-2122.753	-2279.777	157.0239	2.015413	0.4429563	0.593577	0.406423	0.741095
13164	-2129.138	-2286.308	157.1699	1.894269	0.3135425	0.645668	0.354332	1.017147
13170	-2139.966	-2292.654	152.6877	0.9299107	0.2747136	0.618902	0.381098	4.533531
13176	-2129.822	-2282.857	153.0343	0.9615971	0.2709733	0.584735	0.415265	4.325504
13182	-2137.222	-2293.862	156.6406	1.74643	0.5001279	0.525767	0.474233	1.298342
13188	-2141.179	-2297.527	156.3482	1.59279	0.3369289	0.559518	0.440482	1.852678
13194	-2151.913	-2308.18	156.2671	1.618009	0.5459382	0.580639	0.419361	1.624762
13200	-2130.336	-2286.793	156.4561	1.675596	0.4027398	0.631039	0.368961	1.624762
13206	-2128.665	-2284.287	155.622	1.666892	0.3357797	0.485327	0.514673	2.284777
13212	-2128.992	-2280.781	151.7892	1.056643	0.5489677	0.646141	0.353859	4.669888
13218	-2131.184	-2284.517	153.3336	1.090563	0.2640859	0.639207	0.360793	4.092313
13224	-2129.176	-2282.206	153.0301	1.169602	0.3627745	0.610184	0.389816	4.092313
13230	-2132.272	-2286.448	154.1754	1.213853	0.2506949	0.610184	0.389816	3.556801
13236	-2132.568	-2287.655	155.0862	1.283283	0.4231296	0.686387	0.313613	2.74966
13242	-2124.847	-2280.017	155.1697	1.283283	0.2616286	0.664543	0.335457	2.910603
13248	-2131.656	-2286.531	154.8756	1.178837	0.3833521	0.548383	0.451617	2.986671
13254	-2125.71	-2278.032	152.3221	0.9616586	0.3833521	0.617282	0.382718	4.586508
13260	-2129.885	-2284.572	154.6869	1.283806	0.3112655	0.624526	0.375474	3.128179
13266	-2133.256	-2288.74	155.484	1.394507	0.4380283	0.548055	0.451945	2.417045
13272	-2134.826	-2289.107	154.281	1.282653	0.3346718	0.468285	0.531715	3.338202
13278	-2141.403	-2296.427	155.0243	1.389228	0.6079182	0.681989	0.318011	2.536991
13284	-2128.824	-2281.956	153.1319	1.24806	0.4351362	0.595689	0.404311	3.909363
13290	-2128.617	-2281.2	152.5835	1.087144	0.4035099	0.579236	0.420764	4.346574
13296	-2130.45	-2283.409	152.959	0.9621221	0.2863403	0.453449	0.546551	4.346574
13302	-2130.566	-2283.062	152.4963	0.9710317	0.3245416	0.594142	0.405858	4.552608
13308	-2137.843	-2289.725	151.8819	1.161604	0.3454099	0.596819	0.403181	4.764618
13314	-2132.983	-2287.1	154.117	1.162209	0.4074736	0.507579	0.492421	3.418361
13320	-2123.146	-2277.403	154.2567	1.131885	0.4074736	0.608191	0.391809	3.354233
13326	-2132.332	-2286.412	154.08	1.220136	0.4557687	0.552251	0.447749	3.354233
13332	-2123.247	-2276.837	153.5901	1.225962	0.2897573	0.691618	0.308382	3.832001
13338	-2129.335	-2283.486	154.1505	1.349199	0.3315492	0.620914	0.379086	3.379749
13344	-2121.217	-2274.554	153.3369	1.280502	0.3879518	0.592592	0.407408	3.824244
13350	-2127.246	-2280.303	153.057	1.009493	0.1990179	0.483613	0.516387	4.39633
13356	-2134.918	-2287.092	152.1743	1.183836	0.2974533	0.533245	0.466755	4.64847
13362	-2135.205	-2287.044	151.839	1.23557	0.4353029	0.608325	0.391675	4.64847
13368	-2138.409	-2291.079	152.6705	1.21955	0.4229199	0.718205	0.281795	4.201605
13374	-2123.252	-2277.553	154.3019	1.195179	0.3480766	0.690903	0.309097	3.36042
13380	-2134.427	-2288.503	154.0762	1.197751	0.4646732	0.690903	0.309097	3.36042
13386	-2134.801	-2289.468	154.6671	1.339858	0.1929648	0.451592	0.548408	3.290338
13392	-2132.858	-2288.983	156.1249	1.603609	0.3122651	0.692721	0.307279	2.032569
13398	-2128.334	-2283.942	155.6085	1.625374	0.5851742	0.622511	0.377489	2.032569
13404	-2137.267	-2293.768	156.5013	1.632403	0.3996002	0.585804	0.414196	1.627689
13410	-2142.174	-2298.197	156.0231	1.786723	0.7303496	0.566733	0.433267	1.490453
13416	-2142.443	-2298.205	155.7618	1.798883	0.8394447	0.511388	0.488612	1.578291
13422	-2134.734	-2290.69	155.9561	1.775049	0.6553831	0.665223	0.334777	1.620902
13428	-2125.286	-2281.181	155.8951	1.440498	0.373046	0.734335	0.265665	2.204631
13434	-2133.531	-2288.657	155.1256	1.407124	0.5795205	0.650331	0.349669	2.488517
13440	-2121.147	-2275.893	154.746	1.100247	0.3304459	0.607283	0.392717	3.176722
13446	-2136.401	-2291.218	154.817	1.180202	0.3074873	0.54246	0.45754	3.117545
13452	-2131.848	-2285.18	153.3318	1.180202	0.3394267	0.587485	0.412515	3.941992
13458	-2126.359	-2280.141	153.7821	1.13608	0.317693	0.515391	0.484609	3.735971
13464	-2119.855	-2274.12	154.2648	1.323861	0.3044263	0.718115	0.281885	3.363256
13470	-2133.983	-2288.788	154.8044	1.337754	0.2951735	0.538827	0.461173	3.048103
13476	-2132.837	-2288.601	155.7642	1.150992	0.3198445	0.638964	0.361036	2.542626
13482	-2129.306	-2284.04	154.7346	1.293562	0.3143095	0.70876	0.29124	3.089855
13488	-2131.046	-2286.191	155.1455	1.236969	0.4091082	0.70876	0.29124	2.757835
13494	-2139.808	-2295.266	155.4583	1.236969	0.3850292	0.70876	0.29124	2.594165
13500	-2128.687	-2280.884	152.1969	1.236969	0.6008486	0.63778	0.36222	4.295157
13506	-2126.684	-2279.863	153.1785	0.9505989	0.4127597	0.63778	0.36222	4.076454
13512	-2144.678	-2297.085	152.4066	0.9685958	0.301492	0.781575	0.218425	4.633602
13518	-2134.015	-2286.492	152.4767	0.8984727	0.301492	0.674998	0.325002	4.633602
13524	-2143.637	-2296.598	152.9611	1.022536	0.2935324	0.541489	0.458511	4.301505
13530	-2134.839	-2291.325	156.487	1.430437	0.3007992	0.608422	0.391578	1.923795
13536	-2129.742	-2285.538	155.7953	1.430437	0.4812006	0.557648	0.442352	2.146123
13542	-2135.583	-2291.093	155.5108	1.431083	0.2841904	0.555953	0.444047	2.577488
13548	-2133.927	-2290.171	156.2435	1.673971	0.2841904	0.53245	0.46755	1.950227
13554	-2129.793	-2281.852	152.0591	1.057879	0.4665937	0.578997	0.421003	4.593552
13560	-2148.394	-2303.854	155.4598	1.480959	0.5107585	0.677193	0.322807	2.298322
13566	-2136.466	-2291.442	154.9758	1.557622	0.2343606	0.621885	0.378115	2.905341
13572	-2133.187	-2287.473	154.2855	1.291548	0.4019384	0.581076	0.418924	3.24942
13578	-2133.084	-2285.953	152.8681	1.13583	0.3595829	0.581076	0.418924	4.207357
13584	-2120.626	-2275.715	155.089	1.332979	0.4672718	0.586501	0.413499	2.668968
13590	-2130.536	-2284.935	154.3995	1.332979	0.3297244	0.586501	0.413499	3.24502
13596	-2132.914	-2285.961	153.0466	1.070362	0.3188428	0.551753	0.448247	4.192973
13602	-2142.417	-2297.4	154.9832	1.428459	0.3599163	0.614211	0.385789	2.799459
13608	-2135.083	-2290.071	154.988	1.443893	0.4805658	0.70141	0.29859	2.648808
13614	-2133.399	-2286.296	152.8971	1.170849	0.2160345	0.532106	0.467894	4.36739
13620	-2120.757	-2273.653	152.8962	1.283469	0.3605421	0.532106	0.467894	4.106331
13626	-2128.492	-2280.738	152.246	1.213793	0.2694112	0.625772	0.374228	4.629447
13632	-2124.466	-2278.083	153.6167	1.214828	0.2527116	0.625772	0.374228	3.876046
13638	-2129.384	-2281.012	151.6285	0.9325285	0.377757	0.537784	0.462216	4.996218
13644	-2132.661	-2285.815	153.1542	1.097663	0.3616045	0.731981	0.268019	4.063973
13650	-2134.541	-2287.245	152.7036	1.10406	0.3616045	0.64753	0.35247	4.316196
13656	-2140.162	-2293.039	152.8774	1.260798	0.371377	0.713602	0.286398	4.117328
13662	-2152.304	-2307.001	154.6969	1.164295	0.2724894	0.713602	0.286398	3.247709
13668	-2134.795	-2287.234	152.4397	1.026277	0.3220172	0.685104	0.314896	4.5565
13674	-2135.552	-2287.911	152.3587	1.026277	0.3220172	0.469144	0.530856	4.601981
13680	-2133.52	-2286.5	152.9797	1.010187	0.3317795	0.497667	0.502333	4.248852
13686	-2132.911	-2286.165	153.254	1.205848	0.3317795	0.575124	0.424876	3.981315
13692	-2140.676	-2294.79	154.1139	1.182035	0.299123	0.575679	0.424321	3.541613
13698	-2133.498	-2286.279	152.7807	1.29722	0.4337791	0.623804	0.376196	4.083381
13704	-2137.692	-2291.821	154.1295	1.304801	0.3569016	0.509613	0.490387	3.38642
13710	-2138.267	-2292.847	154.5796	1.335131	0.2699803	0.610308	0.389692	3.219703
13716	-2152.267	-2308.228	155.961	1.332973	0.2699803	0.531518	0.468482	2.378735
13722	-2152.517	-2305.319	152.8027	1.228817	0.2490008	0.601398	0.398602	4.337039
13728	-2159.207	-2312.932	153.7249	1.041866	0.2490008	0.717261	0.282739	3.918736
13734	-2158.504	-2309.257	150.7536	0.9150122	0.4318176	0.626818	0.373182	5.432609
13740	-2138.362	-2293.784	155.4223	1.443532	0.4293928	0.572108	0.427892	2.43497
13746	-2147.839	-2303.472	155.6335	1.443532	0.4969921	0.67073	0.32927	2.225369
13752	-2135.31	-2287.969	152.6589	0.9415303	0.2803371	0.643537	0.356463	4.535405
13758	-2125.037	-2277.857	152.8196	1.107595	0.309144	0.558834	0.441166	4.312911
13764	-2119.659	-2271.06	151.4012	1.111068	0.236312	0.61127	0.38873	5.204788
13770	-2136.216	-2289.2	152.984	1.102799	0.2081531	0.61127	0.38873	4.369581
13776	-2135.362	-2288.685	153.3223	1.065161	0.4637041	0.61127	0.38873	3.875895
13782	-2133.971	-2287.648	153.6764	1.107465	0.2715659	0.61127	0.38873	3.875895
13788	-2126.969	-2281.162	154.1928	1.082961	0.3260768	0.738892	0.261108	3.517707
13794	-2136.384	-2289.542	153.1573	1.08338	0.3275756	0.678868	0.321132	4.111616
13800	-2131.271	-2285.583	154.3118	1.08338	0.3930928	0.720238	0.279762	3.366615
13806	-2126.296	-2280.904	154.6083	1.312786	0.5570201	0.564216	0.435784	2.885353
13812	-2139.343	-2294.256	154.9128	1.212041	0.3449658	0.545393	0.454607	2.991753
13818	-2129.885	-2283.554	153.6692	1.11755	0.4310026	0.545393	0.454607	3.679419
13824	-2129.929	-2284.581	154.652	1.188774	0.628975	0.596851	0.403149	2.870079
13830	-2118.753	-2274.275	155.5224	1.505314	0.3179853	0.596851	0.403149	2.474994
13836	-2120.262	-2273.878	153.6156	1.407326	0.3733924	0.616117	0.383883	3.606708
13842	-2125.59	-2281.003	155.4132	1.577964	0.3062025	0.674467	0.325533	2.514566
13848	-2110.802	-2266.294	155.4922	1.498939	0.3062025	0.528563	0.471437	2.514566
13854	-2130.793	-2285.235	154.4419	1.23536	0.2529324	0.769167	0.230833	3.385195
13860	-2129.286	-2283.437	154.1512	1.237571	0.4723825	0.485413	0.514587	3.285036
13866	-2128.241	-2283.762	155.5207	1.237571	0.4374716	0.56892	0.43108	2.493156
13872	-2123.86	-2278.144	154.2836	1.263301	0.3386428	0.684938	0.315062	3.342983
13878	-2136.456	-2289.253	152.7978	1.081423	0.3386428	0.660662	0.339338	4.303082
13884	-2119.275	-2273.633	154.3586	1.069758	0.2694982	0.507689	0.492311	3.506086
13890	-2118.173	-2270.257	152.0839	1.198208	0.2929571	0.511914	0.488086	4.696955
13896	-2124.014	-2274.996	150.9824	1.071925	0.4059704	0.506924	0.493076	5.246443
13902	-2122.013	-2275.312	153.2991	1.090265	0.3756623	0.697817	0.302183	3.969106
13908	-2130.163	-2283.933	153.77	1.035278	0.2230459	0.6861	0.3139	3.936955
13914	-2131.433	-2285.16	153.7269	1.097253	0.2338197	0.487343	0.512657	3.909073
13920	-2126.237	-2279.374	153.1366	0.8544432	0.350657	0.545894	0.454106	4.225256
13926	-2118.011	-2271.95	153.9383	1.028058	0.350657	0.699454	0.300546	3.666656
13932	-2130.004	-2284.114	154.1094	1.16705	0.6634418	0.605402	0.394598	3.17969
13938	-2136.078	-2290.27	154.192	1.150584	0.3750562	0.733693	0.266307	3.418394
13944	-2131.756	-2284.928	153.1714	1.150584	0.5064885	0.604829	0.395171	3.872004
13950	-2137.07	-2290.498	153.4278	1.040514	0.6052851	0.506909	0.493091	3.700187
13956	-2150.462	-2305.064	154.6018	1.114002	0.420739	0.590184	0.409816	3.146087
13962	-2135.633	-2288.446	152.813	1.146678	0.35427	0.682303	0.317697	4.238737
13968	-2136.971	-2291.413	154.4426	1.179183	0.35427	0.682303	0.317697	3.279389
13974	-2138.208	-2293.177	154.9682	1.289422	0.35427	0.527657	0.472343	2.899976
13980	-2137.349	-2292.322	154.9734	1.289422	0.3524475	0.637783	0.362217	2.899111
13986	-2142.42	-2296.784	154.364	1.249565	0.7659624	0.64761	0.35239	2.899178
13992	-2135.981	-2290.486	154.5052	1.249565	0.4331981	0.628453	0.371547	3.109227
13998	-2144.459	-2299.558	155.0985	1.123771	0.3090413	0.628453	0.371547	2.980826
14004	-2143.346	-2297.873	154.5267	1.257684	0.4476916	0.613646	0.386354	3.075974
14010	-2141.079	-2295.753	154.674	1.257684	0.4991656	0.663229	0.336771	2.934578
14016	-2140.858	-2295.021	154.1624	1.224256	0.3089088	0.531562	0.468438	3.475565
14022	-2127.798	-2280.776	152.9779	0.9660157	0.4008748	0.706181	0.293819	4.194654
14028	-2130.143	-2283.135	152.9923	0.9660157	0.4070881	0.554451	0.445549	4.179752
14034	-2141.702	-2294.597	152.8951	1.035448	0.2474083	0.708331	0.291669	4.396412
14040	-2123.908	-2277.107	153.1988	1.139305	0.4681971	0.568899	0.431101	3.899714
14046	-2125.107	-2280.037	154.9293	1.229603	0.2531868	0.567051	0.432949	3.100039
14052	-2138.335	-2289.615	151.2795	0.9655554	0.4559038	0.707206	0.292794	5.09017
14058	-2149.349	-2300.669	151.3194	0.914035	0.6551353	0.707206	0.292794	4.92565
14064	-2140.19	-2293.099	152.9084	1.06737	0.3866492	0.633192	0.366808	4.192288
14070	-2149.991	-2302.706	152.7151	0.9138271	0.3137857	0.644729	0.355271	4.475237
14076	-2162.078	-2316.903	154.8253	1.337202	0.3457238	0.627937	0.372063	2.96815
14082	-2143.098	-2298.73	155.632	1.228549	0.283651	0.690595	0.309405	2.6286
14088	-2137.308	-2292.418	155.1099	1.341303	0.2110847	0.692193	0.307807	2.994126
14094	-2132.693	-2286.855	154.1615	1.335317	0.3246752	0.583793	0.416207	3.390288
14100	-2140.48	-2293.745	153.2656	1.343586	0.2105979	0.545807	0.454193	4.069248
14106	-2141.985	-2297.221	155.2356	1.246002	0.2817583	0.617721	0.382279	2.863122
14112	-2136.374	-2290.623	154.249	1.255745	0.4530009	0.607735	0.392265	3.236499
14118	-2138.618	-2292.34	153.7226	1.321819	0.3975269	0.607735	0.392265	3.566555
14124	-2142.458	-2294.873	152.4149	0.9922095	0.4272787	0.545446	0.454554	4.47
14130	-2134.484	-2287.615	153.1312	1.193228	0.4272787	0.550376	0.449624	3.949405
14136	-2136.272	-2290.809	154.5374	1.193228	0.4330723	0.609082	0.390918	3.123744
14142	-2132.744	-2285.639	152.8954	1.028576	0.3691988	0.663069	0.336931	4.241517
14148	-2137.629	-2290.752	153.1227	1.071008	0.3705796	0.451116	0.548884	4.086647
14154	-2130.595	-2284.797	154.2017	1.11574	0.3495432	0.572738	0.427262	3.463857
14160	-2141.159	-2293.808	152.6498	0.9668784	0.4452127	0.607637	0.392363	4.333382
14166	-2147.294	-2297.899	150.6058	0.8736903	0.2844725	0.685247	0.314753	5.705664
14172	-2144.458	-2299.813	155.3545	1.353309	0.3572582	0.560629	0.439371	2.621208
14178	-2145.781	-2298.82	153.039	1.028075	0.3350944	0.560629	0.439371	4.200945
14184	-2135.082	-2288.407	153.3247	1.030028	0.2855481	0.675706	0.324294	4.101727
14190	-2137.736	-2292.05	154.3132	1.142413	0.1955853	0.599454	0.400546	3.608158
14196	-2136.886	-2290.038	153.1523	1.128408	0.2018872	0.652509	0.347491	4.270385
14202	-2138.522	-2292.619	154.0968	1.103803	0.3157528	0.652509	0.347491	3.574864
14208	-2141.682	-2294.84	153.1577	1.120541	0.3541082	0.502735	0.497265	4.05778
14214	-2130.868	-2285.869	155.0015	1.063528	0.3541082	0.677655	0.322345	3.016039
14220	-2138.187	-2291.873	153.6857	1.000275	0.4161811	0.622375	0.377625	3.753555
14226	-2126.652	-2280.541	153.8897	1.078928	0.3594177	0.514652	0.485348	3.654781
14232	-2138.195	-2291.09	152.8946	0.9096526	0.3793533	0.545645	0.454355	4.297744
14238	-2152.747	-2305.013	152.2656	0.9096526	0.3552137	0.607451	0.392549	4.679422
14244	-2146.051	-2299.518	153.4671	1.119112	0.3231047	0.607451	0.392549	3.919927
14250	-2141.684	-2294.286	152.6016	0.9530127	0.3808215	0.607451	0.392549	4.437011
14256	-2128.01	-2281.728	153.7177	1.222013	0.2715041	0.634012	0.365988	3.786367
14262	-2125.331	-2280.191	154.8593	1.302483	0.4270355	0.567131	0.432869	2.871598
14268	-2124.442	-2278.524	154.0821	1.076401	0.4792854	0.619136	0.380864	3.413392
14274	-2121.025	-2274.825	153.7995	1.064713	0.3433304	0.60085	0.39915	3.734738
14280	-2129.961	-2283.193	153.2317	1.06306	0.3275106	0.708886	0.291114	4.080911
14286	-2127.499	-2279.964	152.4652	1.173899	0.3235073	0.588228	0.411772	4.457262
14292	-2126.656	-2282.218	155.5621	1.343299	0.2143507	0.61184	0.38816	2.713027
14298	-2127.243	-2281.26	154.0174	1.274017	0.4908864	0.612856	0.387144	3.323838
14304	-2137.208	-2289.993	152.785	1.258865	0.3849809	0.660108	0.339892	4.155506
14310	-2117.944	-2271.561	153.6171	1.309122	0.3610799	0.676584	0.323416	3.677327
14316	-2118.354	-2272.505	154.1513	1.196248	0.4625773	0.676584	0.323416	3.319333
14322	-2130.028	-2283.573	153.5449	1.042061	0.5832411	0.634087	0.365913	3.65018
14328	-2125.75	-2278.537	152.7874	1.133237	0.2995861	0.648439	0.351561	4.329146
14334	-2124.726	-2277.714	152.9886	1.064836	0.2459784	0.648439	0.351561	4.329146
14340	-2145.815	-2298.095	152.2807	1.233393	0.2895995	0.686411	0.313589	4.571411
14346	-2144.783	-2298.446	153.6629	1.467649	0.2390852	0.665693	0.334307	3.724604
14352	-2125.996	-2280.962	154.9662	1.43629	0.277736	0.628584	0.371416	2.916848
14358	-2138.215	-2293.529	155.3136	1.407327	0.3686175	0.657488	0.342512	2.598648
14364	-2125.626	-2281.383	155.7575	1.407327	0.4182865	0.657488	0.342512	2.258051
14370	-2135.113	-2289.639	154.5253	1.162991	0.524951	0.762524	0.237476	3.055466
14376	-2139.555	-2293.645	154.0894	1.169808	0.3976221	0.673231	0.326769	3.441123
14382	-2140.86	-2294.319	153.4592	0.9865882	0.418404	0.601006	0.398994	3.889332
14388	-2136.058	-2290.153	154.0955	1.095686	0.3652359	0.485116	0.514884	3.518503
14394	-2142.829	-2297.924	155.0944	1.198405	0.2577113	0.577088	0.422912	3.013022
14400	-2137.512	-2293.14	155.6279	1.377731	0.4094324	0.549929	0.450071	2.370192
14406	-2142.569	-2297.185	154.6167	1.29273	0.4094324	0.633542	0.366458	3.043302
14412	-2148.743	-2302.723	153.9794	1.138786	0.5795796	0.72206	0.27794	3.343436
14418	-2138.892	-2292.04	153.1483	1.029754	0.4322176	0.568847	0.431153	4.027944
14424	-2130.707	-2283.145	152.4373	1.116667	0.4322176	0.616382	0.383618	4.382121
14430	-2144.723	-2299.931	155.2083	1.340732	0.4185181	0.706705	0.293295	2.64474
14436	-2140.108	-2295.766	155.6586	1.340732	0.3307479	0.573243	0.426757	2.475039
14442	-2138.969	-2293.743	154.774	1.297664	0.3660397	0.649026	0.350974	2.997258
14448	-2141.281	-2297.391	156.1095	1.363976	0.2673686	0.649026	0.350974	2.26853
14454	-2131.202	-2285.329	154.1273	1.076764	0.5555411	0.569504	0.430496	3.314299
14460	-2128.649	-2280.524	151.875	1.183955	0.4306606	0.6247	0.3753	4.662013
14466	-2127.382	-2280.56	153.178	1.183955	0.4306606	0.565358	0.434642	3.924348
14472	-2116.698	-2270.637	153.939	1.095545	0.3315345	0.70379	0.29621	3.650934
14478	-2122.976	-2276.847	153.8709	1.121145	0.3199845	0.70379	0.29621	3.6903
14484	-2127.427	-2279.061	151.6339	1.133077	0.3569407	0.612403	0.387597	4.905337
14490	-2129.583	-2283.491	153.9075	1.043884	0.4136628	0.604088	0.395912	3.60271
14496	-2130.17	-2284.368	154.1975	1.195328	0.3716275	0.626236	0.373764	3.392992
14502	-2129.299	-2283.555	154.2563	1.280759	0.3716275	0.626236	0.373764	3.308252
14508	-2142.224	-2296.51	154.2855	1.24524	0.5797423	0.484023	0.515977	3.099055
14514	-2140.802	-2294.419	153.6175	1.24524	0.4968707	0.611077	0.388923	3.568744
14520	-2160.542	-2314.092	153.5502	1.212578	0.4902868	0.573216	0.426784	3.633205
14526	-2152.16	-2307.244	155.0832	1.330159	0.2816844	0.603952	0.396048	2.904488
14532	-2145.227	-2299.888	154.6613	1.220219	0.3716856	0.652359	0.347641	3.104137
14538	-2139.195	-2294.093	154.8985	1.154708	0.2930839	0.54407	0.45593	3.104137
14544	-2150.263	-2304.269	154.006	1.178788	0.5267372	0.587363	0.412637	3.352146
14550	-2143.694	-2297.141	153.4467	1.011166	0.434958	0.610932	0.389068	3.864847
14556	-2145.5	-2299.155	153.655	0.9575879	0.3194054	0.512621	0.487379	3.90956
14562	-2127.033	-2279.833	152.8	1.187354	0.3256232	0.656561	0.343439	4.257914
14568	-2128.943	-2282.733	153.7906	1.214378	0.3256232	0.654121	0.345879	3.675559
14574	-2144.779	-2300.081	155.3015	1.228492	0.3483617	0.553402	0.446598	2.741989
14580	-2154.985	-2310.174	155.1893	1.178127	0.3939118	0.572696	0.427304	2.784809
14586	-2148.92	-2303.145	154.2255	1.237926	0.4666996	0.562955	0.437045	3.246743
14592	-2149.692	-2303.15	153.4585	1.033628	0.4666996	0.649962	0.350038	3.812713
14598	-2143.54	-2297.119	153.5781	1.007861	0.4147359	0.576049	0.423951	3.812713
14604	-2144.246	-2299.147	154.9011	1.183493	0.4522651	0.696413	0.303587	2.890741
14610	-2151.74	-2306.204	154.4644	1.168289	0.4968467	0.605547	0.394453	3.115994
14616	-2144.237	-2297.226	152.9894	1.050715	0.4968467	0.464223	0.535777	4.042385
14622	-2134.06	-2288.962	154.9013	1.197181	0.3986513	0.504835	0.495165	2.942186
14628	-2139.513	-2294.479	154.9658	1.259837	0.3150345	0.611936	0.388064	2.970576
14634	-2139.28	-2293.852	154.5717	1.330359	0.8132123	0.628045	0.371955	2.689206
14640	-2126.699	-2282.13	155.4311	1.173959	0.4700281	0.542532	0.457468	2.552826
14646	-2128.794	-2283.437	154.6433	1.165957	0.3508184	0.542532	0.457468	3.172695
14652	-2129.552	-2284.047	154.4949	1.245629	0.4073935	0.603098	0.396902	3.146305
14658	-2132.234	-2286.149	153.9148	1.284228	0.3437396	0.625984	0.374016	3.540088
14664	-2133.021	-2287.172	154.1511	1.132706	0.3055085	0.563315	0.436685	3.540088
14670	-2138.058	-2292.23	154.1715	1.048655	0.3339452	0.660346	0.339654	3.540088
14676	-2126.198	-2280.322	154.1242	1.048655	0.4299906	0.640737	0.359263	3.456013
14682	-2127.441	-2280.287	152.846	0.9110288	0.4848628	0.719997	0.280003	4.214878
14688	-2115.084	-2268.179	153.0946	1.054856	0.3640704	0.573731	0.426269	4.119382
14694	-2124.621	-2279.294	154.6729	1.335589	0.3720796	0.655425	0.344575	3.02781
14700	-2133.466	-2287.026	153.5596	1.180174	0.5030028	0.709168	0.290832	3.634269
14706	-2128.468	-2281.078	152.6099	1.0602	0.3698416	0.640453	0.359547	4.384371
14712	-2128.889	-2282.512	153.6228	1.014239	0.3278048	0.669444	0.330556	3.884802
14718	-2127.489	-2280.66	153.1715	1.04225	0.3789058	0.432694	0.567306	4.065688
14724	-2140.378	-2295.037	154.6592	1.052233	0.4813884	0.602392	0.397608	3.08447
14730	-2149.147	-2302.956	153.8085	1.158945	0.3963812	0.704682	0.295318	3.612507
14736	-2149.258	-2302.793	153.5341	1.269208	0.5151555	0.409859	0.590141	3.585867
14742	-2142.1	-2294.903	152.8032	0.963564	0.3551355	0.542468	0.457532	4.346879
14748	-2131.577	-2284.173	152.5957	1.075421	0.4029637	0.520995	0.479005	4.346879
14754	-2133.546	-2285.715	152.1685	0.9375639	0.3648946	0.672513	0.327487	4.706924
14760	-2136.984	-2289.187	152.2034	1.020215	0.2971963	0.674957	0.325043	4.724099
14766	-2134.916	-2287.517	152.6011	1.138401	0.2971963	0.599357	0.400643	4.434509
14772	-2130.905	-2284.894	153.9886	1.169408	0.3644154	0.614376	0.385624	3.538824
14778	-2149.255	-2304.886	155.6317	1.299576	0.3274299	0.625328	0.374672	2.522129
14784	-2134.409	-2289.29	154.881	1.302451	0.2682614	0.715944	0.284056	3.062457
14790	-2131.952	-2285.683	153.7313	1.275226	0.334664	0.569167	0.430833	3.663193
14796	-2138.382	-2291.553	153.1709	1.047485	0.2802241	0.597866	0.402134	4.186571
14802	-2142.984	-2295.82	152.8361	1.039327	0.4727637	0.559764	0.440236	4.159369
14808	-2156.192	-2309.074	152.8817	1.097334	0.3838879	0.577948	0.422052	4.193525
14814	-2141.706	-2295.624	153.918	1.105875	0.3975384	0.668585	0.331415	3.578439
14820	-2155.961	-2310.76	154.799	1.287165	0.6067054	0.668585	0.331415	2.740063
14826	-2148.384	-2303	154.6164	1.238739	0.5535388	0.681078	0.318922	2.928414
14832	-2130.46	-2284.553	154.0925	1.121174	0.3557958	0.641316	0.358684	3.51678
14838	-2140.324	-2294.449	154.1249	1.229392	0.5182908	0.519639	0.480361	3.260243
14844	-2141.266	-2295.775	154.509	1.021951	0.4165582	0.523125	0.476875	3.260243
14850	-2144.468	-2297.419	152.951	0.9029237	0.4307267	0.585191	0.414809	4.213917
14856	-2153.16	-2306.407	153.2467	0.9077107	0.3136178	0.67709	0.32291	4.178407
14862	-2146.357	-2300.473	154.1162	1.073014	0.4120242	0.575918	0.424082	3.465983
14868	-2130.225	-2283.707	153.4816	0.9928492	0.4120242	0.575918	0.424082	3.879767
14874	-2138.705	-2291.878	153.1732	1.064376	0.3100373	0.697758	0.302242	4.135746
14880	-2123.385	-2275.325	151.9397	0.8427068	0.3866342	0.624475	0.375525	4.863208
14886	-2129.028	-2281.757	152.7286	1.018496	0.2675911	0.576593	0.423407	4.470629
14892	-2138.05	-2290.136	152.0854	1.121453	0.5368098	0.717978	0.282022	4.477893
14898	-2140.697	-2292.385	151.6883	1.004843	0.4343327	0.573621	0.426379	4.862586
14904	-2140.677	-2292.574	151.8973	0.827074	0.2632232	0.63194	0.36806	5.048226
14910	-2142.633	-2295.934	153.3007	0.9804791	0.3373116	0.640989	0.359011	4.076492
14916	-2143.061	-2295.995	152.9343	0.9556092	0.3142279	0.513426	0.486574	4.327496
14922	-2139.947	-2293.014	153.0665	1.05974	0.338406	0.563152	0.436848	4.163301
14928	-2134.504	-2286.032	151.5285	0.8150045	0.3901871	0.55566	0.44434	5.103258
14934	-2137.112	-2288.76	151.6485	0.9294267	0.3894642	0.749058	0.250942	4.973943
14940	-2141.094	-2291.615	150.5202	0.8853667	0.2767904	0.613445	0.386555	5.75636
14946	-2140.948	-2292.635	151.6867	0.8048893	0.4592198	0.490613	0.509387	4.950042
14952	-2127.141	-2279.282	152.1417	0.8817184	0.2638275	0.682054	0.317946	4.881099
14958	-2135.536	-2288.464	152.9279	0.9012504	0.3859612	0.658465	0.341535	4.276213
14964	-2131.173	-2284.92	153.7472	1.245186	0.4252403	0.591812	0.408188	3.566288
14970	-2132.914	-2287.81	154.8968	1.145208	0.373931	0.699377	0.300623	3.005467
14976	-2140.767	-2293.796	153.0288	1.081833	0.3176728	0.646341	0.353659	4.198031
14982	-2134.547	-2287.341	152.7937	1.082657	0.6103201	0.580347	0.419653	4.03595
14988	-2133.021	-2285.707	152.6863	1.082657	0.328129	0.620537	0.379463	4.37827
14994	-2132.287	-2285.153	152.8654	1.011251	0.2814979	0.620537	0.379463	4.37827
15000	-2129.184	-2281.513	152.3292	1.041047	0.3340128	0.631961	0.368039	4.595431
15006	-2126.604	-2279.799	153.1947	0.9775265	0.3396201	0.512284	0.487716	4.135643
15012	-2129.764	-2282.398	152.6341	0.9498691	0.2897839	0.61436	0.38564	4.531913
15018	-2128.673	-2281.277	152.6039	0.9667462	0.2953913	0.629063	0.370937	4.531913
15024	-2144.602	-2297.279	152.677	0.9472682	0.2821236	0.549081	0.450919	4.519608
15030	-2138.353	-2292.113	153.7607	1.146243	0.2731099	0.561895	0.438105	3.802963
15036	-2137.737	-2290.52	152.7832	1.236722	0.2260995	0.634464	0.365536	4.378487
15042	-2137.916	-2292.526	154.6105	1.148545	0.3172557	0.539199	0.460801	3.245683
15048	-2137.38	-2291.01	153.6303	1.208607	0.3654979	0.572255	0.427745	3.722543
15054	-2148.939	-2301.078	152.1397	0.9888402	0.3073424	0.603783	0.396217	4.764042
15060	-2139.834	-2292.521	152.6865	0.8958963	0.2824172	0.547321	0.452679	4.542703
15066	-2138.419	-2291.185	152.7658	0.9490006	0.2309994	0.623709	0.376291	4.542703
15072	-2140.466	-2292.945	152.4786	0.9490006	0.3436511	0.675695	0.324305	4.551567
15078	-2128.83	-2280.77	151.9394	0.9362869	0.3493821	0.647733	0.352267	4.853568
15084	-2143.184	-2294.654	151.4701	0.9392157	0.6217804	0.568595	0.431405	4.853568
15090	-2134.385	-2286.707	152.3221	1.075116	0.3790182	0.625928	0.374072	4.527657
15096	-2134.724	-2287.221	152.4967	1.071069	0.3385374	0.694303	0.305697	4.478903
15102	-2141.319	-2294.078	152.7584	1.062776	0.3829738	0.607913	0.392087	4.284073
15108	-2139.429	-2291.705	152.2759	0.9492083	0.4097646	0.613365	0.386635	4.590703
15114	-2148.525	-2303.653	155.1278	1.467387	0.7094351	0.69987	0.30013	2.335705
15120	-2129.312	-2284.424	155.1123	1.40338	0.3730329	0.604002	0.395998	2.719538
15126	-2124.061	-2277.995	153.9335	1.230282	0.4263003	0.604002	0.395998	3.465253
15132	-2128.714	-2283.154	154.44	1.393129	0.6277018	0.585262	0.414738	2.875755
15138	-2143.463	-2298.218	154.7551	1.421949	0.6377808	0.5453	0.4547	2.657223
15144	-2138.597	-2291.827	153.2293	1.200384	0.2457939	0.604048	0.395952	4.116062
15150	-2141.424	-2291.192	149.7671	1.198018	0.4179229	0.5887	0.4113	5.832731
15156	-2136.393	-2286.184	149.791	1.081167	0.4696675	0.660101	0.339899	5.832731
15162	-2140.17	-2292.994	152.824	0.9810254	0.3549822	0.660101	0.339899	4.325408
15168	-2135.488	-2288.796	153.3084	1.086134	0.2292238	0.660101	0.339899	4.161453
15174	-2124.826	-2277.897	153.0708	1.121587	0.4505926	0.552939	0.447061	4.000797
15180	-2143.819	-2297.897	154.0774	1.103143	0.4049651	0.705309	0.294691	3.478855
15186	-2141.678	-2295.627	153.949	1.0484	0.3898343	0.548277	0.451723	3.60257
15192	-2144.815	-2297.964	153.1493	1.009124	0.3072681	0.554958	0.445042	4.184348
15198	-2131.281	-2284.615	153.334	1.049615	0.5415543	0.523663	0.476337	3.804281
15204	-2135.744	-2289.678	153.9347	1.285554	0.3940093	0.519157	0.480843	3.468027
15210	-2135.512	-2291.004	155.4912	1.263545	0.4387085	0.665268	0.334732	2.493995
15216	-2128.616	-2283.698	155.0818	1.36364	0.3786521	0.583426	0.416574	2.755628
15222	-2125.747	-2280.225	154.4778	1.300043	0.3469201	0.606509	0.393491	3.196211
15228	-2137.655	-2292.195	154.5402	1.237712	0.3469201	0.632447	0.367553	3.196211
15234	-2137.772	-2290.582	152.8097	1.069765	0.2625997	0.744205	0.255795	4.403141
15240	-2132.317	-2284.579	152.2624	1.093516	0.4324615	0.599414	0.400586	4.493442
15246	-2131.18	-2285.473	154.2922	1.180603	0.330783	0.731647	0.268353	3.396523
15252	-2138.826	-2291.04	152.2145	0.9554367	0.2607256	0.684889	0.315111	4.803837
15258	-2142.404	-2294.17	151.7659	0.9647733	0.2092356	0.612594	0.387406	5.125905
15264	-2140.496	-2295.15	154.6541	1.332939	0.5894529	0.540996	0.459004	2.815796
15270	-2134.835	-2289.68	154.8449	1.332939	0.4696132	0.514368	0.485632	2.815796
15276	-2123.477	-2277.795	154.3178	1.206729	0.394341	0.502836	0.497164	3.289088
15282	-2132.773	-2286.639	153.8654	1.296683	0.378639	0.55853	0.44147	3.519664
15288	-2135.418	-2289.452	154.034	1.35848	0.3705063	0.55853	0.44147	3.394577
15294	-2143.735	-2298.549	154.8142	1.149011	0.3660679	0.618678	0.381322	3.062205
15300	-2145.278	-2299.315	154.0368	1.091586	0.3877888	0.616521	0.383479	3.528713
15306	-2151.426	-2305.361	153.9354	1.071853	0.3371801	0.616521	0.383479	3.659618
15312	-2143.002	-2297.117	154.1151	1.091118	0.4137592	0.674726	0.325274	3.454114
15318	-2134.814	-2288.81	153.9957	1.195791	0.4137592	0.493486	0.506514	3.462707
15324	-2145.328	-2300.076	154.7482	1.195791	0.3456382	0.705731	0.294269	3.099091
15330	-2133.826	-2288.346	154.5196	1.186083	0.4938668	0.586383	0.413617	3.075368
15336	-2133.818	-2289.128	155.3097	1.252998	0.4176657	0.606826	0.393174	2.637315
15342	-2147.453	-2301.865	154.4122	1.14089	0.2512187	0.593316	0.406684	3.460512
15348	-2155.328	-2309.028	153.6999	1.041112	0.3496218	0.544735	0.455265	3.798037
15354	-2149.146	-2304.003	154.8566	1.186052	0.3676699	0.554986	0.445014	3.012693
15360	-2150.319	-2301.983	151.6638	0.9992418	0.3504723	0.564633	0.435367	4.970657
15366	-2132.426	-2285.14	152.7138	0.9654302	0.3371466	0.68147	0.31853	4.417832
15372	-2133.224	-2286.079	152.8552	1.003371	0.2605706	0.567388	0.432612	4.417832
15378	-2123.303	-2277.159	153.856	0.9889349	0.2729738	0.584131	0.415869	3.838849
15384	-2131.972	-2284.902	152.9301	1.034681	0.4223811	0.584131	0.415869	4.159705
15390	-2135.796	-2291.52	155.7241	1.265675	0.4130113	0.625607	0.374393	2.37596
15396	-2135.52	-2290.738	155.2181	1.322721	0.4274168	0.625607	0.374393	2.639658
15402	-2142.544	-2297.782	155.2377	1.277428	0.3381412	0.576803	0.423197	2.764407
15408	-2138.43	-2293.877	155.447	1.239465	0.3918326	0.684746	0.315254	2.591351
15414	-2132.885	-2288.494	155.6085	1.239767	0.3147215	0.741586	0.258414	2.591351
15420	-2133.989	-2289.133	155.1441	1.401796	0.7453662	0.63585	0.36415	2.338131
15426	-2137.133	-2290.997	153.864	1.200528	0.6282133	0.63585	0.36415	3.333556
15432	-2145.956	-2300.91	154.9542	1.17292	0.2344994	0.688025	0.311975	3.148479
15438	-2136.778	-2289.674	152.8969	1.212779	0.2506942	0.623579	0.376421	4.290368
15444	-2132.265	-2286.469	154.2044	1.203516	0.2504724	0.586817	0.413183	3.546278
15450	-2152.565	-2305.365	152.8001	0.9144825	0.2997104	0.60476	0.39524	4.445212
15456	-2141.235	-2295.026	153.7903	1.014453	0.3643128	0.600475	0.399525	3.743677
15462	-2143.725	-2296.017	152.2927	1.014453	0.6039862	0.549026	0.450974	4.364237
15468	-2141.534	-2294.468	152.9335	0.9327784	0.3181725	0.549026	0.450974	4.335838
15474	-2143.884	-2297.175	153.2906	0.9794509	0.4540174	0.674834	0.325166	3.952935
15480	-2131.874	-2285.426	153.5525	0.9578091	0.4374603	0.688737	0.311263	3.832111
15486	-2126.323	-2280.131	153.8082	1.076793	0.3950739	0.677914	0.322086	3.661775
15492	-2142.048	-2296.34	154.2923	1.046298	0.3950739	0.577147	0.422853	3.397532
15498	-2139.409	-2294.212	154.8029	1.187887	0.4649983	0.541329	0.458671	2.933838
15504	-2137.619	-2292.863	155.2445	1.121511	0.2811626	0.742824	0.257176	2.933838
15510	-2154.02	-2310.029	156.0096	1.43818	0.4411981	0.705616	0.294384	2.046294
15516	-2146.012	-2301.606	155.5936	1.405575	0.4618412	0.622047	0.377953	2.31365
15522	-2143.49	-2299.178	155.6884	1.330896	0.5017857	0.654341	0.345659	2.257397
15528	-2135.124	-2290.103	154.9791	1.424439	0.3569274	0.58479	0.41521	2.808164
15534	-2146.276	-2299.264	152.9883	1.108136	0.3523503	0.580055	0.419945	4.163403
15540	-2139.86	-2292.436	152.576	0.9154984	0.432512	0.640175	0.359825	4.417052
15546	-2128.57	-2281.334	152.7634	0.988238	0.3052954	0.54809	0.45191	4.417052
15552	-2133.491	-2285.064	151.5725	1.02502	0.2279465	0.569541	0.430459	5.170276
15558	-2129.209	-2282.16	152.9505	1.091857	0.3666358	0.71379	0.28621	4.1773
15564	-2124.759	-2277.675	152.9163	1.150176	0.4698451	0.735774	0.264226	4.053446
15570	-2124.172	-2276.914	152.7419	1.066838	0.3090671	0.608332	0.391668	4.379972
15576	-2129.469	-2283.335	153.866	1.066838	0.4179097	0.56057	0.43943	3.608798
15582	-2125.496	-2279.689	154.1926	1.034835	0.3797931	0.52642	0.47358	3.480179
15588	-2136.372	-2290.254	153.8823	1.080201	0.2759397	0.554906	0.445094	3.766907
15594	-2140.391	-2293.604	153.2126	0.9532344	0.2941318	0.518596	0.481404	4.197468
15600	-2136.562	-2288.55	151.9885	0.8844949	0.3371564	0.548082	0.451918	4.869599
15606	-2124.433	-2279.715	155.2818	1.269404	0.3376884	0.548082	0.451918	2.74294
15612	-2121.768	-2276.924	155.1559	1.317837	0.3748685	0.497919	0.502081	2.74294
15618	-2126.237	-2281.921	155.6838	1.409689	0.4373591	0.649889	0.350111	2.281236
15624	-2129.3	-2285.077	155.7777	1.446943	0.4777561	0.664442	0.335558	2.150655
15630	-2128.972	-2283.369	154.3966	1.13756	0.5000206	0.664442	0.335558	3.171425
15636	-2135.096	-2288.36	153.2641	1.139428	0.3606297	0.565223	0.434777	3.978512
15642	-2121.06	-2274.278	153.218	1.060093	0.4248357	0.683724	0.316276	3.978512
15648	-2132.859	-2284.659	151.7996	0.8847148	0.3252424	0.671212	0.328788	4.989125
15654	-2137.149	-2288.182	151.0325	0.9502144	0.3573076	0.683842	0.316158	5.339489
15660	-2138.627	-2289.705	151.0779	0.8118076	0.4039541	0.55557	0.44443	5.339489
15666	-2135.998	-2288.482	152.484	0.9377883	0.3081088	0.55557	0.44443	4.598908
15672	-2149.74	-2301.784	152.044	0.8998193	0.4536188	0.491277	0.508723	4.703313
15678	-2150.857	-2303.169	152.3112	0.9682309	0.2892752	0.696279	0.303721	4.703313
15684	-2129.904	-2282.921	153.0167	0.963004	0.2892566	0.595404	0.404596	4.30951
15690	-2129.943	-2282.596	152.6525	0.9179661	0.4964831	0.64323	0.35677	4.30951
15696	-2140.22	-2290.656	150.4352	0.8813221	0.2804178	0.687466	0.312534	5.800267
15702	-2143.394	-2295.3	151.9057	0.8587645	0.3985736	0.481613	0.518387	4.860248
15708	-2140.387	-2291.598	151.2109	0.9029173	0.3018147	0.554702	0.445298	5.334315
15714	-2132.232	-2283.465	151.2333	1.045231	0.4927863	0.655996	0.344004	5.036503
15720	-2135.64	-2288.941	153.3016	1.034418	0.2864285	0.647091	0.352909	4.111141
15726	-2132.017	-2284.359	152.3422	1.150931	0.5607917	0.486545	0.513455	4.295363
15732	-2123.499	-2275.847	152.3482	1.144939	0.5607917	0.584215	0.415785	4.295363
15738	-2132.289	-2285.196	152.9065	0.9205528	0.3539862	0.660912	0.339088	4.314175
15744	-2132.253	-2286.306	154.0536	1.050156	0.3115192	0.600855	0.399145	3.636669
15750	-2124.445	-2278.247	153.8013	1.110844	0.3961648	0.600855	0.399145	3.644871
15756	-2133.499	-2288.018	154.5198	1.222435	0.43439	0.591109	0.408891	3.115391
15762	-2143.67	-2298.194	154.5243	1.439887	0.7553401	0.662229	0.337771	2.69359
15768	-2144.332	-2299.66	155.3279	1.23705	0.5084924	0.534945	0.465055	2.537556
15774	-2136.88	-2290.945	154.0654	1.242283	0.3092084	0.66661	0.33339	3.521182
15780	-2132.609	-2288.241	155.6322	1.454194	0.3298917	0.66661	0.33339	2.421524
15786	-2126.87	-2282.471	155.6007	1.592432	0.2944714	0.66661	0.33339	2.40494
15792	-2134.206	-2288.347	154.1407	1.197022	0.2758993	0.570658	0.429342	3.549646
15798	-2129.017	-2283.599	154.5812	1.193196	0.2918482	0.670312	0.329688	3.271264
15804	-2121.767	-2275.863	154.0966	1.193196	0.4674795	0.622066	0.377934	3.34827
15810	-2129.323	-2283.562	154.2392	1.248871	0.3623143	0.650291	0.349709	3.34827
15816	-2126.383	-2280.167	153.7839	1.263975	0.2864777	0.650291	0.349709	3.702895
15822	-2120.581	-2273.685	153.1037	1.29188	0.3979051	0.650291	0.349709	3.940455
15828	-2131.179	-2286.469	155.2895	1.443211	0.3628438	0.66446	0.33554	2.598686
15834	-2128.162	-2283.737	155.575	1.413365	0.4446419	0.616717	0.383283	2.339928
15840	-2129.341	-2284.597	155.2561	1.319198	0.4302768	0.577442	0.422558	2.615104
15846	-2124.894	-2279.699	154.8048	1.405705	0.2446844	0.561153	0.438847	3.082536
15852	-2114.443	-2268.246	153.8026	1.189255	0.2253866	0.550956	0.449044	3.826093
15858	-2124.862	-2279.859	154.9962	1.362322	0.3328522	0.567085	0.432915	2.866567
15864	-2143.617	-2298.713	155.0962	1.281867	0.3239647	0.502107	0.497893	2.866567
15870	-2122.927	-2277.784	154.8571	1.400598	0.3813047	0.679481	0.320519	2.866567
15876	-2125.598	-2281.023	155.4244	1.504838	0.4022658	0.535556	0.464444	2.427097
15882	-2127.047	-2282.84	155.7929	1.246425	0.3476546	0.720304	0.279696	2.427097
15888	-2126.194	-2280.799	154.6049	1.159772	0.3624078	0.529386	0.470614	3.184843
15894	-2128.896	-2283.144	154.2483	1.282519	0.272976	0.483562	0.516438	3.441229
15900	-2118.09	-2271.449	153.3597	1.246996	0.4142967	0.699852	0.300148	3.801251
15906	-2118.069	-2273.108	155.039	1.29312	0.3231237	0.616289	0.383711	2.895521
15912	-2142.085	-2297.777	155.6922	1.279823	0.3659382	0.554409	0.445591	2.445475
15918	-2145.938	-2301.637	155.6985	1.239811	0.3826493	0.672833	0.327167	2.445475
15924	-2149.961	-2303.859	153.8987	1.138958	0.3826493	0.695852	0.304148	3.587411
15930	-2132.417	-2286.514	154.0978	1.279979	0.4028106	0.623806	0.376194	3.365778
15936	-2133.066	-2286.068	153.0024	1.171169	0.4585822	0.469732	0.530268	4.003519
15942	-2135.37	-2288.504	153.1341	1.078121	0.2770566	0.56428	0.43572	4.19448
15948	-2136.28	-2290.974	154.6932	1.178015	0.3311336	0.595088	0.404912	3.160994
15954	-2140.37	-2293.388	153.0173	1.398888	0.3961016	0.595088	0.404912	3.930637
15960	-2139.447	-2292.29	152.8436	1.238299	0.6528654	0.666107	0.333893	3.884207
15966	-2123.388	-2277.444	154.0559	1.058548	0.3692869	0.64164	0.35836	3.558369
15972	-2130.948	-2285.013	154.0653	1.086247	0.351368	0.550039	0.449961	3.558369
15978	-2142.369	-2295.196	152.8276	1.25745	0.36654	0.65678	0.34322	4.153144
15984	-2134.605	-2288.044	153.4398	1.088859	0.3498748	0.64023	0.35977	3.919701
15990	-2139.258	-2293.228	153.9704	1.00677	0.2717386	0.556554	0.443446	3.764452
15996	-2155.817	-2309.142	153.3245	1.151265	0.3341093	0.527871	0.472129	3.969321
16002	-2137.534	-2290.101	152.5672	1.174721	0.3716168	0.626505	0.373495	4.341784
16008	-2135.703	-2290.941	155.2385	1.215101	0.4220315	0.685804	0.314196	2.699418
16014	-2127.989	-2282.046	154.0566	1.179561	0.2461543	0.649009	0.350991	3.652588
16020	-2123.153	-2278.151	154.9979	1.151479	0.2461543	0.649009	0.350991	3.116675
16026	-2114.566	-2267.995	153.4291	1.206768	0.304739	0.654779	0.345221	3.915271
16032	-2113.134	-2265.341	152.2071	1.050948	0.3865966	0.654779	0.345221	4.597324
16038	-2122.957	-2275.534	152.5777	1.29145	0.3865966	0.458219	0.541781	4.252831
16044	-2114.604	-2269.478	154.8733	1.193664	0.3471907	0.477588	0.522412	3.023619
16050	-2117.111	-2270.462	153.3518	1.11055	0.4326138	0.499541	0.500459	3.864729
16056	-2136.985	-2291.415	154.4302	1.11055	0.3049834	0.518687	0.481313	3.390621
16062	-2124.304	-2277.727	153.4225	0.9727452	0.3405366	0.616146	0.383854	4.007442
16068	-2131.03	-2283.443	152.4129	1.014933	0.3405366	0.616146	0.383854	4.555196
16074	-2127.767	-2280.601	152.8342	1.2435	0.3405366	0.649939	0.350061	4.188275
16080	-2123.551	-2278.426	154.8746	1.438386	0.4305724	0.649939	0.350061	2.775779
16086	-2124.483	-2279.507	155.0238	1.282827	0.3999093	0.626502	0.373498	2.814749
16092	-2126.412	-2280.776	154.364	1.508466	0.272704	0.655568	0.344432	3.240691
16098	-2124.903	-2279.777	154.8747	1.357569	0.2751267	0.556373	0.443627	3.023063
16104	-2114.969	-2268.508	153.5391	1.096523	0.3352018	0.644711	0.355289	3.87636
16110	-2123.82	-2278.27	154.4508	1.298542	0.5177006	0.591086	0.408914	3.025885
16116	-2120.876	-2273.674	152.7982	1.023311	0.3057725	0.636874	0.363126	4.376991
16122	-2128.415	-2281.688	153.2729	0.9916743	0.3361125	0.636874	0.363126	4.087417
16128	-2126.782	-2280.564	153.7819	0.9916743	0.3152406	0.636874	0.363126	3.822455
16134	-2123.346	-2275.733	152.3871	1.124932	0.2962563	0.605901	0.394099	4.563682
16140	-2113.977	-2269.068	155.0911	1.246889	0.3286404	0.64638	0.35362	2.884597
16146	-2123.731	-2278.294	154.5624	1.246889	0.2874683	0.737365	0.262635	3.256819
16152	-2126.002	-2280.08	154.0777	1.326391	0.3709041	0.602795	0.397205	3.38725
16158	-2123.432	-2277.113	153.6811	1.326391	0.6041424	0.644136	0.355864	3.38725
16164	-2129.195	-2284.033	154.8372	1.306157	0.5120906	0.661258	0.338742	2.793452
16170	-2147.352	-2301.705	154.3535	1.165313	0.4177871	0.597438	0.402562	3.266034
16176	-2128.49	-2282.871	154.3809	1.208315	0.2918872	0.614054	0.385946	3.380133
16182	-2133.846	-2287.11	153.2646	1.030531	0.473527	0.597787	0.402213	3.919074
16188	-2139.21	-2292.669	153.459	1.034138	0.473527	0.664955	0.335045	3.805352
16194	-2139.863	-2293.211	153.3476	1.031049	0.5435698	0.583996	0.416004	3.805352
16200	-2137.749	-2293.029	155.2795	1.31931	0.354976	0.587248	0.412752	2.691276
16206	-2134.977	-2291.133	156.156	1.509317	0.5292298	0.736996	0.263004	1.798561
16212	-2131.034	-2284.188	153.1543	1.216098	0.3350564	0.560007	0.439993	4.028356
16218	-2138.185	-2291.516	153.3306	1.049268	0.3307197	0.713844	0.286156	4.028356
16224	-2135.022	-2290.782	155.76	1.314563	0.457886	0.578307	0.421693	2.269874
16230	-2148.215	-2301.536	153.321	1.15349	0.3216767	0.620851	0.379149	3.9857
16236	-2140.856	-2294.317	153.4604	1.189235	0.2469379	0.620851	0.379149	3.988879
16242	-2140.932	-2295.931	154.9993	1.185371	0.4356488	0.538493	0.461507	2.848222
16248	-2135.952	-2290.836	154.8843	1.345301	0.4114098	0.568387	0.431613	2.848222
16254	-2133.782	-2288.303	154.5203	1.196388	0.3541074	0.61949	0.38051	3.223492
16260	-2123.459	-2278.638	155.179	1.190004	0.3285264	0.61949	0.38051	2.865958
16266	-2122.781	-2277.095	154.3142	1.220719	0.2915984	0.49335	0.50665	3.412387
16272	-2121.329	-2275.747	154.4185	1.191584	0.4606953	0.565503	0.434497	3.16608
16278	-2119.192	-2273.809	154.6165	1.191584	0.3567051	0.509353	0.490647	3.16608
16284	-2139.244	-2295.125	155.8809	1.346432	0.4015016	0.605716	0.394284	2.23827
16290	-2131.223	-2286.664	155.4409	1.607234	0.7112808	0.631429	0.368571	2.040524
16296	-2132.803	-2288.801	155.9976	1.505787	0.4156861	0.563329	0.436671	2.040524
16302	-2135.228	-2291.64	156.4118	1.505787	0.23148	0.71826	0.28174	2.040524
16308	-2142.673	-2298.848	156.1755	1.476296	0.4490633	0.686242	0.313758	1.900225
16314	-2142.126	-2297.962	155.8363	1.530946	0.3881135	0.686242	0.313758	2.164632
16320	-2148.276	-2304.513	156.2378	1.736119	0.260485	0.55316	0.44684	1.951806
16326	-2140.084	-2296.691	156.6075	1.736119	0.3830608	0.62522	0.37478	1.497057
16332	-2137.039	-2291.553	154.5144	1.143569	0.5081143	0.637787	0.362213	3.089813
16338	-2128.777	-2282.32	153.5431	1.174855	0.5092337	0.60062	0.39938	3.64098
16344	-2127.52	-2280.126	152.6062	1.062878	0.4644041	0.718234	0.281766	4.284599
16350	-2124.046	-2278.563	154.5167	1.140481	0.4216285	0.611905	0.388095	3.179932
16356	-2141.452	-2296.479	155.0274	1.140481	0.3771664	0.523684	0.476316	2.925831
16362	-2140.513	-2293.954	153.4414	1.140481	0.4342684	0.645432	0.354568	3.79427
16368	-2139.691	-2293.458	153.7679	1.19143	0.4211485	0.683113	0.316887	3.589947
16374	-2140.796	-2293.826	153.0307	1.183178	0.337827	0.603532	0.396468	4.11416
16380	-2145.65	-2299.262	153.612	0.9723906	0.3470941	0.667961	0.332039	3.89112
16386	-2141.08	-2292.741	151.661	1.094575	0.2577091	0.53814	0.46186	5.038733
16392	-2136.453	-2288.52	152.0671	1.112149	0.3253638	0.617649	0.382351	4.71306
16398	-2143.285	-2296.48	153.195	1.112149	0.2723353	0.721928	0.278072	4.147123
16404	-2126.714	-2280.379	153.6652	1.262795	0.3234117	0.689719	0.310281	3.722891
16410	-2129.316	-2282.996	153.6799	1.209806	0.3681549	0.63334	0.36666	3.690043
16416	-2134.737	-2287.491	152.7535	1.209806	0.4410397	0.72942	0.27058	4.141163
16422	-2134.254	-2288.898	154.6444	1.24721	0.4410397	0.555216	0.444784	3.018952
16428	-2126.606	-2279.41	152.8037	1.086594	0.3657922	0.591963	0.408037	4.264547
16434	-2126.376	-2279.069	152.6936	1.174807	0.3765932	0.583147	0.416853	4.264547
16440	-2123.109	-2277.613	154.5039	1.174807	0.3765932	0.640543	0.359457	3.218679
16446	-2115.416	-2269.37	153.9536	1.111027	0.4088856	0.669716	0.330284	3.542116
16452	-2123.109	-2274.916	151.8069	0.9159935	0.2965847	0.565264	0.434736	5.003917
16458	-2124.891	-2278.065	153.174	1.193888	0.3708911	0.619384	0.380616	3.98689
16464	-2126.86	-2280.457	153.5966	1.01548	0.3708911	0.625396	0.374604	3.846894
16470	-2131.438	-2284.71	153.272	1.023068	0.2914812	0.704712	0.295288	4.127612
16476	-2126.097	-2280.475	154.3784	1.055134	0.3168341	0.704712	0.295288	3.437621
16482	-2141.178	-2295.341	154.1632	1.13196	0.2783583	0.542459	0.457541	3.570934
16488	-2129.213	-2283.314	154.1005	1.329237	0.4335712	0.672796	0.327204	3.301367
16494	-2135.883	-2289.432	153.5492	1.11119	0.32004	0.672796	0.327204	3.881308
16500	-2134.591	-2287.321	152.7305	1.059611	0.3178764	0.586225	0.413775	4.379192
16506	-2149.934	-2305.031	155.0969	1.273591	0.2327395	0.586225	0.413775	3.006019
16512	-2133.021	-2285.53	152.5089	1.171441	0.2327395	0.498988	0.501012	4.559418
16518	-2124.394	-2276.886	152.4918	0.9682157	0.4125899	0.665897	0.334103	4.455641
16524	-2121.509	-2274.41	152.9003	1.137628	0.3087231	0.590615	0.409385	4.25079
16530	-2130.647	-2284.335	153.6877	1.152394	0.3523392	0.590615	0.409385	3.737635
16536	-2120.638	-2273.026	152.3873	1.099347	0.3626899	0.590615	0.409385	4.495951
16542	-2131.496	-2284.187	152.6908	1.216898	0.3226307	0.681021	0.318979	4.306776
16548	-2129.67	-2281.586	151.9161	1.077727	0.2316119	0.587049	0.412951	4.944763
16554	-2132.695	-2285.999	153.304	1.139301	0.4815549	0.695733	0.304267	3.826143
16560	-2134.33	-2287.664	153.3336	1.109684	0.4815549	0.556312	0.443688	3.826143
16566	-2134.662	-2287.299	152.6376	1.176205	0.3410222	0.602607	0.397393	4.337152
16572	-2129.107	-2282.247	153.1407	1.009486	0.311591	0.63081	0.36919	4.18342
16578	-2131.413	-2284.538	153.1253	1.049432	0.3009008	0.492486	0.507514	4.18342
16584	-2139.528	-2295.491	155.9631	1.74659	0.6117723	0.741642	0.258358	1.680042
16590	-2123.674	-2280.238	156.5644	1.74659	0.4637354	0.560676	0.439324	1.407669
16596	-2131.107	-2287.43	156.3238	1.74659	0.6167749	0.560676	0.439324	1.407669
16602	-2128.324	-2284.753	156.4293	1.686517	0.5324401	0.676363	0.323637	1.469905
16608	-2128.867	-2284.635	155.7676	1.853344	0.8399069	0.526038	0.473962	1.533554
16614	-2141.742	-2297.081	155.3391	1.333238	0.5666736	0.65841	0.34159	2.412957
16620	-2143.93	-2299.609	155.6788	1.385955	0.3361292	0.59869	0.40131	2.426561
16626	-2133.408	-2288.629	155.2209	1.436351	0.5550819	0.59869	0.40131	2.433597
16632	-2138.797	-2292.965	154.168	1.212698	0.6489104	0.715242	0.284758	3.129504
16638	-2134.107	-2288.114	154.0068	1.325001	0.7390457	0.592663	0.407337	3.088256
16644	-2123.641	-2277.92	154.2787	1.32803	0.4507388	0.592723	0.407277	3.178438
16650	-2123.617	-2278.135	154.5176	1.225092	0.3821952	0.624252	0.375748	3.174137
16656	-2122.142	-2276.733	154.5906	1.100881	0.3821952	0.624252	0.375748	3.204537
16662	-2123.656	-2279.996	156.3404	1.617257	0.4567691	0.624616	0.375384	1.678379
16668	-2124.394	-2281.192	156.7986	1.617257	0.4259137	0.583202	0.416798	1.378758
16674	-2138.917	-2295.623	156.7057	1.647744	0.3321436	0.635167	0.364833	1.5683
16680	-2129.148	-2282.782	153.6344	1.222755	0.3884344	0.643092	0.356908	3.685415
16686	-2126.9	-2282.008	155.1074	1.125797	0.3520408	0.643092	0.356908	2.917511
16692	-2129.55	-2284.798	155.248	1.305461	0.60053	0.618343	0.381657	2.456148
16698	-2129.543	-2283.812	154.2685	1.305461	0.4616886	0.645921	0.354079	3.186461
16704	-2113.98	-2267.448	153.468	1.140581	0.3285414	0.520973	0.479027	3.900212
16710	-2123.4	-2275.219	151.8183	0.9483902	0.3643773	0.657714	0.342286	4.896915
16716	-2127.447	-2279.299	151.852	0.9837338	0.3317426	0.660284	0.339716	4.896915
16722	-2129.424	-2281.719	152.2946	0.9463823	0.3932906	0.576283	0.423717	4.599538
16728	-2122.046	-2275.075	153.0287	1.173239	0.5259951	0.646729	0.353271	3.922748
16734	-2118.614	-2272.963	154.3486	1.217541	0.5259951	0.614125	0.385875	3.127328
16740	-2127.975	-2282.857	154.8826	1.227238	0.389165	0.514864	0.485136	2.946449
16746	-2130.595	-2284.127	153.5321	1.286318	0.492935	0.715845	0.284155	3.59832
16752	-2124.882	-2278.9	154.0182	1.263651	0.232555	0.621945	0.378055	3.647263
16758	-2124.509	-2278.338	153.8284	1.263651	0.6654158	0.616732	0.383268	3.28716
16764	-2122.461	-2276.881	154.42	1.473379	0.274157	0.697189	0.302811	3.226194
16770	-2130.59	-2285.693	155.1024	1.473379	0.1581176	0.619572	0.380428	3.019058
16776	-2129.29	-2284.14	154.8495	1.329112	0.4022587	0.701483	0.298517	2.889612
16782	-2131.979	-2286.251	154.2721	1.329112	0.4826773	0.49184	0.50816	3.148851
16788	-2138.084	-2291.126	153.0417	1.277284	0.7421354	0.736437	0.263563	3.680476
16794	-2137.409	-2292.277	154.8676	1.391255	0.4030585	0.638682	0.361318	2.8401
16800	-2127.68	-2281.938	154.2578	1.230641	0.315045	0.532043	0.467957	3.407839
16806	-2143.4	-2298.921	155.5212	1.283124	0.366626	0.688422	0.311578	2.54946
16812	-2132.973	-2287.838	154.8649	1.29037	0.3509721	0.664396	0.335604	2.965848
16818	-2132.796	-2287.741	154.9447	1.283083	0.3501748	0.726465	0.273535	2.92316
16824	-2144.979	-2298.734	153.7547	1.283083	0.6793495	0.597746	0.402254	3.308139
16830	-2137.476	-2293.114	155.6379	1.264437	0.3998988	0.597746	0.402254	2.446884
16836	-2132.136	-2287.07	154.9334	1.444406	0.5069935	0.594536	0.405464	2.654982
16842	-2133.098	-2285.973	152.8747	0.7891311	0.3455121	0.685992	0.314008	4.416383
16848	-2142.615	-2295.772	153.1565	0.764787	0.3601574	0.466701	0.533299	4.253515
16854	-2145.205	-2301.548	156.3424	1.446898	0.3293746	0.538933	0.461067	1.966552
16860	-2134.072	-2289.087	155.0145	1.446898	0.611886	0.702465	0.297535	2.503551
16866	-2133.255	-2287.611	154.3563	1.449033	0.2339403	0.61172	0.38828	3.339614
16872	-2138.723	-2293.146	154.4229	1.155663	0.3267562	0.603283	0.396717	3.339614
16878	-2151.464	-2305.622	154.1579	1.155663	0.4622987	0.636601	0.363399	3.339614
16884	-2140.395	-2294.373	153.9777	0.954843	0.3119085	0.571313	0.428687	3.735211
16890	-2125.332	-2278.63	153.2978	1.090076	0.4748656	0.578811	0.421189	3.864587
16896	-2138.006	-2291.757	153.7505	1.125257	0.2931145	0.578811	0.421189	3.793056
16902	-2140.371	-2293.887	153.5164	0.9314267	0.5150171	0.532613	0.467387	3.791625
16908	-2137.024	-2288.342	151.3179	0.7750394	0.4669088	0.653895	0.346105	5.163781
16914	-2138.501	-2293.036	154.5348	1.379946	0.4220369	0.603031	0.396969	3.025966
16920	-2127.718	-2282.912	155.1946	1.08585	0.4883146	0.631957	0.368043	2.733793
16926	-2134.83	-2288.541	153.711	1.261791	0.5576132	0.449004	0.550996	3.44811
16932	-2129.039	-2283.392	154.3536	1.250672	0.4558267	0.457456	0.542544	3.174576
16938	-2130.326	-2285.086	154.76	1.326945	0.4915519	0.659231	0.340769	2.848357
16944	-2131.023	-2286.023	155.0002	1.116662	0.4738909	0.675693	0.324307	2.848357
16950	-2131.111	-2285.718	154.6064	1.33145	0.5864343	0.569974	0.430026	2.848357
16956	-2137.284	-2291.941	154.6576	1.234898	0.2834198	0.517179	0.482821	3.213321
16962	-2136.113	-2290.105	153.9921	1.229852	0.5163247	0.517179	0.482821	3.340122
16968	-2135.549	-2290.725	155.1756	1.223081	0.3117478	0.709333	0.290667	2.870711
16974	-2136.789	-2291.644	154.8546	1.093495	0.2653305	0.670618	0.329382	3.206858
16980	-2146.081	-2301.973	155.8919	1.404566	0.2763358	0.563799	0.436201	2.367163
16986	-2143.237	-2299.716	156.4783	1.434523	0.3450919	0.625379	0.374621	1.86
16992	-2134.037	-2289.124	155.0873	1.412736	0.4127189	0.731161	0.268839	2.68159
16998	-2129.47	-2285.593	156.123	1.487765	0.4127189	0.50655	0.49345	1.972751
17004	-2137.773	-2293.148	155.375	1.437992	0.4747137	0.572775	0.427225	2.417576
17010	-2136.421	-2292.132	155.7114	1.437992	0.3637404	0.646057	0.353943	2.336171
17016	-2132.287	-2287.984	155.6967	1.437992	0.1930999	0.501408	0.498592	2.610556
17022	-2133.246	-2288.733	155.487	1.318447	0.2721822	0.539402	0.460598	2.679853
17028	-2134.61	-2289.648	155.0381	1.153684	0.345205	0.539402	0.460598	2.951208
17034	-2126.847	-2280.584	153.7367	1.196833	0.5327278	0.620873	0.379127	3.4937
17040	-2119.681	-2273.434	153.753	1.134953	0.3093128	0.605075	0.394925	3.764351
17046	-2126.703	-2281.157	154.4546	1.151476	0.2515937	0.525832	0.474168	3.42892
17052	-2134.342	-2285.678	151.3365	1.158981	0.6957789	0.648711	0.351289	4.749288
17058	-2120.3	-2273.516	153.2159	1.111258	0.2868194	0.682797	0.317203	4.11566
17064	-2111.593	-2264.245	152.6519	0.9223894	0.2893616	0.675008	0.324992	4.53788
17070	-2124.809	-2277.125	152.3161	0.982652	0.5104895	0.528753	0.471247	4.449889
17076	-2122.707	-2275.816	153.1088	1.103006	0.4247862	0.604561	0.395439	4.016467
17082	-2131.661	-2285.849	154.1874	1.092397	0.4247862	0.597679	0.402321	3.39899
17088	-2134.464	-2289.563	155.0984	1.209159	0.4247862	0.668496	0.331504	2.785626
17094	-2137.139	-2291.625	154.4862	1.328056	0.3705851	0.532231	0.467769	3.145504
17100	-2129.589	-2285.058	155.4689	1.376933	0.5003068	0.526511	0.473489	2.36965
17106	-2127.811	-2282.843	155.0324	1.230971	0.5341847	0.561389	0.438611	2.698457
17112	-2133.771	-2288.982	155.211	1.272183	0.4593449	0.56966	0.43034	2.639815
17118	-2140.956	-2296.141	155.1845	1.272183	0.4745961	0.69815	0.30185	2.639815
17124	-2142.025	-2296.699	154.6735	1.09573	0.4470913	0.718639	0.281361	3.085614
17130	-2133.937	-2288.21	154.2734	1.09573	0.4422967	0.718639	0.281361	3.327778
17136	-2141	-2294.212	153.212	1.164421	0.4529546	0.708885	0.291115	3.893056
17142	-2129.979	-2283.942	153.9628	1.228285	0.2920223	0.576913	0.423087	3.612301
17148	-2136.087	-2290.318	154.2311	1.122604	0.4126917	0.63614	0.36386	3.3689
17154	-2124.784	-2278.375	153.5905	1.097738	0.2787917	0.619563	0.380437	3.920532
17160	-2128.102	-2282.815	154.7124	1.35563	0.3391075	0.525691	0.474309	3.033303
17166	-2140.777	-2293.837	153.0606	1.180311	0.3044914	0.728443	0.271557	4.141066
17172	-2128.939	-2282.18	153.2411	1.260384	0.2447769	0.465086	0.534914	4.076662
17178	-2126.061	-2281.381	155.3199	1.260384	0.4548549	0.65427	0.34573	2.584625
17184	-2138.197	-2291.977	153.78	1.111605	0.2418293	0.534775	0.465225	3.857997
17190	-2132.547	-2287.227	154.6794	1.347131	0.3313184	0.541595	0.458405	3.068261
17196	-2135.605	-2290.154	154.5488	1.120163	0.3161182	0.631437	0.368563	3.300355
17202	-2124.656	-2277.454	152.7978	1.065238	0.2931399	0.5897	0.4103	4.37022
17208	-2137.699	-2291.979	154.2795	1.195287	0.4893615	0.710924	0.289076	3.217127
17214	-2139.535	-2295.38	155.845	1.315692	0.2570322	0.707309	0.292691	2.483264
17220	-2134.739	-2289.423	154.6832	1.288148	0.3423974	0.6339	0.3661	3.086907
17226	-2135.772	-2289.482	153.7104	1.239427	0.5971649	0.56857	0.43143	3.42696
17232	-2134.526	-2289.299	154.773	1.420524	0.5557448	0.62138	0.37862	2.720714
17238	-2132.48	-2286.562	154.0826	1.239415	0.6008968	0.543722	0.456278	3.204642
17244	-2137.779	-2292.858	155.0796	1.233421	0.3986424	0.543722	0.456278	2.812373
17250	-2133.075	-2288.275	155.1995	1.303344	0.317055	0.719183	0.280817	2.800156
17256	-2137.423	-2293.056	155.6331	1.443415	0.5339141	0.581219	0.418781	2.187019
17262	-2136.548	-2292.244	155.6957	1.282217	0.4789344	0.670546	0.329454	2.308439
17268	-2125.772	-2279.887	154.1152	1.37741	0.8957501	0.605227	0.394773	2.882138
17274	-2118.658	-2273.701	155.0436	1.183054	0.2329864	0.674003	0.325997	3.091636
17280	-2128.732	-2283.222	154.4898	1.153725	0.3452551	0.574108	0.425892	3.277758
17286	-2128.951	-2282.96	154.0092	1.080533	0.4772478	0.597101	0.402899	3.455677
17292	-2131.179	-2284.2	153.0203	1.06886	0.4374639	0.597101	0.402899	4.073155
17298	-2130.056	-2284.326	154.2706	1.06886	0.4374639	0.680999	0.319001	3.350344
17304	-2137.531	-2293.607	156.0763	1.384711	0.2980198	0.714785	0.285215	2.228819
17310	-2138.103	-2292.738	154.6354	1.172466	0.505131	0.54877	0.45123	3.00309
17316	-2138.321	-2292.288	153.9676	1.119717	0.4356798	0.682052	0.317948	3.49985
17322	-2123.66	-2277.755	154.0941	1.145024	0.5076156	0.515124	0.484876	3.338324
17328	-2134.629	-2288.973	154.3438	1.188638	0.3338855	0.576331	0.423669	3.357552
17334	-2139.03	-2293.954	154.9242	1.182445	0.3338855	0.673046	0.326954	3.016967
17340	-2131.845	-2286.339	154.4941	1.153258	0.399803	0.530505	0.469495	3.210221
17346	-2133.021	-2288.116	155.0945	1.317056	0.5080743	0.465635	0.534365	2.63311
17352	-2133.7	-2289.046	155.3452	1.403594	0.487411	0.629291	0.370709	2.44446
17358	-2136.078	-2290.688	154.6095	1.403594	0.5900423	0.55127	0.44873	2.799399
17364	-2136.978	-2292.354	155.3761	1.241181	0.3399188	0.584836	0.415164	2.699523
17370	-2127.388	-2282.128	154.7408	1.031495	0.4156721	0.608028	0.391972	3.118142
17376	-2123.921	-2278.342	154.4212	1.259077	0.2715606	0.672818	0.327182	3.355652
17382	-2141.808	-2295.696	153.8879	0.9786012	0.3734262	0.559937	0.440063	3.697324
17388	-2128.681	-2283.385	154.7038	1.091546	0.3734262	0.570421	0.429579	3.153287
17394	-2144.999	-2300.711	155.7125	1.294793	0.3734262	0.44422	0.55578	2.41368
17400	-2144.322	-2298.633	154.3107	1.304218	0.4198688	0.661009	0.338991	3.206944
17406	-2142.941	-2297.525	154.584	1.178922	0.5259063	0.684129	0.315871	3.00989
17412	-2145.052	-2301.398	156.3463	1.525147	0.2666456	0.559544	0.440456	2.009949
17418	-2130.079	-2285.862	155.7824	1.487866	0.4679985	0.665015	0.334985	2.131829
17424	-2124.28	-2279.401	155.121	1.490734	0.4061943	0.707425	0.292575	2.620416
17430	-2141.023	-2295.978	154.955	1.25227	0.2788679	0.641523	0.358477	3.032539
17436	-2138.738	-2293.933	155.1949	1.258782	0.4538436	0.641523	0.358477	2.663924
17442	-2136.047	-2291.353	155.3066	1.339043	0.3538585	0.597186	0.402814	2.663924
17448	-2131.743	-2287.226	155.483	1.303319	0.3335711	0.553952	0.446048	2.603799
17454	-2137.849	-2292.949	155.1007	1.394365	0.4797113	0.60997	0.39003	2.610712
17460	-2143.204	-2298.237	155.0325	1.363668	0.5234968	0.596617	0.403383	2.627183
17466	-2145.237	-2299.857	154.6203	1.202234	0.5361642	0.609848	0.390152	2.964301
17472	-2152.533	-2307.932	155.3992	1.311221	0.4396929	0.573952	0.426048	2.520583
17478	-2150.051	-2304.622	154.571	1.290094	0.4396929	0.564885	0.435115	3.038679
17484	-2144.038	-2298.657	154.6196	1.130892	0.4396929	0.564885	0.435115	3.104728
17490	-2140.92	-2294.614	153.6941	1.003468	0.3515816	0.702837	0.297163	3.820698
17496	-2146.665	-2299.473	152.8086	1.023372	0.3584035	0.633567	0.366433	4.306186
17502	-2142.058	-2296.779	154.721	1.339746	0.1908201	0.576086	0.423914	3.2625
17508	-2128.588	-2284.181	155.5931	1.339746	0.4368933	0.653619	0.346381	2.384047
17514	-2127.449	-2282.107	154.6583	1.238294	0.2832105	0.697156	0.302844	3.211207
17520	-2127.772	-2282.189	154.4168	1.238294	0.331294	0.627713	0.372287	3.288699
17526	-2135.359	-2290.728	155.3692	1.288555	0.3444248	0.583542	0.416458	2.668771
17532	-2130.177	-2285.204	155.027	1.413004	0.6159664	0.528117	0.471883	2.513274
17538	-2131.299	-2286.419	155.12	1.424075	0.3721444	0.613534	0.386466	2.70321
17544	-2126.214	-2278.562	152.3478	1.129201	0.2099156	0.652493	0.347507	4.709377
17550	-2119.413	-2271.919	152.5061	1.124538	0.4025281	0.560459	0.439541	4.370208
17556	-2124.691	-2278.63	153.9386	1.12616	0.4025281	0.622755	0.377245	3.549075
17562	-2116.743	-2270.341	153.5983	1.153487	0.3744831	0.622755	0.377245	3.762334
17568	-2128.219	-2280.666	152.4466	1.103181	0.3202456	0.712348	0.287652	4.51161
17574	-2144.105	-2298.637	154.5316	1.226972	0.3196353	0.607595	0.392405	3.242808
17580	-2140.013	-2294.724	154.7104	1.179583	0.4123669	0.623508	0.376492	3.051609
17586	-2145.166	-2300.525	155.3597	1.179583	0.3264937	0.63199	0.36801	2.765165
17592	-2138.976	-2294.887	155.9113	1.724698	0.5480446	0.610301	0.389699	1.798455
17598	-2149.895	-2306.048	156.1534	1.724698	0.5480446	0.474634	0.525366	1.627461
17604	-2149.163	-2305.162	155.9994	1.585906	0.5480446	0.657144	0.342856	1.833408
17610	-2138.633	-2292.628	153.9943	1.157805	0.3489445	0.580913	0.419087	3.561001
17616	-2136.636	-2290.806	154.1701	1.202085	0.3496972	0.580913	0.419087	3.43165
17622	-2137.488	-2293.418	155.93	1.442029	0.4324764	0.65254	0.34746	2.106616
17628	-2132.6	-2287.476	154.8761	1.32953	0.2554567	0.702321	0.297679	3.068626
17634	-2134.338	-2288.977	154.6393	1.32953	0.3747078	0.702321	0.297679	3.048352
17640	-2125.545	-2281.324	155.7793	1.32953	0.368693	0.6522	0.3478	2.355488
17646	-2124.84	-2279.517	154.6763	1.32953	0.368693	0.6522	0.3478	3.033505
17652	-2127.201	-2282.374	155.1731	1.315551	0.3004349	0.533684	0.466316	2.831887
17658	-2124.967	-2281.111	156.1445	1.551293	0.2900261	0.684781	0.315219	2.088272
17664	-2133.647	-2287.477	153.83	1.416739	0.3250987	0.668281	0.331719	3.535902
17670	-2121.475	-2275.277	153.8023	1.614009	0.2310471	0.520576	0.479424	3.571624
17676	-2129.767	-2284.104	154.3371	1.249671	0.3877061	0.520576	0.479424	3.259992
17682	-2135.222	-2289.746	154.5246	1.370959	0.5403652	0.70395	0.29605	2.916322
17688	-2141.953	-2297.065	155.1118	1.295198	0.4092083	0.407312	0.592688	2.742704
17694	-2113.977	-2267.51	153.5333	1.21734	0.4889837	0.579583	0.420417	3.64148
17700	-2122.255	-2276.096	153.8403	1.21734	0.4266927	0.624152	0.375848	3.526766
17706	-2122.029	-2275.549	153.5198	1.21734	0.33625	0.474127	0.525873	3.816704
17712	-2122.161	-2275.663	153.502	1.189593	0.4041325	0.636292	0.363708	3.763438
17718	-2123.454	-2277.006	153.5518	0.9689685	0.3124009	0.46996	0.53004	3.971184
17724	-2145.162	-2298.437	153.2744	1.207405	0.3298676	0.538533	0.461467	3.971184
17730	-2134.436	-2287.577	153.1411	1.241509	0.2850139	0.555563	0.444437	4.086588
17736	-2126.235	-2278.433	152.1984	1.221715	0.3916035	0.53674	0.46326	4.500776
17742	-2141.155	-2293.314	152.1583	1.131245	0.2208865	0.546063	0.453937	4.796576
17748	-2134.6	-2288.473	153.8737	1.22579	0.2284927	0.616741	0.383259	3.75917
17754	-2133.592	-2287.292	153.6999	1.413076	0.3151219	0.53746	0.46254	3.626605
17760	-2121.183	-2272.772	151.5886	1.015113	0.4378348	0.671956	0.328044	4.908865
17766	-2125.102	-2276.713	151.6106	0.9863009	0.4416172	0.688843	0.311157	4.908865
17772	-2130.54	-2281.688	151.1484	0.9375449	0.3163745	0.644477	0.355523	5.331369
17778	-2123.649	-2276.963	153.3136	1.064595	0.3117354	0.678691	0.321309	4.053463
17784	-2126.942	-2281.052	154.11	1.299881	0.3619055	0.478445	0.521555	3.394663
17790	-2134.3	-2287.705	153.4046	1.161433	0.4160482	0.525887	0.474113	3.822778
17796	-2127.308	-2280.181	152.8731	1.066009	0.4738199	0.564396	0.435604	4.1221
17802	-2124.628	-2279.496	154.8677	1.274412	0.3408493	0.597349	0.402651	2.986637
17808	-2120.243	-2273.955	153.712	1.33577	0.3179397	0.693282	0.306718	3.6607
17814	-2130.789	-2285.76	154.9713	1.428791	0.2753181	0.536612	0.463388	2.921881
17820	-2136.036	-2291.302	155.2662	1.36188	0.3565716	0.688741	0.311259	2.671275
17826	-2131.858	-2286.65	154.7915	1.330867	0.4644984	0.61756	0.38244	2.854854
17832	-2139.336	-2294.901	155.5645	1.330867	0.2230887	0.568504	0.431496	2.70397
17838	-2130.179	-2284.807	154.6281	1.254004	0.3054562	0.633432	0.366568	3.188728
17844	-2133.028	-2287.684	154.6557	1.286872	0.3142738	0.628608	0.371392	3.140835
17850	-2131.852	-2285.794	153.9423	1.26098	0.4420424	0.628608	0.371392	3.425367
17856	-2139.037	-2291.985	152.9475	1.301908	0.389568	0.579876	0.420124	4.033293
17862	-2125.818	-2280.217	154.3991	1.298061	0.389568	0.504748	0.495252	3.192494
17868	-2133.466	-2288.317	154.8512	1.315926	0.4391161	0.561502	0.438498	2.855043
17874	-2129.823	-2283.892	154.0688	1.121627	0.387774	0.589251	0.410749	3.49259
17880	-2117.345	-2271.904	154.5589	1.283582	0.3559756	0.521398	0.478602	3.146563
17886	-2122.294	-2275.781	153.4867	1.283582	0.4455431	0.560355	0.439645	3.673726
17892	-2132.217	-2284.933	152.7159	1.262028	0.3791479	0.519067	0.480933	4.199522
17898	-2121.908	-2275.205	153.297	0.9479292	0.4802966	0.660231	0.339769	3.941211
17904	-2131.143	-2285.009	153.8665	0.9899201	0.5344577	0.660231	0.339769	3.537009
17910	-2119.995	-2272.991	152.9957	1.069946	0.3645591	0.659124	0.340876	4.166511
17916	-2120.301	-2273.27	152.969	1.069946	0.4069417	0.63942	0.36058	4.134087
17922	-2131.952	-2285.623	153.6712	1.004965	0.335619	0.590494	0.409506	3.852573
17928	-2139.211	-2292.814	153.6035	1.16234	0.5101968	0.50917	0.49083	3.612293
17934	-2137	-2292.493	155.4926	1.27701	0.3268623	0.669131	0.330869	2.623264
17940	-2132.439	-2286.929	154.4902	1.297004	0.3601749	0.59329	0.40671	3.174249
17946	-2126.516	-2281.402	154.8861	1.363727	0.4404037	0.665331	0.334669	2.803367
17952	-2111.05	-2266.013	154.9632	1.397207	0.5724496	0.578792	0.421208	2.602375
17958	-2129.702	-2284.052	154.3506	1.386688	0.308409	0.58219	0.41781	3.270379
17964	-2133.365	-2286.644	153.279	1.082336	0.3528333	0.660342	0.339658	4.011909
17970	-2125.611	-2279.391	153.7799	1.211001	0.5047325	0.590135	0.409865	3.486516
17976	-2137.411	-2291.489	154.0771	0.8973914	0.362726	0.788452	0.211548	3.647452
17982	-2144.106	-2299.187	155.0811	1.4624	0.312723	0.645619	0.354381	2.781359
17988	-2123.856	-2278.238	154.3814	1.26815	0.3036624	0.645619	0.354381	3.328525
17994	-2136.332	-2291.223	154.8913	1.283682	0.4241735	0.693384	0.306616	2.866839
18000	-2146.125	-2299.128	153.0024	1.028863	0.3948222	0.538189	0.461811	4.151683
18006	-2147.585	-2300.956	153.3718	1.146234	0.5322961	0.575454	0.424546	3.7352
18012	-2147.825	-2303.565	155.7396	1.359975	0.4759782	0.600304	0.399696	2.233644
18018	-2150.085	-2305.139	155.0538	1.42002	0.7380986	0.587574	0.412426	2.389591
18024	-2125.26	-2280.459	155.1991	1.266465	0.3570806	0.633117	0.366883	2.77016
18030	-2126.758	-2281.835	155.0769	1.364579	0.3297258	0.633117	0.366883	2.820376
18036	-2127.728	-2282.568	154.8401	1.263114	0.6029028	0.629753	0.370247	2.732981
18042	-2134.014	-2289.09	155.0763	1.310162	0.2913888	0.592181	0.407819	2.906681
18048	-2133.899	-2288.527	154.6282	1.331786	0.2913888	0.609493	0.390507	3.162027
18054	-2132.167	-2287.939	155.7716	1.681808	0.170988	0.609493	0.390507	2.455486
18060	-2126.248	-2282.15	155.9019	1.681808	0.4700856	0.683649	0.316351	1.921367
18066	-2123.561	-2278.515	154.9538	1.410907	0.356444	0.721396	0.278604	2.83237
18072	-2125.837	-2279.796	153.9592	1.114954	0.356444	0.50471	0.49529	3.597171
18078	-2133.826	-2288.35	154.5239	1.240469	0.3877651	0.542575	0.457425	3.154745
18084	-2127.895	-2282.827	154.9312	1.162818	0.3340353	0.655842	0.344158	3.024297
18090	-2150.203	-2302.675	152.4717	0.8759951	0.3522574	0.740418	0.259582	4.586238
18096	-2138.727	-2291.107	152.3791	0.9942991	0.3401253	0.650439	0.349561	4.586238
18102	-2139.269	-2293.57	154.3011	1.073667	0.4374521	0.750588	0.249412	3.329595
18108	-2121.767	-2274.907	153.1402	1.016698	0.5581938	0.724099	0.275901	3.919719
18114	-2127.822	-2283.233	155.4109	1.099873	0.3295213	0.635502	0.364498	2.778485
18120	-2132.8	-2287.809	155.009	1.321291	0.4107526	0.628501	0.371499	2.787743
18126	-2127.986	-2283.426	155.44	1.497767	0.7366505	0.644947	0.355053	2.092056
18132	-2130.577	-2286.439	155.8629	1.497767	0.5185253	0.631566	0.368434	2.016727
18138	-2128.19	-2284.134	155.9436	1.384411	0.3826036	0.654734	0.345266	2.197122
18144	-2131.73	-2287.169	155.4391	1.491174	0.5898369	0.508387	0.491613	2.226504
18150	-2133.437	-2289.762	156.3251	1.551727	0.329318	0.481931	0.518069	1.907646
18156	-2129.092	-2284.519	155.427	1.329531	0.4756725	0.692945	0.307055	2.452116
18162	-2125.024	-2279.207	154.1837	1.112585	0.3741391	0.575262	0.424738	3.446597
18168	-2136.098	-2289.477	153.3789	1.136484	0.4631346	0.575262	0.424738	3.802923
18174	-2143.166	-2294.257	151.0907	1.07343	0.4373453	0.545251	0.454749	5.153389
18180	-2131.781	-2283.982	152.2016	0.989176	0.3090505	0.53785	0.46215	4.727104
18186	-2137.996	-2291.702	153.7057	0.9536105	0.4674009	0.694306	0.305694	3.715643
18192	-2131.961	-2284.704	152.7438	0.9587141	0.4511543	0.767623	0.232377	4.278832
18198	-2130.414	-2283.751	153.3374	1.02645	0.3724143	0.634116	0.365884	3.98743
18204	-2131.623	-2284.106	152.483	0.943325	0.4278011	0.581545	0.418455	4.458606
18210	-2122.05	-2275.576	153.5254	1.491278	0.5798326	0.678992	0.321008	3.402794
18216	-2127.494	-2282.986	155.4925	1.447449	0.4688253	0.791814	0.208186	2.343647
18222	-2123.086	-2278.352	155.2659	1.447449	0.7175315	0.67541	0.32459	2.253574
18228	-2127.431	-2282.756	155.3245	1.336128	0.5990675	0.572004	0.427996	2.390009
18234	-2132.087	-2287.256	155.1694	1.336128	0.7125784	0.572004	0.427996	2.390009
18240	-2140.648	-2296.081	155.4335	1.597729	0.7125784	0.572004	0.427996	2.050561
18246	-2137.984	-2293.83	155.8464	1.597729	0.5833855	0.578961	0.421039	1.893292
18252	-2135.021	-2291.024	156.003	1.468671	0.334673	0.578961	0.421039	2.168451
18258	-2136.956	-2292.151	155.1946	1.286209	0.5082163	0.623607	0.376393	2.590106
18264	-2136.217	-2289.709	153.4917	1.092478	0.554309	0.578442	0.421558	3.677092
18270	-2129.896	-2284.107	154.2113	1.237281	0.3273543	0.683215	0.316785	3.415123
18276	-2123.797	-2277.604	153.8066	1.253764	0.3273543	0.443237	0.556763	3.641258
18282	-2120.453	-2274.255	153.8022	1.159731	0.3536363	0.560449	0.439551	3.665602
18288	-2126.441	-2280.46	154.0197	1.142701	0.2660871	0.5532	0.4468	3.665602
18294	-2119.021	-2272.525	153.5041	1.323156	0.3372339	0.601736	0.398264	3.76359
18300	-2117.229	-2272.258	155.028	1.244812	0.3372339	0.505085	0.494915	2.912645
18306	-2128.68	-2282.406	153.7253	1.145183	0.2966359	0.656789	0.343211	3.791347
18312	-2138.425	-2292.556	154.1314	1.414731	0.592077	0.595313	0.404687	3.078989
18318	-2139.284	-2293.735	154.4512	1.421253	0.5525794	0.595313	0.404687	2.918838
18324	-2129.245	-2284.299	155.0538	1.387543	0.4283161	0.588211	0.411789	2.699813
18330	-2142.861	-2297.76	154.8989	1.394966	0.6783753	0.568586	0.431414	2.550778
18336	-2139.181	-2292.714	153.5323	1.400109	0.4891077	0.677069	0.322931	3.535789
18342	-2151.116	-2305.781	154.6651	1.229022	0.2852502	0.784423	0.215577	3.209799
18348	-2134.849	-2288.97	154.121	1.204724	0.4036665	0.575818	0.424182	3.395384
18354	-2132.5	-2286.237	153.7368	1.088315	0.4667942	0.575782	0.424218	3.620271
18360	-2129.091	-2281.9	152.8092	0.9861379	0.2630042	0.532264	0.467736	4.449955
18366	-2124.495	-2277.005	152.5096	1.035106	0.374318	0.641904	0.358096	4.449955
18372	-2136.375	-2289.87	153.4949	0.9403119	0.3987994	0.605964	0.394036	3.916727
18378	-2136.358	-2288.476	152.1177	0.8260675	0.3987994	0.540692	0.459308	4.759923
18384	-2137.825	-2292.875	155.0499	1.161771	0.4095514	0.475606	0.524394	2.861207
18390	-2145.505	-2299.169	153.664	1.161771	0.3606324	0.498756	0.501244	3.735926
18396	-2140.063	-2294.569	154.5057	1.205821	0.3244793	0.498756	0.501244	3.264198
18402	-2134.056	-2289.419	155.3625	1.251027	0.2482739	0.559751	0.440249	2.834295
18408	-2137.487	-2291.992	154.5056	1.073805	0.2482739	0.673188	0.326812	3.449614
18414	-2143.112	-2295.554	152.4417	1.014119	0.4456493	0.62816	0.37184	4.423736
18420	-2123.989	-2276.108	152.1186	1.146364	0.2457528	0.480187	0.519813	4.772462
18426	-2123.266	-2276.391	153.1248	1.085025	0.3866087	0.608091	0.391909	4.059195
18432	-2123.285	-2276.768	153.4831	0.9799479	0.4162246	0.500846	0.499154	3.881754
18438	-2129.428	-2284.674	155.2461	1.207017	0.3938024	0.760177	0.239823	2.732607
18444	-2138.312	-2291.734	153.4216	1.088134	0.3699835	0.673134	0.326866	3.906729
18450	-2136.624	-2289.751	153.127	0.9649627	0.3732706	0.673529	0.326471	4.141443
18456	-2148.077	-2301.171	153.0935	1.066329	0.3406498	0.626062	0.373938	4.141443
18462	-2152.304	-2304.133	151.8289	0.9198641	0.2867825	0.50796	0.49204	5.00246
18468	-2145.081	-2297.335	152.2534	0.9493942	0.3862668	0.50796	0.49204	4.628679
18474	-2132.965	-2287.98	155.0157	1.198439	0.4154946	0.71793	0.28207	2.852938
18480	-2131.93	-2286.296	154.3661	1.198439	0.3569368	0.593545	0.406455	3.309814
18486	-2129.57	-2284.962	155.3919	1.268356	0.3283137	0.68906	0.31094	2.688601
18492	-2124.772	-2277.976	153.204	0.9736438	0.4193682	0.548414	0.451586	4.041719
18498	-2127.063	-2280.3	153.2366	1.26798	0.4193682	0.5409	0.4591	3.854503
18504	-2126.283	-2281.165	154.8815	1.283519	0.4277308	0.5409	0.4591	2.868881
18510	-2131.069	-2285.928	154.8586	1.289663	0.4369029	0.650523	0.349477	2.868881
18516	-2124.942	-2277.865	152.9237	1.012474	0.5043947	0.650523	0.349477	4.09455
18522	-2130.115	-2284.622	154.5071	1.140738	0.484075	0.650523	0.349477	3.119694
18528	-2152.964	-2306.969	154.0053	1.265779	0.2924323	0.633307	0.366693	3.565263
18534	-2146.629	-2300.977	154.3483	1.252573	0.2316464	0.645695	0.354305	3.463125
18540	-2138.33	-2291.345	153.015	1.261582	0.4166622	0.605986	0.394014	3.988078
18546	-2141.57	-2295.269	153.6996	0.994895	0.2760625	0.569152	0.430848	3.92078
18552	-2152.197	-2305.039	152.8419	1.083195	0.1852	0.864322	0.135678	4.499798
18558	-2143.183	-2297.485	154.3018	1.083195	0.3416994	0.842114	0.157886	3.434129
18564	-2146.69	-2301.24	154.5505	1.139717	0.3048012	0.501933	0.498067	3.303033
18570	-2139.76	-2294.03	154.2699	1.146696	0.4107749	0.549501	0.450499	3.334068
18576	-2146.821	-2301.385	154.5644	1.0416	0.3400503	0.549501	0.450499	3.306432
18582	-2129.931	-2284.186	154.2554	1.35617	0.3219815	0.623583	0.376417	3.326395
18588	-2134.594	-2289.434	154.8398	1.401078	0.6181649	0.644705	0.355295	2.634909
18594	-2133.014	-2285.638	152.6235	0.988806	0.5764855	0.655696	0.344304	4.214446
18600	-2127.644	-2280.716	153.0715	1.081079	0.2871143	0.577923	0.422077	4.214446
18606	-2132.817	-2286.488	153.6713	1.304846	0.2871143	0.666398	0.333602	3.743429
18612	-2125.323	-2281.036	155.7127	1.368185	0.3324126	0.618416	0.381584	2.421486
18618	-2131.8	-2286.589	154.7892	1.253873	0.3206427	0.558009	0.441991	3.072465
18624	-2134.296	-2287.675	153.3789	1.014854	0.2588663	0.516175	0.483825	4.117169
18630	-2133.156	-2286.076	152.9203	0.8988507	0.3570736	0.59568	0.40432	4.31496
18636	-2133.209	-2285.279	152.07	1.016621	0.3570736	0.59568	0.40432	4.726831
18642	-2136.496	-2289.648	153.1528	0.9992908	0.432481	0.681562	0.318438	4.04245
18648	-2132.195	-2284.911	152.7161	0.9835896	0.4954227	0.516008	0.483992	4.237331
18654	-2124.66	-2277.406	152.7454	0.9057635	0.4588535	0.511264	0.488736	4.300191
18660	-2122.014	-2276.429	154.415	1.124685	0.2924807	0.60283	0.39717	3.408352
18666	-2115.256	-2268.587	153.3312	0.9780021	0.483489	0.574488	0.425512	3.901266
18672	-2126.819	-2280.433	153.614	1.199334	0.3690425	0.661055	0.338945	3.733138
18678	-2124.816	-2278.669	153.8527	1.19123	0.2871614	0.555842	0.444158	3.704223
18684	-2123.055	-2276.1	153.0445	1.022714	0.3021642	0.670447	0.329553	4.242783
18690	-2120.595	-2275.302	154.7073	1.292482	0.366832	0.584832	0.415168	3.039414
18696	-2125.33	-2280.641	155.3106	1.130552	0.4347363	0.642814	0.357186	2.692742
18702	-2131.924	-2284.913	152.9887	1.229313	0.2603572	0.497771	0.502229	4.214837
18708	-2129.408	-2281.793	152.3848	1.063317	0.4054637	0.738637	0.261363	4.469948
18714	-2125.829	-2280.628	154.7986	1.251917	0.3068317	0.540998	0.459002	3.086643
18720	-2129.124	-2282.829	153.705	1.29662	0.3964125	0.538324	0.461676	3.592682
18726	-2127.674	-2283.027	155.3535	1.326904	0.3719981	0.482038	0.517962	2.619463
18732	-2134.502	-2288.55	154.0479	1.348952	0.3231046	0.640813	0.359187	3.450885
18738	-2124.947	-2279.175	154.228	1.112431	0.2640957	0.640813	0.359187	3.565218
18744	-2131.437	-2286.634	155.1975	1.229985	0.2675155	0.598814	0.401186	2.917046
18750	-2121.333	-2275.617	154.2837	1.20061	0.2686738	0.682732	0.317268	3.474674
18756	-2114.358	-2267.166	152.8082	0.9944496	0.3186449	0.635183	0.364817	4.37114
18762	-2130.18	-2282.874	152.6934	1.158288	0.2972471	0.625749	0.374251	4.37114
18768	-2126.592	-2280.076	153.4843	1.036775	0.4577451	0.625749	0.374251	3.805049
18774	-2121.217	-2275.18	153.9622	1.194775	0.3856133	0.582025	0.417975	3.514567
18780	-2122.185	-2275.241	153.0565	1.308247	0.4854353	0.562816	0.437184	3.867525
18786	-2127.177	-2279.616	152.4392	1.157703	0.2951503	0.537428	0.462572	4.517492
18792	-2129.003	-2283.898	154.8957	1.316185	0.2855644	0.729054	0.270946	3.020046
18798	-2128.733	-2284.157	155.4239	1.316185	0.5224532	0.56433	0.43567	2.413716
18804	-2131.095	-2286.462	155.367	1.468058	0.4654991	0.591263	0.408737	2.413716
18810	-2148.428	-2304.05	155.6219	1.474357	0.6877587	0.544113	0.455887	2.0289
18816	-2131.517	-2286.523	155.0057	1.462544	0.5968089	0.630952	0.369048	2.512928
18822	-2131.739	-2287.524	155.7854	1.315976	0.4428069	0.795398	0.204602	2.269889
18828	-2129.071	-2284.077	155.0068	1.370882	0.485358	0.668308	0.331692	2.677178
18834	-2141.875	-2299.045	157.1702	1.774271	0.3439116	0.654314	0.345686	1.068015
18840	-2149.467	-2303.099	153.6322	1.24259	0.3690139	0.633243	0.366757	3.697711
18846	-2142.939	-2297.407	154.4681	1.273733	0.3690139	0.523612	0.476388	3.190402
18852	-2131.356	-2286.606	155.2506	1.277862	0.2617953	0.420583	0.579417	2.86475
18858	-2130.125	-2284.828	154.703	1.162739	0.3105087	0.485826	0.514174	3.191564
18864	-2138.198	-2292.834	154.6363	1.166486	0.2792536	0.593193	0.406807	3.272368
18870	-2136.538	-2289.787	153.249	0.8731056	0.4245754	0.504985	0.495015	4.067871
18876	-2132.943	-2286.053	153.1104	0.9121559	0.3024833	0.622799	0.377201	4.267624
18882	-2142.248	-2295.124	152.8757	0.9292544	0.4062401	0.533654	0.466346	4.267624
18888	-2140.679	-2292.798	152.1192	0.8801957	0.3629709	0.715036	0.284964	4.768746
18894	-2130.239	-2283.652	153.4123	1.067913	0.3228809	0.536915	0.463085	3.980913
18900	-2134.622	-2288.666	154.0438	1.067913	0.3907198	0.594978	0.405022	3.53505
18906	-2127.571	-2280.103	152.531	0.8633743	0.3907198	0.632983	0.367017	4.516194
18912	-2135.962	-2288.314	152.3514	0.9072398	0.2551318	0.658401	0.341599	4.762286
18918	-2132.44	-2285.525	153.0852	0.9464652	0.3432253	0.491784	0.508216	4.211101
18924	-2127.983	-2279.614	151.6311	1.030341	0.242524	0.55801	0.44199	5.112961
18930	-2134.057	-2286.729	152.6721	1.102657	0.4804031	0.680958	0.319042	4.209091
18936	-2126.683	-2281.03	154.3476	1.20678	0.3589636	0.612915	0.387085	3.313347
18942	-2134.471	-2288.821	154.3501	1.20423	0.3589636	0.612915	0.387085	3.313347
18948	-2148.272	-2301.513	153.2415	1.200735	0.4057852	0.662652	0.337348	3.905007
18954	-2144.672	-2297.907	153.235	1.069257	0.5369568	0.668283	0.331717	3.854056
18960	-2139.689	-2292.787	153.0982	1.090534	0.5576308	0.58971	0.41029	3.901957
18966	-2124.209	-2278.503	154.294	1.071592	0.4224585	0.58971	0.41029	3.351174
18972	-2132.725	-2286.868	154.1428	0.9997476	0.4632847	0.642409	0.357591	3.438914
18978	-2133.566	-2288.278	154.7119	1.137367	0.3372419	0.612005	0.387995	3.166167
18984	-2134.246	-2288.601	154.3553	1.235485	0.471716	0.602174	0.397826	3.166167
18990	-2135.184	-2288.907	153.7228	0.9928317	0.3007046	0.602174	0.397826	3.874886
18996	-2144.956	-2298.814	153.8587	1.068542	0.2396143	0.732202	0.267798	3.840877
19002	-2141.405	-2295.041	153.6357	1.106711	0.5296724	0.478945	0.521055	3.607722
19008	-2131.979	-2285.469	153.4908	0.9005453	0.3049408	0.526374	0.473626	4.054844
19014	-2140.285	-2291.256	150.9703	0.9732881	0.3613713	0.601111	0.398889	5.356429
19020	-2131.377	-2284.965	153.5884	1.036792	0.3545521	0.632663	0.367337	3.858708
19026	-2129.342	-2284.1	154.7578	1.277619	0.387254	0.608076	0.391924	2.99347
19032	-2136.224	-2292.1	155.8756	1.277619	0.3031626	0.493339	0.506661	2.417291
19038	-2136.923	-2292.733	155.8101	1.30004	0.4116709	0.493339	0.506661	2.301026
19044	-2135.471	-2289.092	153.6218	1.246196	0.4223286	0.493339	0.506661	3.641631
19050	-2146.844	-2300.965	154.1203	1.103206	0.4986766	0.783247	0.216753	3.356199
19056	-2137.598	-2291.799	154.2004	1.195249	0.4986766	0.49119	0.50881	3.254777
19062	-2135.025	-2289.342	154.3168	1.078786	0.4986766	0.572597	0.427403	3.254777
19068	-2140.248	-2293.855	153.6071	1.078786	0.3402451	0.619939	0.380061	3.841244
19074	-2141.568	-2292.771	151.2025	0.9936418	0.3198644	0.53082	0.46918	5.266198
19080	-2138.8	-2292.529	153.7295	0.9793782	0.4030332	0.579578	0.420422	3.754696
19086	-2142.682	-2296.247	153.5649	1.236655	0.3566442	0.696122	0.303878	3.754696
19092	-2145.655	-2300.084	154.4284	0.991837	0.3728364	0.540394	0.459606	3.375533
19098	-2145.121	-2298.502	153.381	1.109411	0.4197214	0.64595	0.35405	3.862282
19104	-2136.533	-2290.082	153.549	1.014377	0.2356026	0.602007	0.397993	4.055398
19110	-2149.076	-2304.474	155.3976	1.331865	0.5292661	0.659508	0.340492	2.413545
19116	-2132.884	-2288.005	155.1207	1.164527	0.2824751	0.709718	0.290282	2.980501
19122	-2136.411	-2290.726	154.3149	1.250568	0.5037886	0.597783	0.402217	3.149124
19128	-2133.983	-2288.66	154.6772	1.260075	0.4115429	0.559955	0.440045	3.024242
19134	-2129.065	-2283.185	154.1204	1.168606	0.5227944	0.583735	0.416265	3.294516
19140	-2127.853	-2282.887	155.0334	1.318829	0.2600794	0.583735	0.416265	2.973719
19146	-2136.916	-2292.846	155.9299	1.318829	0.3767136	0.583735	0.416265	2.255876
19152	-2131.081	-2287.407	156.326	1.480027	0.4488428	0.491407	0.508593	1.794698
19158	-2130.083	-2286.129	156.0464	1.430598	0.4488428	0.651379	0.348621	2.017857
19164	-2139.177	-2295.008	155.8309	1.55359	0.6251268	0.569492	0.430508	1.892734
19170	-2144.181	-2300.457	156.276	1.560348	0.5058084	0.569492	0.430508	1.705355
19176	-2138.652	-2294.329	155.6762	1.560348	0.5672435	0.60101	0.39899	2.048569
19182	-2144.226	-2299.532	155.3059	1.103964	0.366318	0.58541	0.41459	2.792545
19188	-2144.904	-2300.694	155.7901	1.469861	0.5507229	0.519335	0.480665	2.049805
19194	-2138.917	-2294.55	155.6326	1.402793	0.6930859	0.59716	0.40284	2.064565
19200	-2126.547	-2281.604	155.0564	1.399733	0.5796437	0.549006	0.450994	2.536257
19206	-2131.723	-2286.861	155.1383	1.523971	0.2893541	0.680165	0.319835	2.742004
19212	-2134.916	-2289.428	154.5118	1.185417	0.4679706	0.581015	0.418985	3.106708
19218	-2143.804	-2298.033	154.229	1.163052	0.4649224	0.503068	0.496932	3.290663
19224	-2132.61	-2286.991	154.3808	1.176383	0.3764346	0.508851	0.491149	3.290663
19230	-2132.235	-2286.632	154.3965	1.401339	0.3293387	0.578196	0.421804	3.20685
19236	-2141.039	-2297.225	156.186	1.51711	0.4222578	0.56542	0.43458	1.898497
19242	-2133.776	-2290.205	156.4287	1.536427	0.4021599	0.614577	0.385423	1.743984
19248	-2147.307	-2303.793	156.4857	1.536427	0.3732071	0.600322	0.399678	1.743984
19254	-2138.761	-2294.912	156.1504	1.419329	0.3901204	0.554958	0.445042	2.029066
19260	-2130.371	-2285.792	155.4204	1.419329	0.4971223	0.593321	0.406679	2.376805
19266	-2139.721	-2295.055	155.3336	1.419329	0.4340597	0.624457	0.375543	2.500395
19272	-2135.235	-2290.297	155.0626	1.267501	0.3280166	0.560391	0.439609	2.890155
19278	-2153.49	-2307.757	154.2668	1.185143	0.496617	0.569892	0.430108	3.223505
19284	-2156.146	-2310.406	154.2604	1.194845	0.3858382	0.606548	0.393452	3.339669
19290	-2140.293	-2292.153	151.8597	1.062378	0.2915159	0.604149	0.395851	4.899826
19296	-2144.736	-2295.932	151.196	1.047321	0.2835878	0.667197	0.332803	5.286691
19302	-2137.551	-2292.989	155.4379	1.181836	0.3162363	0.712669	0.287331	2.729932
19308	-2154.813	-2309.99	155.1777	1.209904	0.3162363	0.536934	0.463066	2.871275
19314	-2135.071	-2288.993	153.9217	1.10998	0.3121953	0.511318	0.488682	3.677516
19320	-2141.152	-2296.345	155.1928	1.420169	0.554788	0.523608	0.476392	2.461746
19326	-2140.092	-2295.52	155.4274	1.373235	0.5924748	0.577151	0.422849	2.307206
19332	-2127.813	-2282.07	154.257	1.152057	0.468914	0.499023	0.500977	3.276562
19338	-2134.392	-2288.818	154.4252	1.334318	0.3573818	0.687658	0.312342	3.194093
19344	-2126.307	-2282.268	155.9608	1.379039	0.3251353	0.563554	0.436446	2.267101
19350	-2130.386	-2285.773	155.3865	1.342324	0.5441873	0.563554	0.436446	2.399114
19356	-2135.13	-2289.054	153.9246	1.166259	0.2871591	0.519431	0.480569	3.677086
19362	-2139.275	-2294.4	155.1246	1.157868	0.3127002	0.770811	0.229189	2.9396
19368	-2153.775	-2309.292	155.5178	1.157868	0.3127002	0.566705	0.433295	2.700576
19374	-2157.566	-2312.441	154.875	1.166077	0.3355614	0.721526	0.278474	3.054017
19380	-2145.569	-2300.041	154.4725	1.229972	0.4900241	0.514117	0.485883	3.081157
19386	-2139.001	-2293.894	154.8935	1.318823	0.6767285	0.631431	0.368569	2.602739
19392	-2146.281	-2300.771	154.4899	1.14924	0.4251845	0.598635	0.401365	3.186726
19398	-2147.469	-2301.038	153.5695	1.110839	0.4251845	0.582806	0.417194	3.747112
19404	-2132.81	-2286.113	153.3034	1.125364	0.3497453	0.608686	0.391314	3.977095
19410	-2137.595	-2292.337	154.7418	1.128142	0.2557093	0.532973	0.467027	3.26754
19416	-2134.025	-2287.417	153.3919	1.04676	0.3045251	0.620413	0.379587	4.028373
19422	-2145.012	-2298.07	153.0577	0.9230039	0.5006497	0.55096	0.44904	4.072685
19428	-2138.176	-2290.045	151.8691	1.048052	0.2653626	0.527907	0.472093	4.938123
19434	-2131.497	-2285.407	153.9091	1.282127	0.4332803	0.777697	0.222303	3.441725
19440	-2134.043	-2286.866	152.8235	1.158224	0.2708062	0.599362	0.400638	4.333741
19446	-2133.707	-2286.568	152.8611	1.171033	0.3349774	0.622062	0.377938	4.220951
19452	-2153.117	-2306.164	153.0471	1.031689	0.2726485	0.651893	0.348107	4.276271
19458	-2133.79	-2287.108	153.318	1.121951	0.2726485	0.651893	0.348107	4.071114
19464	-2138.271	-2293.192	154.9218	1.151806	0.3258602	0.685848	0.314152	3.047279
19470	-2118.932	-2270.547	151.6155	1.151806	0.605035	0.575782	0.424218	4.666933
19476	-2122.614	-2276.174	153.5597	1.441136	0.3946448	0.557984	0.442016	3.595118
19482	-2118.056	-2271.093	153.037	1.126834	0.3060868	0.67519	0.32481	4.182823
19488	-2119.073	-2272.25	153.1766	1.097541	0.3481003	0.67684	0.32316	4.067365
19494	-2132.549	-2284.333	151.7837	1.066013	0.4485516	0.569979	0.430021	4.760954
19500	-2130.106	-2283.81	153.7036	1.292082	0.2745318	0.736898	0.263102	3.74978
19506	-2134.284	-2287.632	153.3482	1.292082	0.2312054	0.666526	0.333474	4.018382
19512	-2142.397	-2298.215	155.8177	1.493135	0.3289201	0.565393	0.434607	2.280337
19518	-2129.207	-2284.519	155.3118	1.305812	0.5448148	0.562886	0.437114	2.468478
19524	-2134.052	-2286.874	152.8224	0.9089596	0.4461236	0.605557	0.394443	4.267563
19530	-2137.696	-2289.333	151.6373	0.9731631	0.4893133	0.605557	0.394443	4.855099
19536	-2140.157	-2292.032	151.8748	1.109931	0.2989713	0.673592	0.326408	4.855099
19542	-2129.113	-2281.027	151.9142	0.9006149	0.3776495	0.673592	0.326408	4.855099
19548	-2134.247	-2285.531	151.284	0.9767235	0.3146404	0.581878	0.418122	5.236997
19554	-2140.114	-2295.974	155.8598	1.516683	0.3506738	0.678034	0.321966	2.207997
19560	-2128.106	-2284.599	156.4934	1.618567	0.262569	0.653696	0.346304	1.854617
19566	-2123.077	-2277.931	154.8536	1.380882	0.262569	0.653696	0.346304	3.040534
19572	-2131.158	-2286.867	155.7092	1.509825	0.4288643	0.653696	0.346304	2.210485
19578	-2128.252	-2284.169	155.9177	1.410427	0.3722723	0.653696	0.346304	2.210485
19584	-2137.643	-2292.396	154.7532	1.10929	0.3562431	0.574577	0.425423	3.134351
19590	-2142.911	-2297.164	154.2527	1.081671	0.2738755	0.620193	0.379807	3.554546
19596	-2129.835	-2283.652	153.8173	1.28385	0.2612894	0.640671	0.359329	3.708057
19602	-2140.117	-2293.166	153.0496	1.228049	0.215196	0.610201	0.389799	4.250143
19608	-2138.634	-2293.983	155.3489	1.46805	0.3502701	0.591971	0.408029	2.562682
19614	-2155.655	-2310.13	154.4753	1.098841	0.3958986	0.649001	0.350999	3.258022
19620	-2143.142	-2298.873	155.7312	1.43323	0.393299	0.63923	0.36077	2.288876
19626	-2145.94	-2300.359	154.4186	1.402236	0.2999703	0.552485	0.447515	3.232518
19632	-2135.841	-2289.453	153.612	1.237449	0.5711493	0.711846	0.288154	3.508164
19638	-2135.646	-2289.382	153.7354	1.237449	0.4932379	0.595566	0.404434	3.508164
19644	-2132.573	-2287.21	154.6375	1.23958	0.3304112	0.629433	0.370567	3.158442
19650	-2138.212	-2292.861	154.6481	1.300617	0.3620603	0.564929	0.435071	3.075757
19656	-2127.105	-2279.267	152.1622	1.12327	0.474244	0.633064	0.366936	4.491441
19662	-2158.34	-2312.261	153.921	1.217996	0.5337907	0.570941	0.429059	3.372463
19668	-2154.74	-2309.454	154.7138	1.237186	0.3454705	0.530163	0.469837	3.095154
19674	-2148.53	-2300.255	151.7249	1.057917	0.4968497	0.445705	0.554295	4.751928
19680	-2151.055	-2306.346	155.2907	1.237186	0.4207482	0.627952	0.372048	2.655228
19686	-2153.139	-2308.136	154.9962	1.338874	0.3213768	0.601287	0.398713	2.896087
19692	-2126.416	-2282.313	155.8965	1.305337	0.2873906	0.617362	0.382638	2.410058
19698	-2131.946	-2286.517	154.5711	1.279825	0.3184419	0.57059	0.42941	3.189716
19704	-2142.908	-2297.598	154.6893	1.088723	0.3520566	0.550606	0.449394	3.189716
19710	-2129.134	-2283.388	154.254	1.238991	0.5752135	0.640159	0.359841	3.12562
19716	-2136.043	-2291.583	155.5405	1.393078	0.5448828	0.537431	0.462569	2.268113
19722	-2130.203	-2285.739	155.5361	1.506843	0.4777365	0.598433	0.401567	2.268113
19728	-2134.25	-2289.345	155.0957	1.451076	0.622423	0.589891	0.410109	2.440667
19734	-2140.196	-2296.176	155.9802	1.424138	0.3935449	0.537481	0.462519	2.133548
19740	-2144.313	-2298.013	153.7002	1.022281	0.3199594	0.499883	0.500117	3.845764
19746	-2141.375	-2294.243	152.8677	0.9605551	0.3812016	0.533839	0.466161	4.282075
19752	-2133.73	-2285.207	151.4773	0.9605551	0.5104818	0.571425	0.428575	4.931724
19758	-2136.334	-2287.893	151.5593	1.060848	0.403617	0.609046	0.390954	4.935188
19764	-2128.96	-2281.645	152.6852	1.063023	0.6262332	0.609046	0.390954	4.096133
19770	-2118.114	-2271.291	153.1774	1.179447	0.2887444	0.649123	0.350877	4.096133
19776	-2127.959	-2280.843	152.8842	1.007623	0.4607563	0.50726	0.49274	4.161885
19782	-2131.813	-2283.13	151.317	0.9759159	0.274566	0.519741	0.480259	5.271451
19788	-2137.577	-2291.783	154.2059	1.117535	0.2825964	0.846189	0.153811	3.548482
19794	-2134.497	-2288.626	154.129	1.192225	0.3794818	0.744586	0.255414	3.425736
19800	-2150.572	-2305.693	155.1211	1.336581	0.2282083	0.666372	0.333628	2.961114
19806	-2141.388	-2294.604	153.2165	1.157941	0.5938616	0.617438	0.382562	3.764005
19812	-2138.444	-2292.592	154.1474	1.097512	0.5224087	0.598982	0.401018	3.320821
19818	-2135.084	-2288.058	152.9743	1.097512	0.5934783	0.622911	0.377089	3.938182
19824	-2156.081	-2308.064	151.9834	1.061436	0.3295188	0.782975	0.217025	4.783024
19830	-2142.36	-2297.472	155.1124	1.138921	0.319269	0.622911	0.377089	2.949403
19836	-2125.466	-2280.518	155.0519	1.06958	0.332642	0.57144	0.42856	3.009675
19842	-2128.923	-2282.617	153.6937	1.142549	0.4222014	0.659105	0.340895	3.660193
19848	-2133.044	-2285.716	152.6721	0.9479464	0.3565916	0.571228	0.428772	4.427979
19854	-2130.076	-2282.835	152.7586	0.9470955	0.3169719	0.695293	0.304707	4.427979
19860	-2131.255	-2285.145	153.89	1.155213	0.2885477	0.631048	0.368952	3.701568
19866	-2132.268	-2286.274	154.006	1.155213	0.4028748	0.614929	0.385071	3.492497
19872	-2142.153	-2296.464	154.3119	1.206231	0.2590937	0.706343	0.293657	3.469064
19878	-2148.068	-2301.02	152.952	1.101327	0.5320424	0.625274	0.374726	4.002263
19884	-2142.031	-2296.297	154.2659	1.142511	0.3512585	0.556343	0.443657	3.40851
19890	-2123.803	-2278.091	154.2874	1.175096	0.3656197	0.624243	0.375757	3.359287
19896	-2118.039	-2272.159	154.1205	1.175096	0.453481	0.774487	0.225513	3.359287
19902	-2117.142	-2271.824	154.6817	1.258342	0.3909953	0.66295	0.33705	3.046229
19908	-2127.196	-2281.258	154.0628	1.164431	0.3909953	0.642571	0.357429	3.467385
19914	-2128.963	-2283.278	154.3154	1.384983	0.4624821	0.570448	0.429552	3.110502
19920	-2134.713	-2289.524	154.8105	1.384983	0.2863962	0.710162	0.289838	3.028676
19926	-2125.99	-2282.388	156.3985	1.541205	0.2423595	0.63373	0.36627	2.006288
19932	-2130.586	-2286.412	155.8254	1.419062	0.6049747	0.610614	0.389386	2.006288
19938	-2133.691	-2289.582	155.8911	1.287272	0.4255076	0.549731	0.450269	2.240718
19944	-2134.033	-2289.036	155.0033	1.282645	0.4130745	0.711571	0.288429	2.812104
19950	-2126.966	-2281.437	154.4708	1.282645	0.4447604	0.767624	0.232376	3.097563
19956	-2140.441	-2295.218	154.7767	1.282645	0.2379753	0.690781	0.309219	3.183122
19962	-2135.997	-2291.427	155.4298	1.282645	0.4454083	0.461201	0.538799	2.512858
19968	-2139.784	-2294.186	154.4019	1.208394	0.3161373	0.787177	0.212823	3.334873
19974	-2119.61	-2273.943	154.3336	1.24023	0.3161373	0.592863	0.407137	3.356316
19980	-2117.291	-2271.216	153.925	1.115289	0.3077601	0.600464	0.399536	3.678398
19986	-2126.749	-2279.688	152.9387	1.08174	0.3344893	0.634583	0.365417	4.228152
19992	-2124.882	-2277.798	152.9153	1.10512	0.3344893	0.627974	0.372026	4.228152
19998	-2119.927	-2272.724	152.7971	0.9788171	0.242608	0.627974	0.372026	4.490733
20004	-2122.579	-2276.906	154.3268	1.222376	0.3150619	0.627974	0.372026	3.37218
20010	-2134.514	-2286.1	151.5853	1.098975	0.3150619	0.492708	0.507292	5.00178
20016	-2137.895	-2289.606	151.711	1.191544	0.2275151	0.635648	0.364352	5.00178
20022	-2129.929	-2283.889	153.9606	1.157011	0.4041792	0.540841	0.459159	3.516476
20028	-2130.953	-2285.955	155.0021	1.228662	0.4346024	0.516012	0.483988	2.82137
20034	-2126.656	-2282.184	155.5287	1.416712	0.5040402	0.692469	0.307531	2.302383
20040	-2143.212	-2298.416	155.2034	1.304231	0.5507063	0.658059	0.341941	2.531528
20046	-2132.526	-2288.22	155.6941	1.352914	0.3497751	0.658059	0.341941	2.419379
20052	-2140.995	-2295.363	154.3683	1.196867	0.4552953	0.758411	0.241589	3.198343
20058	-2151.247	-2304.25	153.0026	1.154672	0.3856568	0.583146	0.416854	4.090222
20064	-2144.717	-2300.409	155.6925	1.339973	0.3019032	0.753053	0.246947	2.494953
20070	-2132.766	-2287.505	154.7392	1.186522	0.3970613	0.546429	0.453571	3.047734
20076	-2137.241	-2291.656	154.4159	1.406825	0.519659	0.616735	0.383265	2.979983
20082	-2148.2	-2300.836	152.6364	1.47787	0.3836703	0.616735	0.383265	4.116934
20088	-2142.743	-2296.053	153.3097	1.209296	0.2877864	0.561299	0.438701	4.004947
20094	-2145.249	-2298.346	153.0965	1.253995	0.1791569	0.555154	0.444846	4.270469
20100	-2126.293	-2280.186	153.8938	1.204905	0.2380281	0.614982	0.385018	3.744596
20106	-2127.084	-2279.701	152.6173	1.224226	0.2585901	0.659665	0.340335	4.430296
20112	-2129.873	-2283.933	154.0596	1.239599	0.2151391	0.616879	0.383121	3.665432
20118	-2127.249	-2281.966	154.7172	1.239599	0.2508677	0.63338	0.36662	3.223641
20124	-2115.318	-2269.762	154.4442	1.387934	0.3001351	0.577474	0.422526	3.22562
20130	-2126.728	-2280.673	153.9452	1.387934	0.3658725	0.679213	0.320787	3.434864
20136	-2131.8	-2284.675	152.8749	1.256259	0.361119	0.706537	0.293463	4.13328
20142	-2131.413	-2286.058	154.6459	1.289105	0.3582953	0.689987	0.310013	3.08862
20148	-2139.405	-2294.118	154.7128	1.315734	0.4799786	0.558665	0.441335	2.895541
20154	-2123.558	-2278.729	155.1701	1.171353	0.3268793	0.677309	0.322691	2.884841
20160	-2123.681	-2279.67	155.989	1.499007	0.2654236	0.677309	0.322691	2.262343
20166	-2129.354	-2285.866	156.5124	1.64876	0.2622515	0.636402	0.363598	1.821325
20172	-2135.74	-2291.125	155.385	1.518084	0.7465045	0.573577	0.426423	2.106738
20178	-2148.188	-2304.443	156.2547	1.60176	0.393798	0.573577	0.426423	1.83068
20184	-2153.797	-2310.377	156.5794	1.619034	0.560407	0.678286	0.321714	1.37259
20190	-2150.458	-2307.107	156.649	1.619034	0.4965021	0.693133	0.306867	1.397743
20196	-2141.15	-2298.092	156.9422	1.619034	0.2788785	0.592054	0.407946	1.505376
20202	-2131.023	-2286.739	155.7154	1.619034	0.5100945	0.602952	0.397048	2.043208
20208	-2135.602	-2291.405	155.8028	1.515845	0.2099973	0.616245	0.383755	2.464712
20214	-2137.229	-2291.914	154.6845	1.341422	0.4192174	0.692254	0.307746	2.962349
20220	-2133.205	-2286.455	153.2496	1.233547	0.2135803	0.692254	0.307746	4.136085
20226	-2126.114	-2279.506	153.3928	1.159522	0.3768003	0.508661	0.491339	3.874395
20232	-2139.16	-2292.417	153.2571	1.226733	0.4119634	0.595179	0.404821	3.874395
20238	-2126.043	-2279.778	153.7346	1.094651	0.4820859	0.600738	0.399262	3.602657
20244	-2122.519	-2276.659	154.1407	1.212871	0.2696003	0.567907	0.432093	3.549507
20250	-2140.572	-2296.9	156.3282	1.859017	0.7763214	0.648422	0.351578	1.138887
20256	-2127.45	-2284.341	156.8912	1.86638	0.3957365	0.633731	0.366269	1.142473
20262	-2125.871	-2282.732	156.8606	1.86638	0.4673157	0.591859	0.408141	1.050005
20268	-2120.247	-2277.374	157.1272	1.749726	0.3565956	0.630802	0.369198	1.105818
20274	-2133.519	-2290.024	156.5052	1.812935	0.5668357	0.550195	0.449805	1.268422
20280	-2134.908	-2291.213	156.3046	1.812935	0.6496866	0.714335	0.285665	1.334315
20286	-2135.747	-2291.844	156.097	1.750551	0.7061396	0.571431	0.428569	1.485341
20292	-2134.447	-2290.569	156.1219	1.598845	0.4539717	0.57762	0.42238	1.847226
20298	-2150.936	-2306.796	155.8606	1.794454	0.8054908	0.653945	0.346055	1.537732
20304	-2136.042	-2288.877	152.8353	1.197757	0.2376444	0.728238	0.271762	4.353242
20310	-2137.246	-2290.257	153.0106	1.149894	0.1931487	0.532339	0.467661	4.353242
20316	-2138.169	-2290.925	152.7569	0.8610341	0.326516	0.708322	0.291678	4.465435
20322	-2135.948	-2288.496	152.5484	1.058676	0.3314458	0.487095	0.512905	4.465435
20328	-2135.676	-2289.75	154.0737	1.221803	0.3723161	0.667943	0.332057	3.449221
20334	-2132.745	-2286.167	153.4225	1.009796	0.3265192	0.559047	0.440953	4.00369
20340	-2135.601	-2288.088	152.4865	0.9783512	0.8402621	0.559047	0.440953	4.103532
20346	-2146.695	-2299.21	152.5157	0.8969966	0.534261	0.505231	0.494769	4.364129
20352	-2134.626	-2286.384	151.7578	1.00951	0.2995943	0.641145	0.358855	4.975326
20358	-2116.211	-2268.85	152.6391	1.090594	0.4655519	0.504498	0.495502	4.249117
20364	-2132.892	-2285.915	153.0227	1.24666	0.4508625	0.596303	0.403697	3.956508
20370	-2125.889	-2279.397	153.5077	1.195733	0.3793195	0.561176	0.438824	3.784603
20376	-2136.089	-2289.025	152.9356	1.209967	0.2804677	0.571092	0.428908	4.227527
20382	-2139.858	-2295.946	156.0878	1.345762	0.3656104	0.555094	0.444906	2.15084
20388	-2153.959	-2310.262	156.3026	1.404383	0.3656104	0.529597	0.470403	1.970293
20394	-2147.085	-2301.657	154.5719	1.255733	0.4692061	0.635209	0.364791	3.027477
20400	-2135.313	-2290.544	155.231	1.308269	0.3827883	0.544026	0.455974	2.693098
20406	-2140.589	-2296.37	155.7803	1.308269	0.2716766	0.544026	0.455974	2.505216
20412	-2138.415	-2293.465	155.0503	1.420597	0.3237665	0.550358	0.449642	2.810465
20418	-2126.589	-2281.453	154.8639	1.237915	0.3390188	0.652922	0.347078	3.01317
20424	-2144.185	-2296.842	152.657	0.9159328	0.5688089	0.599691	0.400309	4.243294
20430	-2128.022	-2283.863	155.8413	1.550336	0.4959766	0.717971	0.282029	2.020624
20436	-2139.026	-2295.294	156.2677	1.554829	0.4553414	0.473107	0.526893	1.775259
20442	-2134.897	-2289.523	154.6255	1.292865	0.4697569	0.634056	0.365944	2.972479
20448	-2127.315	-2281.654	154.3397	1.103321	0.2747923	0.682736	0.317264	3.489885
20454	-2134.252	-2286.284	152.0326	1.106309	0.2704046	0.593458	0.406542	4.807509
20460	-2123.803	-2277.658	153.8556	1.271258	0.4711276	0.521891	0.478109	3.440105
20466	-2120.076	-2274.284	154.2076	1.108777	0.3319243	0.518733	0.481267	3.48656
20472	-2120.575	-2275.082	154.5069	1.160893	0.3319243	0.653114	0.346886	3.280368
20478	-2115.389	-2270.124	154.7347	1.211171	0.2795207	0.672977	0.327023	3.187321
20484	-2126.643	-2281.669	155.0256	1.338041	0.4279719	0.63487	0.36513	2.747807
20490	-2133.661	-2288.964	155.3022	1.381767	0.4341991	0.631361	0.368639	2.543221
20496	-2137.867	-2291.426	153.5585	1.228451	0.4424393	0.742896	0.257104	3.667286
20502	-2124.751	-2279.096	154.3452	1.338549	0.2612012	0.596212	0.403788	3.368902
20508	-2121.177	-2276.281	155.104	1.249599	0.3492535	0.564897	0.435103	2.848265
20514	-2128.78	-2282.603	153.8235	1.263223	0.2397131	0.564897	0.435103	3.748893
20520	-2126.672	-2278.625	151.9523	0.955438	0.3591093	0.605917	0.394083	4.82437
20526	-2137.648	-2292.299	154.6509	1.180363	0.2535787	0.605266	0.394734	3.29364
20532	-2134.386	-2288.56	154.1744	1.078909	0.383117	0.551145	0.448855	3.461208
20538	-2133.636	-2289.093	155.4577	1.255162	0.383117	0.632968	0.367032	2.585639
20544	-2127.398	-2282.354	154.9565	1.240071	0.3264119	0.619271	0.380729	2.972785
20550	-2126.752	-2280.97	154.2178	1.234755	0.3893799	0.619271	0.380729	3.337154
20556	-2131.6	-2287.624	156.0238	1.47777	0.4157919	0.483728	0.516272	2.041613
20562	-2130.898	-2286.027	155.1296	1.47777	0.622266	0.476684	0.523316	2.40263
20568	-2133.246	-2288.473	155.227	1.47777	0.8395421	0.668185	0.331815	2.164015
20574	-2118.868	-2274.715	155.8476	1.47777	0.2990935	0.585275	0.414725	2.314146
20580	-2129.701	-2286.231	156.5291	1.592197	0.3025701	0.540401	0.459599	1.781292
20586	-2131.075	-2286.892	155.817	1.35049	0.354248	0.625445	0.374555	2.337185
20592	-2132.025	-2285.972	153.947	1.210232	0.4024189	0.475933	0.524067	3.495334
20598	-2137.41	-2290.277	152.8678	1.010113	0.3108507	0.603556	0.396444	4.338608
20604	-2136.632	-2290.089	153.4573	1.189972	0.2146787	0.603556	0.396444	4.040847
20610	-2131.15	-2286.413	155.2627	1.496327	0.7380407	0.648726	0.351274	2.207381
20616	-2128.459	-2284.667	156.2079	1.547273	0.4189127	0.709434	0.290566	1.867253
20622	-2149.198	-2306.07	156.8715	1.593534	0.4018606	0.53385	0.46615	1.375736
20628	-2158.521	-2315.355	156.8341	1.861267	0.5161671	0.536641	0.463359	1.001052
20634	-2145.417	-2300.787	155.3699	1.448487	0.4223302	0.602737	0.397263	2.47291
20640	-2132.948	-2287.561	154.6127	1.388095	0.6938714	0.701781	0.298219	2.719032
20646	-2132.045	-2287.312	155.2667	1.324508	0.4676371	0.605979	0.394021	2.563984
20652	-2126.581	-2281.25	154.6693	1.441494	0.6090302	0.598542	0.401458	2.722933
20658	-2138.981	-2293.78	154.7985	1.33333	0.4207195	0.719094	0.280906	2.896792
20664	-2145.44	-2300.306	154.8666	1.408691	0.6956934	0.563393	0.436607	2.548118
20670	-2139.614	-2294.926	155.312	1.492799	0.5081556	0.596381	0.403619	2.387403
20676	-2131.378	-2286.412	155.0333	1.484653	0.3396588	0.689846	0.310154	2.760663
20682	-2130.509	-2285.587	155.0786	1.372273	0.4812927	0.709038	0.290962	2.636334
20688	-2125.111	-2280.001	154.8899	1.306734	0.5161763	0.652555	0.347445	2.756958
20694	-2138.257	-2292.438	154.1805	1.260154	0.4170501	0.606876	0.393124	3.312975
20700	-2134.262	-2288.425	154.1635	1.317284	0.3959945	0.647897	0.352103	3.312975
20706	-2142.715	-2294.706	151.9908	1.031658	0.3959945	0.615788	0.384212	4.719004
20712	-2136.919	-2288.851	151.932	0.9278082	0.294244	0.614681	0.385319	4.930885
20718	-2137.597	-2291.436	153.8386	1.140134	0.2199153	0.627924	0.372076	3.842479
20724	-2150.403	-2305.416	155.0127	1.379588	0.3611954	0.569484	0.430516	2.8096
20730	-2155.471	-2310.763	155.2916	1.725232	0.8348075	0.571723	0.428277	1.961578
20736	-2143.547	-2299.982	156.4349	1.491083	0.3315382	0.701729	0.298271	1.870969
20742	-2146.874	-2301.746	154.8719	1.26461	0.5061168	0.618207	0.381793	2.803577
20748	-2133.714	-2287.202	153.488	1.009008	0.4272583	0.756739	0.243261	3.850474
20754	-2135.115	-2287.281	152.1661	1.122809	0.4600376	0.571553	0.428447	4.503401
20760	-2130.947	-2283.259	152.3116	0.946203	0.399881	0.663651	0.336349	4.58292
20766	-2131.441	-2283.477	152.036	1.063022	0.3051243	0.613981	0.386019	4.783389
20772	-2143.669	-2298.009	154.3409	1.02197	0.4083673	0.664208	0.335792	3.36834
20778	-2162.792	-2317.779	154.987	1.262616	0.3436222	0.737204	0.262796	2.918367
20784	-2145.059	-2298.095	153.0363	1.06606	0.2967735	0.530147	0.469853	4.229967
20790	-2131.206	-2284.484	153.2772	0.9760965	0.4059366	0.732384	0.267616	4.012957
20796	-2126.02	-2277.998	151.9781	1.039929	0.3086196	0.691357	0.308643	4.824148
20802	-2139.977	-2296.111	156.134	1.655602	0.5746517	0.602033	0.397967	1.661895
20808	-2137.771	-2293.549	155.778	1.665291	0.6374003	0.678071	0.321929	1.840865
20814	-2135.75	-2291.425	155.6754	1.664785	0.6578184	0.593214	0.406786	1.892056
20820	-2135.146	-2290.333	155.1873	1.763773	1.27102	0.593214	0.406786	1.715748
20826	-2136.456	-2292.498	156.0422	1.730022	0.5860548	0.593214	0.406786	1.662127
20832	-2132.064	-2288.524	156.46	1.730022	0.4504448	0.665102	0.334898	1.517354
20838	-2140.112	-2295.876	155.7646	1.787546	0.922209	0.665102	0.334898	1.517354
20844	-2127.948	-2281.359	153.4109	1.019101	0.2718228	0.58596	0.41404	4.077939
20850	-2141.318	-2296.057	154.7384	1.109662	0.3741249	0.635367	0.364633	3.121121
20856	-2133.582	-2287.438	153.8556	1.061506	0.3929481	0.491193	0.508807	3.645608
20862	-2141.326	-2297.606	156.2801	1.576036	0.3897743	0.575818	0.424182	1.836301
20868	-2139.038	-2295.083	156.045	1.271188	0.2499267	0.621304	0.378696	2.397019
20874	-2139.699	-2293.998	154.2991	1.302302	0.5320438	0.61559	0.38441	3.100605
20880	-2146.83	-2302.388	155.5587	1.271391	0.3339864	0.653163	0.346837	2.576133
20886	-2140.776	-2294.649	153.8733	1.218166	0.5048139	0.534802	0.465198	3.427675
20892	-2143.618	-2298.239	154.6207	1.290974	0.4406351	0.564153	0.435847	3.007367
20898	-2141.934	-2296.453	154.5192	1.238137	0.3919778	0.629967	0.370033	3.154025
20904	-2137.492	-2290.529	153.0373	1.089051	0.3369646	0.62308	0.37692	4.164981
20910	-2139.522	-2292.427	152.9056	1.000722	0.318049	0.623993	0.376007	4.313306
20916	-2138.643	-2291.555	152.9116	1.086135	0.2237844	0.555062	0.444938	4.394654
20922	-2132.697	-2287.977	155.28	1.248428	0.2237844	0.699284	0.300716	2.925907
20928	-2140.119	-2295.5	155.381	1.248428	0.4148861	0.675247	0.324753	2.599283
20934	-2125.067	-2279.918	154.8511	1.248428	0.4157616	0.509795	0.490205	2.921906
20940	-2125.099	-2278.746	153.6473	1.167086	0.3339592	0.614716	0.385284	3.775122
20946	-2134.068	-2288.898	154.8308	1.152211	0.3983692	0.697604	0.302396	3.011881
20952	-2137.783	-2291.035	153.2526	1.019581	0.4013436	0.697604	0.302396	4.007242
20958	-2135.97	-2289.821	153.851	1.019581	0.2635	0.711129	0.288871	3.837718
20964	-2129.592	-2283.262	153.6701	1.044549	0.3298181	0.643276	0.356724	3.837718
20970	-2146.164	-2299.671	153.5073	1.104263	0.3866194	0.579617	0.420383	3.829125
20976	-2134.312	-2286.83	152.5177	1.040589	0.3168878	0.679302	0.320698	4.511069
20982	-2130.839	-2285.345	154.506	1.117917	0.3512013	0.617261	0.382739	3.281908
20988	-2125.118	-2279.69	154.5716	1.263787	0.3456634	0.551258	0.448742	3.163653
20994	-2138.473	-2293.56	155.087	1.328531	0.3184324	0.683979	0.316021	2.851322
21000	-2135.29	-2289.714	154.4241	1.212788	0.2772541	0.678626	0.321374	3.372874
21006	-2141.808	-2295.704	153.8957	1.121919	0.6141364	0.611771	0.388229	3.372874
21012	-2129.797	-2284.042	154.2459	1.145045	0.3381423	0.66376	0.33624	3.435095
21018	-2139.657	-2294.164	154.5067	1.130778	0.3153488	0.676006	0.323994	3.31991
21024	-2142.628	-2296.353	153.7244	1.264108	0.2707227	0.598534	0.401466	3.759349
21030	-2139.099	-2294.397	155.2989	1.378766	0.3345659	0.715894	0.284106	2.669553
21036	-2145.99	-2300.888	154.8981	1.378915	0.3826771	0.715704	0.284296	2.853221
21042	-2147.018	-2300.808	153.7898	1.320039	0.222303	0.605838	0.394162	3.7631
21048	-2150.378	-2305.069	154.6911	1.282634	0.4134684	0.539587	0.460413	3.000188
21054	-2136.632	-2291.551	154.9195	1.257099	0.3149306	0.542168	0.457832	3.000188
21060	-2134.45	-2288.315	153.8644	1.181828	0.4920687	0.682875	0.317125	3.46648
21066	-2136.945	-2289.536	152.5913	1.143249	0.3378623	0.653544	0.346456	4.385753
21072	-2144.455	-2296.741	152.2861	1.078537	0.2783967	0.556329	0.443671	4.670341
21078	-2147.886	-2300.994	153.1084	1.032494	0.4585239	0.603718	0.396282	4.022248
21084	-2143.385	-2298.047	154.6619	1.192413	0.3793772	0.75222	0.24778	3.111133
21090	-2142.055	-2294.956	152.9011	0.9853212	0.298149	0.65433	0.34567	4.350378
21096	-2144.7	-2297.327	152.6272	1.045951	0.4447689	0.68909	0.31091	4.301902
21102	-2134.231	-2288.416	154.185	1.304356	0.2560688	0.628428	0.371572	3.490354
21108	-2142.619	-2296.287	153.6684	1.162138	0.2647192	0.703795	0.296205	3.858954
21114	-2134.193	-2286.93	152.7364	1.10656	0.4323732	0.565806	0.434194	4.218405
21120	-2136.32	-2289.268	152.9484	1.074282	0.4096806	0.705242	0.294758	4.14033
21126	-2137.119	-2290.348	153.2297	0.9302113	0.3415601	0.638055	0.361945	4.14033
21132	-2129.202	-2282.085	152.8823	0.9982216	0.4092461	0.706321	0.293679	4.221552
21138	-2134.21	-2286.485	152.2755	1.175182	0.2561253	0.648275	0.351725	4.653442
21144	-2128.486	-2281.955	153.4692	1.237115	0.2823008	0.563163	0.436837	3.905297
21150	-2132.467	-2285.645	153.1783	1.308073	0.2702217	0.587859	0.412141	4.048083
21156	-2140.949	-2295.201	154.2515	1.308073	0.2702217	0.618435	0.381565	3.42838
21162	-2134.227	-2288.602	154.3744	1.219366	0.3107712	0.659249	0.340751	3.351706
21168	-2136.122	-2290.211	154.0888	1.255716	0.1848134	0.57062	0.42938	3.691722
21174	-2130.962	-2284.714	153.7516	1.051879	0.2153637	0.666875	0.333125	3.950408
21180	-2146.592	-2298.513	151.9209	0.9135223	0.2551523	0.747339	0.252661	4.998572
21186	-2160.046	-2311.2	151.1544	1.185948	0.4627767	0.63759	0.36241	5.030646
21192	-2148.626	-2304.715	156.0899	1.376191	0.2706563	0.584608	0.415392	2.267989
21198	-2134.598	-2290.161	155.5634	1.468275	0.4845259	0.645256	0.354744	2.267989
21204	-2128.087	-2283.15	155.0627	1.430152	0.2839349	0.603351	0.396649	2.853118
21210	-2135.234	-2291.573	156.3389	1.461699	0.3782897	0.585572	0.414428	1.889788
21216	-2148.823	-2304.182	155.359	1.627107	0.5607559	0.628953	0.371047	2.218611
21222	-2145.563	-2302.114	156.5504	1.588706	0.3512017	0.579157	0.420843	1.693513
21228	-2143.713	-2300.099	156.386	1.588706	0.4353256	0.535544	0.464456	1.693513
21234	-2137.873	-2292.629	154.756	1.254796	0.4190648	0.496888	0.503112	2.971608
21240	-2130.49	-2285.001	154.5104	1.26836	0.5565377	0.679503	0.320497	2.971608
21246	-2132.15	-2287.542	155.3914	1.353656	0.4237661	0.619824	0.380176	2.517107
21252	-2121.337	-2276.606	155.2694	1.291143	0.4046353	0.660913	0.339087	2.653863
21258	-2127.628	-2282.753	155.1255	1.367648	0.4004031	0.660913	0.339087	2.700291
21264	-2121.935	-2274.717	152.7821	1.136279	0.3384282	0.739279	0.260721	4.281156
21270	-2123.274	-2276.692	153.4181	1.215252	0.2641483	0.653461	0.346539	3.972774
21276	-2127.574	-2278.97	151.3953	1.11652	0.333868	0.669016	0.330984	5.074371
21282	-2124.572	-2279.554	154.9823	1.192178	0.2755583	0.651833	0.348167	3.056979
21288	-2122.471	-2276.228	153.7575	1.192178	0.3592876	0.651833	0.348167	3.665899
21294	-2118.056	-2272.118	154.0617	1.261629	0.2700398	0.642552	0.357448	3.566506
21300	-2125.073	-2279.203	154.1297	1.311934	0.2250897	0.600849	0.399151	3.566506
21306	-2189.748	-2345.784	156.0365	1.481303	0.2625897	0.643983	0.356017	2.247767
21312	-2121.85	-2275.174	153.3234	1.068312	0.2416614	0.642735	0.357265	4.143887
21318	-2127.719	-2281.025	153.3057	1.079586	0.2440632	0.620527	0.379473	4.143887
21324	-2124.15	-2278.17	154.0199	1.268229	0.3602855	0.612073	0.387927	3.467891
21330	-2134.834	-2288.807	153.9729	1.320898	0.5078904	0.566099	0.433901	3.305923
21336	-2127.703	-2282.75	155.0468	1.285275	0.4079017	0.645909	0.354091	2.789941
21342	-2124.996	-2280.887	155.8911	1.522422	0.3474268	0.582684	0.417316	2.188468
21348	-2121.998	-2277.908	155.9102	1.546422	0.3274645	0.762511	0.237489	2.188468
21354	-2124.085	-2279.638	155.5529	1.709844	0.5950945	0.632731	0.367269	2.003675
21360	-2127.024	-2284.178	157.1542	1.701041	0.258605	0.55848	0.44152	1.316772
21366	-2138.808	-2294.818	156.0096	1.701041	0.3479304	0.602451	0.397549	1.992443
21372	-2117.968	-2273.551	155.5832	1.561251	0.5778609	0.58078	0.41922	2.09873
21378	-2118.01	-2273.816	155.806	1.617042	0.3763526	0.58078	0.41922	2.143518
21384	-2132.12	-2285.573	153.4528	1.158542	0.300041	0.670891	0.329109	3.93558
21390	-2132.885	-2286.884	153.9993	1.255861	0.300041	0.686498	0.313502	3.564116
21396	-2131.808	-2285.501	153.6934	1.220952	0.4613398	0.729429	0.270571	3.573973
21402	-2145.288	-2297.848	152.5594	0.9267737	0.3148571	0.652914	0.347086	4.55414
21408	-2133.905	-2287.367	153.4617	1.101013	0.4769273	0.613608	0.386392	3.761928
21414	-2144.763	-2298.393	153.6302	1.071999	0.3999937	0.494967	0.505033	3.761928
21420	-2129.84	-2281.426	151.5859	1.076836	0.2820707	0.577019	0.422981	5.056533
21426	-2127.341	-2280.615	153.2741	1.024485	0.3639046	0.479703	0.520297	4.034624
21432	-2131.347	-2282.263	150.9167	1.024485	0.2699867	0.596633	0.403367	5.471596
21438	-2132.753	-2285.807	153.0544	0.8648523	0.3661177	0.593146	0.406854	4.247759
21444	-2132.899	-2284.64	151.7411	0.9191951	0.4764309	0.669719	0.330281	4.839474
21450	-2138.361	-2291.025	152.6642	0.9304156	0.4116943	0.576525	0.423475	4.380699
21456	-2131.037	-2284.858	153.8212	1.032488	0.4271257	0.609619	0.390381	3.644771
21462	-2124.363	-2278.453	154.0901	1.032488	0.2973094	0.704414	0.295586	3.644771
21468	-2139.814	-2292.787	152.9733	1.078057	0.4502154	0.647372	0.352628	4.081694
21474	-2137.836	-2291.947	154.1105	1.09765	0.3424055	0.697193	0.302807	3.536435
21480	-2136.243	-2289.297	153.0543	1.11919	0.3424055	0.591584	0.408416	4.131535
21486	-2149.226	-2302.579	153.3533	1.028642	0.4609739	0.591584	0.408416	3.881803
21492	-2139.758	-2292.075	152.3176	1.122774	0.4921028	0.727771	0.272229	4.387149
21498	-2135.101	-2288.859	153.758	1.06401	0.3524301	0.572472	0.427528	3.747947
21504	-2133.866	-2288.166	154.3009	1.085673	0.413468	0.646605	0.353395	3.348742
21510	-2132.749	-2287.824	155.075	1.189324	0.3962605	0.648362	0.351638	2.844732
21516	-2134.769	-2288.586	153.8169	1.189324	0.2798914	0.668121	0.331879	3.736144
21522	-2136.311	-2289.519	153.2082	1.021805	0.371163	0.614087	0.385913	4.065308
21528	-2134.389	-2287.811	153.4223	1.021805	0.2750772	0.598928	0.401072	4.065308
21534	-2143.921	-2296.554	152.6329	1.038423	0.5069818	0.598928	0.401072	4.242597
21540	-2145.676	-2299.049	153.3732	0.9226758	0.3385474	0.465642	0.534358	4.066552
21546	-2151.348	-2304.252	152.9046	0.9130113	0.3039304	0.576082	0.423918	4.381588
21552	-2133.866	-2286.982	153.1153	0.9215177	0.3887199	0.643748	0.356252	4.155311
21558	-2123.794	-2279.045	155.251	1.214025	0.364206	0.578464	0.421536	2.761534
21564	-2121.68	-2275.729	154.0499	1.155981	0.443964	0.563158	0.436842	3.421834
21570	-2144.645	-2298.899	154.2543	1.190572	0.5386297	0.654273	0.345727	3.187519
21576	-2150.574	-2305.876	155.3027	1.395178	0.3886723	0.654273	0.345727	2.588107
21582	-2123.008	-2278.605	155.5972	1.513536	0.3886723	0.523684	0.476316	2.328882
21588	-2122.123	-2278.386	156.2638	1.513536	0.4094245	0.567081	0.432919	1.864328
21594	-2133.006	-2288.568	155.5618	1.617525	0.6995576	0.552503	0.447497	1.963188
21600	-2148.103	-2303.605	155.5022	1.360863	0.4488477	0.698481	0.301519	2.414532
